phi,eta,subsystem,sumX0,sumLambdaI
0,-1.1,EMCAL,27.0223327948714,1.20278701957237
0,-1.1,IHCAL,1.95977628493934,0.519959468500828
0,-1.1,INTT,0.0907933833479494,0.0374195022722466
0,-1.1,MAGNET,0.733221302731839,0.167709679571789
0,-1.1,MVTX,0.024860200775084,0.0110602751134715
0,-1.1,OHCAL,30.5870393307475,3.52849657917911
0,-1.1,OTHER,2.8723338410676e-25,5.17377114150068e-25
0,-1.1,PIPE,0.00357551251496616,0.00320018141628216
0,-1.1,TPC,0.0641121137166163,0.0239302716074812
0,-1.08,EMCAL,19.9915173961331,0.922985905925997
0,-1.08,IHCAL,1.92893335593668,0.511776308922472
0,-1.08,INTT,0.0893644209030688,0.036830570992439
0,-1.08,MAGNET,1.21049249291312,0.276875900023819
0,-1.08,MVTX,0.0224913341714595,0.00983262495991664
0,-1.08,OHCAL,35.6444309686409,4.05850434501517
0,-1.08,OTHER,2.6649368670924e-25,4.80019879992751e-25
0,-1.08,PIPE,0.00351923888668306,0.00314981498106356
0,-1.08,TPC,0.0675854997616286,0.0247592835811623
0,-1.06,EMCAL,26.2748431458896,1.16407332047424
0,-1.06,IHCAL,1.87324599861913,0.48840519013311
0,-1.06,INTT,0.087971205418091,0.0362563724321093
0,-1.06,MAGNET,1.2680231658112,0.290034888560211
0,-1.06,MVTX,0.0221406881903315,0.00967933167816423
0,-1.06,OHCAL,40.7609808995861,4.59811349873245
0,-1.06,OTHER,2.58909328155412e-25,4.66358607458357e-25
0,-1.06,PIPE,0.00346437300087845,0.00310070851383548
0,-1.06,TPC,0.0665318235460036,0.024373279655509
0,-1.04,EMCAL,20.530936100827,0.931434026075431
0,-1.04,IHCAL,1.84432891429985,0.480865718433419
0,-1.04,INTT,0.0866131795882454,0.0356966769041771
0,-1.04,MAGNET,1.1943819306564,0.273190931756083
0,-1.04,MVTX,0.0217988987796929,0.00952991025814259
0,-1.04,OHCAL,48.3825966293032,5.47072859014622
0,-1.04,OTHER,2.49623214304332e-25,4.49632060156477e-25
0,-1.04,PIPE,0.00341089291046644,0.00305284237135626
0,-1.04,TPC,0.0655047609469089,0.0239970253667002
0,-1.02,EMCAL,24.8966715491966,1.11056691149869
0,-1.02,IHCAL,1.84098368040295,0.488441838012966
0,-1.02,INTT,0.0852898001850929,0.0351512605229687
0,-1.02,MAGNET,0.922726087358245,0.211055101463656
0,-1.02,MVTX,0.0226411516900277,0.0100104596597951
0,-1.02,OHCAL,50.2011796315064,5.65965210641787
0,-1.02,OTHER,2.30457522741909e-25,4.15109992945894e-25
0,-1.02,PIPE,0.00335877722269777,0.00300619740653067
0,-1.02,TPC,0.06450390112561,0.0236303702080038
0,-1,EMCAL,20.5912396697546,0.874941403343865
0,-1,IHCAL,1.81315492456046,0.481058431897557
0,-1,INTT,0.0840005378392269,0.0346199051146592
0,-1,MAGNET,1.18818563123706,0.271773652434988
0,-1,MVTX,0.0211413462766534,0.00924244544593746
0,-1,OHCAL,49.56222536568,5.47607032700732
0,-1,OTHER,2.244188417376e-25,4.04232861232956e-25
0,-1,PIPE,0.00330800509060254,0.00296075496075091
0,-1,TPC,0.0635288437248076,0.0232731675124644
0,-0.98,EMCAL,20.1634022691538,0.895795968748762
0,-0.98,IHCAL,1.76195290969603,0.459388254881956
0,-0.98,INTT,0.0827448768285189,0.0341023981300005
0,-0.98,MAGNET,1.8834638685641,0.430804616157549
0,-0.98,MVTX,0.0208253201544842,0.00910428706399627
0,-0.98,OHCAL,48.7856866967972,5.39848029369954
0,-0.98,OTHER,2.22230753084619e-25,4.00291581926917e-25
0,-0.98,PIPE,0.0032585562046508,0.00291649685643265
0,-0.98,TPC,0.0625791987085747,0.0229252743942449
0,-0.96,EMCAL,20.5941949087911,0.89845074640818
0,-0.96,IHCAL,1.7359190192251,0.452600552037597
0,-0.96,INTT,0.0815223148718218,0.0335985325592983
0,-0.96,MAGNET,2.50892964379446,0.57386737818612
0,-0.96,MVTX,0.0228259070266173,0.0101995192308193
0,-0.96,OHCAL,49.2720119055989,5.40816328151646
0,-0.96,OTHER,2.19721560530659e-25,3.95771916476287e-25
0,-0.96,PIPE,0.00321041078462898,0.00287340538974417
0,-0.96,TPC,0.0616545862062171,0.0225865516914565
0,-0.94,EMCAL,19.4164204899695,0.887766938048493
0,-0.94,IHCAL,1.73397882165649,0.460051711870231
0,-0.94,INTT,0.0803323629280523,0.0331081068496065
0,-0.94,MAGNET,2.69651175878838,0.616773027928999
0,-0.94,MVTX,0.0202181360449655,0.00883884200035505
0,-0.94,OHCAL,44.9667604245787,4.91871929103836
0,-0.94,OTHER,2.23635791181541e-25,4.02822396922941e-25
0,-0.94,PIPE,0.00316354957172704,0.00283146332352414
0,-0.94,TPC,0.0607546363604141,0.0222568639105028
0,-0.92,EMCAL,24.0440573582324,1.06233967833704
0,-0.92,IHCAL,1.70898349944127,0.453420199125869
0,-0.92,INTT,0.0791745450005663,0.0326309248241016
0,-0.92,MAGNET,2.65764735169011,0.607883573630666
0,-0.92,MVTX,0.0202787335645375,0.00895284424627393
0,-0.92,OHCAL,44.3040109528669,4.84443974002802
0,-0.92,OTHER,2.31843434902252e-25,4.17606357483093e-25
0,-0.92,PIPE,0.003117953820835,0.00279065388038687
0,-0.92,TPC,0.0598789891792279,0.0219360791718754
0,-0.9,EMCAL,19.4471404902864,0.883495987005126
0,-0.9,IHCAL,1.66195493354796,0.433315854550508
0,-0.9,INTT,0.0780483979467552,0.0321667956036113
0,-0.9,MAGNET,2.495078397449,0.570699183157399
0,-0.9,MVTX,0.0196433052665511,0.00858754096963465
0,-0.9,OHCAL,43.6738152656442,4.77553088840611
0,-0.9,OTHER,2.39826567288947e-25,4.31985918580945e-25
0,-0.9,PIPE,0.00307360529304457,0.00275096073601096
0,-0.9,TPC,0.0590272943921106,0.0216240691574018
0,-0.88,EMCAL,24.6692466578584,1.08053308630808
0,-0.88,IHCAL,1.63864411744689,0.427237962574199
0,-0.88,INTT,0.076953471292782,0.0317155335302586
0,-0.88,MAGNET,2.2992363589791,0.525904241444576
0,-0.88,MVTX,0.0216294379857634,0.00967200223376141
0,-0.88,OHCAL,42.021910108969,4.59951065682452
0,-0.88,OTHER,2.47588381701024e-25,4.45966832232668e-25
0,-0.88,PIPE,0.00303048624835328,0.0027123680126094
0,-0.88,TPC,0.0581992113097912,0.0213207090589158
0,-0.86,EMCAL,19.1121138201945,0.869454656695103
0,-0.86,IHCAL,1.63808534229514,0.434609316028043
0,-0.86,INTT,0.0758893270533861,0.0312769580931976
0,-0.86,MAGNET,2.26744157330779,0.518631821375598
0,-0.86,MVTX,0.0210116729572161,0.00936848388073879
0,-0.86,OHCAL,41.4408167425118,4.5359070349229
0,-0.86,OTHER,2.5513198296774e-25,4.59554690990137e-25
0,-0.86,PIPE,0.00298857943856839,0.0026748602725783
0,-0.86,TPC,0.0573944086879878,0.0210258775283325
0,-0.84,EMCAL,23.3357140363732,1.03647168951106
0,-0.84,IHCAL,1.66172536392557,0.439200110910148
0,-0.84,INTT,0.0748555395566825,0.0308508938564055
0,-0.84,MAGNET,2.23655379449875,0.511566860950352
0,-0.84,MVTX,0.018839723211326,0.00823623584414441
0,-0.84,OHCAL,40.8763001365599,4.47411782385729
0,-0.84,OTHER,2.62460388630184e-25,4.72754930178028e-25
0,-0.84,PIPE,0.0029478681004072,0.00263842251232154
0,-0.84,TPC,0.056612564594944,0.020739456629111
0,-0.82,EMCAL,18.9307938486254,0.806539117586531
0,-0.82,IHCAL,1.67062132087199,0.440442142742128
0,-0.82,INTT,0.0738516952738889,0.0304371703885067
0,-0.82,MAGNET,2.06123529587853,0.471466267695552
0,-0.82,MVTX,0.0185870745957779,0.00812578445587242
0,-0.82,OHCAL,40.3281332599988,4.41411817944816
0,-0.82,OTHER,2.69576530148336e-25,4.85572830068022e-25
0,-0.82,PIPE,0.00290833594879159,0.00260304015624911
0,-0.82,TPC,0.0558533662825748,0.0204613317890701
0,-0.8,EMCAL,19.6139758996966,0.85945835974168
0,-0.8,IHCAL,1.55184846768885,0.404608029147195
0,-0.8,INTT,0.0728773926539071,0.0300356221945977
0,-0.8,MAGNET,1.88366465281372,0.430850541531021
0,-0.8,MVTX,0.0197939330575785,0.00879218187017592
0,-0.8,OHCAL,39.7960993470755,4.35588436418738
0,-0.8,OTHER,2.76483254073685e-25,4.98013517990983e-25
0,-0.8,PIPE,0.00286996717033381,0.00256869905094685
0,-0.8,TPC,0.0551165100614327,0.0201913917545653
0,-0.78,EMCAL,18.5495849508492,0.828582513058431
0,-0.78,IHCAL,1.53172257464989,0.399360671839823
0,-0.78,INTT,0.0719322419626985,0.0296460886500467
0,-0.78,MAGNET,1.78069037045153,0.407297237999396
0,-0.78,MVTX,0.0181039845090047,0.00791459006389538
0,-0.78,OHCAL,39.279984298494,4.29939294962893
0,-0.78,OTHER,2.83183323187892e-25,5.10081970387958e-25
0,-0.78,PIPE,0.00283274641701092,0.00253538545951475
0,-0.78,TPC,0.0544017011792265,0.0199295285459862
0,-0.76,EMCAL,18.4637149120535,0.843160587697116
0,-0.76,IHCAL,1.53288769179955,0.406698868228851
0,-0.76,INTT,0.0710158651273843,0.0292684139362423
0,-0.76,MAGNET,1.75800536353634,0.402108497264974
0,-0.76,MVTX,0.0203106768820675,0.00911226037267359
0,-0.76,OHCAL,38.7795822657403,4.24462140186079
0,-0.76,OTHER,2.89679417607939e-25,5.21783014800821e-25
0,-0.76,PIPE,0.00279665880002528,0.00250308605607204
0,-0.76,TPC,0.0537086537028572,0.0196756374145559
0,-0.74,EMCAL,22.650288699732,1.00352037854985
0,-0.74,IHCAL,1.51372084601369,0.401613603071321
0,-0.74,INTT,0.0701278955850119,0.0289024469782631
0,-0.74,MAGNET,1.73602358220695,0.397080605290977
0,-0.74,MVTX,0.0176498646598353,0.0077160607045565
0,-0.74,OHCAL,44.1488738755451,4.80571739129738
0,-0.74,OTHER,2.95974135858209e-25,5.33121331803353e-25
0,-0.74,PIPE,0.00276168988384888,0.00247178792042664
0,-0.74,TPC,0.0530370904040731,0.0194296168004347
0,-0.72,EMCAL,18.6422329803174,0.844447929530396
0,-0.72,IHCAL,1.49515950485313,0.396688987818736
0,-0.72,INTT,0.0692679781359245,0.0285480413844463
0,-0.72,MAGNET,1.71473623345773,0.392211550853575
0,-0.72,MVTX,0.0213645294662541,0.00971575243849502
0,-0.72,OHCAL,43.7025523461684,4.80392088724254
0,-0.72,OTHER,3.02069995909932e-25,5.44101456873534e-25
0,-0.72,PIPE,0.00272782568044915,0.00244147853290711
0,-0.72,TPC,0.0523867426486424,0.0191913682921008
0,-0.7,EMCAL,22.5794399996409,0.995458274538654
0,-0.7,IHCAL,1.45726920772316,0.379948692758406
0,-0.7,INTT,0.0684357688016769,0.0282050553878288
0,-0.7,MAGNET,1.69413480206535,0.387499386266071
0,-0.7,MVTX,0.0172239883596269,0.00752987868852566
0,-0.7,OHCAL,44.4430381302395,4.87897469019655
0,-0.7,OTHER,3.0796943618841e-25,5.54727782207796e-25
0,-0.7,PIPE,0.00269505264369304,0.00241214576935418
0,-0.7,TPC,0.0517573502887699,0.018960796586972
0,-0.68,EMCAL,18.6580156747081,0.781059562967216
0,-0.68,IHCAL,1.44013119173213,0.375480354798913
0,-0.68,INTT,0.0676309346874391,0.027873351789439
0,-0.68,MAGNET,1.67421104718257,0.382942226599802
0,-0.68,MVTX,0.0197743247470441,0.00890794374671315
0,-0.68,OHCAL,42.6662225304887,4.68828453352074
0,-0.68,OTHER,3.13674816548414e-25,5.6500455847796e-25
0,-0.68,PIPE,0.00266335766392892,0.00238377789627137
0,-0.68,TPC,0.0511486615591068,0.0187378094532907
0,-0.66,EMCAL,18.4074496680666,0.805618609301614
0,-0.66,IHCAL,1.44303545628539,0.382859659364415
0,-0.66,INTT,0.066853153848834,0.0275527979034145
0,-0.66,MAGNET,1.65495699904176,0.378538248930136
0,-0.66,MVTX,0.0171136343230333,0.00750915827810575
0,-0.66,OHCAL,42.1790213992725,4.63644946254851
0,-0.66,OTHER,3.1918841921816e-25,5.74935896531558e-25
0,-0.66,PIPE,0.00263272806274228,0.00235636356613119
0,-0.66,TPC,0.0505604329760717,0.0185223176932327
0,-0.64,EMCAL,18.1445179831553,0.806276383923483
0,-0.64,IHCAL,1.42682426555685,0.378558575944182
0,-0.64,INTT,0.0661021151631557,0.027243265503927
0,-0.64,MAGNET,1.63636495576696,0.374285691607287
0,-0.64,MVTX,0.0166366518861847,0.00727311049395738
0,-0.64,OHCAL,41.7051754759326,4.58436284346621
0,-0.64,OTHER,3.24512449712231e-25,5.84525769036232e-25
0,-0.64,PIPE,0.00260315158788422,0.00232989181283605
0,-0.64,TPC,0.0499924292403622,0.0183142351072184
0,-0.62,EMCAL,18.3049555379961,0.829164018598361
0,-0.62,IHCAL,1.36271275707723,0.356237111735345
0,-0.62,INTT,0.065377518204916,0.0269446307738894
0,-0.62,MAGNET,1.61842748029296,0.370182853551622
0,-0.62,MVTX,0.0164542845395079,0.00719338424423214
0,-0.62,OHCAL,41.2480173121601,4.53411056918806
0,-0.62,OTHER,3.29649037713815e-25,5.9377801206885e-25
0,-0.62,PIPE,0.00257461640837049,0.00230435204733169
0,-0.62,TPC,0.0494444231429109,0.0181134784594388
0,-0.6,EMCAL,21.7418055505873,0.957761433212477
0,-0.6,IHCAL,1.3772746984076,0.359091990146682
0,-0.6,INTT,0.0646790731256701,0.0266567742554279
0,-0.6,MAGNET,1.60113739739039,0.366228093573216
0,-0.6,MVTX,0.0162784991260405,0.0071165354441177
0,-0.6,OHCAL,40.8073563739846,4.48567173403037
0,-0.6,OTHER,3.34600237926599e-25,6.02696326649989e-25
0,-0.6,PIPE,0.00254711110974881,0.0022797340533714
0,-0.6,TPC,0.0489161954740225,0.0179199674445628
0,-0.58,EMCAL,18.844637683597,0.842822859600855
0,-0.58,IHCAL,1.38159036797785,0.366557312664458
0,-0.58,INTT,0.0640065005380736,0.026379580802097
0,-0.58,MAGNET,1.58448779079557,0.362419829715345
0,-0.58,MVTX,0.0198180882105129,0.00901844799012847
0,-0.58,OHCAL,40.3796328922924,4.43699455048361
0,-0.58,OTHER,3.39368030896686e-25,6.11284280224397e-25
0,-0.58,PIPE,0.0025206246895329,0.00225602798342925
0,-0.58,TPC,0.0484075349355229,0.0177336246555982
0,-0.56,EMCAL,21.5286108035209,0.947103627183737
0,-0.56,IHCAL,1.33040392464366,0.34048538059578
0,-0.56,INTT,0.0633595314041238,0.0261129395328193
0,-0.56,MAGNET,1.56847200044385,0.35875653862169
0,-0.56,MVTX,0.0159463954374297,0.00697134836926383
0,-0.56,OHCAL,39.9748271080877,4.39415754008836
0,-0.56,OTHER,3.43954323804836e-25,6.19545308088008e-25
0,-0.56,PIPE,0.00249514655280166,0.00223322435476133
0,-0.56,TPC,0.0479182380564591,0.0175543755529494
0,-0.54,EMCAL,18.365034535779,0.777855886682439
0,-0.54,IHCAL,1.33954508761467,0.350481332155059
0,-0.54,INTT,0.0627379069275406,0.025856743787532
0,-0.54,MAGNET,1.55308361980554,0.355236754926967
0,-0.54,MVTX,0.0157899443163827,0.00690295201775859
0,-0.54,OHCAL,40.2243158311692,4.41836609912202
0,-0.54,OTHER,3.48360951229363e-25,6.27482714762119e-25
0,-0.54,PIPE,0.00247066650796057,0.002211314045612
0,-0.54,TPC,0.0474481091115174,0.0173821484345814
0,-0.52,EMCAL,18.4874565840068,0.814640289182692
0,-0.52,IHCAL,1.32448823415283,0.345754656851928
0,-0.52,INTT,0.062141378450245,0.0256108910845208
0,-0.52,MAGNET,1.53831649332322,0.351859070670768
0,-0.52,MVTX,0.0178279758987169,0.00800307323260443
0,-0.52,OHCAL,39.5190407115929,4.34248852005945
0,-0.52,OTHER,3.52589675879992e-25,6.3509967531523e-25
0,-0.52,PIPE,0.00244717476266532,0.00219028829156549
0,-0.52,TPC,0.0469969600428763,0.0172168744073528
0,-0.5,EMCAL,20.0642038617437,0.889811475801847
0,-0.5,IHCAL,1.31230365365852,0.342573897073796
0,-0.5,INTT,0.0615697073528923,0.0253752830794266
0,-0.5,MAGNET,1.52416471394938,0.348622134734355
0,-0.5,MVTX,0.0154959305830999,0.00677441687838462
0,-0.5,OHCAL,39.4716288838022,4.33382718187305
0,-0.5,OTHER,3.56642189302968e-25,6.42399236633124e-25
0,-0.5,PIPE,0.00242466191990456,0.00217013868203984
0,-0.5,TPC,0.0465646103848869,0.0170584873594485
0,-0.48,EMCAL,18.5886522052081,0.832669212368979
0,-0.48,IHCAL,1.31718421215214,0.349469347694769
0,-0.48,INTT,0.0610226649594211,0.0251498255259057
0,-0.48,MAGNET,1.51062262078359,0.345524652300192
0,-0.48,MVTX,0.0153582503614504,0.00671422667474629
0,-0.48,OHCAL,38.5004366931558,4.23208801964131
0,-0.48,OTHER,3.60520112557694e-25,6.49384318637659e-25
0,-0.48,PIPE,0.00240311897424101,0.00215085715692255
0,-0.48,TPC,0.0461508871919212,0.0169069239339376
0,-0.46,EMCAL,19.9745944875776,0.889102176035249
0,-0.46,IHCAL,1.30773705218921,0.347578304504253
0,-0.46,INTT,0.06050003244558,0.0249344282379306
0,-0.46,MAGNET,1.49768479680802,0.342565384334006
0,-0.46,MVTX,0.0152267136447248,0.00665672225130207
0,-0.46,OHCAL,38.1706993450941,4.19584225190709
0,-0.46,OTHER,3.64224996865178e-25,6.56057715454769e-25
0,-0.46,PIPE,0.00238253730820921,0.00213243600334655
0,-0.46,TPC,0.0457556249691856,0.0167621235034288
0,-0.44,EMCAL,18.7189071816547,0.817546145089739
0,-0.44,IHCAL,1.28069984741385,0.334941916560577
0,-0.44,INTT,0.060001600751395,0.0247290050537143
0,-0.44,MAGNET,1.48534606672057,0.339743147089153
0,-0.44,MVTX,0.0151012678164827,0.00660188060551586
0,-0.44,OHCAL,37.85438299087,4.16016454447426
0,-0.44,OTHER,3.67758324228543e-25,6.62422096532165e-25
0,-0.44,PIPE,0.00236290868886823,0.00211486785260471
0,-0.44,TPC,0.0453786656065209,0.0166240281458195
0,-0.42,EMCAL,18.4608547491093,0.791379066517113
0,-0.42,IHCAL,1.27057348039756,0.332293561483762
0,-0.42,INTT,0.0595271704975425,0.0245334738012438
0,-0.42,MAGNET,1.47360149486468,0.337056811633105
0,-0.42,MVTX,0.0149818626967201,0.00654967979999808
0,-0.42,OHCAL,37.5550719354778,4.12727050351495
0,-0.42,OTHER,3.71121508025845e-25,6.68480007707133e-25
0,-0.42,PIPE,0.00234422526450869,0.00209814567720254
0,-0.42,TPC,0.0450198583151496,0.0164925826211244
0,-0.4,EMCAL,18.4983084241965,0.81498601183832
0,-0.4,IHCAL,1.27696806595609,0.339400327956496
0,-0.4,INTT,0.0590765519055954,0.0243477562654112
0,-0.4,MAGNET,1.46244638325502,0.334505303395861
0,-0.4,MVTX,0.0148684505217971,0.00650009895373056
0,-0.4,OHCAL,37.2725930736471,4.09711962857607
0,-0.4,OTHER,3.74315893575447e-25,6.7423387222492e-25
0,-0.4,PIPE,0.00232647956151174,0.00208226278804693
0,-0.4,TPC,0.0446790595673893,0.0163677343493832
0,-0.38,EMCAL,18.437120274468,0.82935456766145
0,-0.38,IHCAL,1.26773860589268,0.336947263297116
0,-0.38,INTT,0.0586495647221083,0.0241717781567259
0,-0.38,MAGNET,1.45187626969821,0.332087601740105
0,-0.38,MVTX,0.0174881319010639,0.00790601844151139
0,-0.38,OHCAL,38.0877631614368,4.18128999879199
0,-0.38,OTHER,3.77342758674161e-25,6.79685991708051e-25
0,-0.38,PIPE,0.0023096644813595,0.00206721283177038
0,-0.38,TPC,0.0443561330391727,0.0162494333896197
0,-0.36,EMCAL,20.1238024742076,0.88982033123965
0,-0.36,IHCAL,1.2414631118347,0.324081117349987
0,-0.36,INTT,0.0582460381465147,0.0240054690815979
0,-0.36,MAGNET,1.44188692600789,0.329802739552939
0,-0.36,MVTX,0.0172888743978477,0.00780957024031318
0,-0.36,OHCAL,37.8256924122627,4.15251984187636
0,-0.36,OTHER,3.80203314108384e-25,6.84838547077014e-25
0,-0.36,PIPE,0.00229377329779573,0.00205298978818974
0,-0.36,TPC,0.0440509495556007,0.0161376324198748
0,-0.34,EMCAL,18.9063175971431,0.842599916136034
0,-0.34,IHCAL,1.23335897050685,0.321965547416767
0,-0.34,INTT,0.0578658107628039,0.0238487625141798
0,-0.34,MAGNET,1.43247435631339,0.327649802859023
0,-0.34,MVTX,0.0168053143270619,0.00756109798811107
0,-0.34,OHCAL,36.5086986258795,4.01315003628024
0,-0.34,OTHER,3.82898704138432e-25,6.89693599422659e-25
0,-0.34,PIPE,0.00227879965413517,0.00203958796789796
0,-0.34,TPC,0.0437633870392048,0.0160322867182691
0,-0.32,EMCAL,18.6509374914839,0.784837623462058
0,-0.32,IHCAL,1.22574818785603,0.319978767685244
0,-0.32,INTT,0.0575087304749526,0.023701595769755
0,-0.32,MAGNET,1.42363479546132,0.325627930454973
0,-0.32,MVTX,0.0165890371557102,0.00745446516887754
0,-0.32,OHCAL,36.281533700122,3.9872504777508
0,-0.32,OTHER,3.85430006956256e-25,6.94253090830659e-25
0,-0.32,PIPE,0.00226473756072064,0.0020270020099882
0,-0.32,TPC,0.04349333046115,0.015933354145118
0,-0.3,EMCAL,18.9093666033088,0.822075322726137
0,-0.3,IHCAL,1.23412489766253,0.327432403904322
0,-0.3,INTT,0.0571746544460846,0.0235639099796637
0,-0.3,MAGNET,1.41536470750949,0.323736313564868
0,-0.3,MVTX,0.016548468332996,0.00744088843386661
0,-0.3,OHCAL,36.0726481049417,3.96521793347206
0,-0.3,OTHER,3.87798235116734e-25,6.98518845158372e-25
0,-0.3,PIPE,0.0022515813925273,0.00201522687990949
0,-0.3,TPC,0.0432406717951926,0.0158407951260719
0,-0.28,EMCAL,19.2357167337271,0.853963862859761
0,-0.28,IHCAL,1.22740607636813,0.325649847959523
0,-0.28,INTT,0.056863449041334,0.0234356500677539
0,-0.28,MAGNET,1.40766078431244,0.321974195516731
0,-0.28,MVTX,0.0143114543976918,0.00625659476893194
0,-0.28,OHCAL,35.8763010502274,3.94363485942774
0,-0.28,OTHER,3.90004335942707e-25,7.02492568764406e-25
0,-0.28,PIPE,0.00223932588691246,0.00200425786745278
0,-0.28,TPC,0.0430053099744975,0.015754572636289
0,-0.26,EMCAL,19.71873615939,0.873997243121915
0,-0.26,IHCAL,1.20585219080539,0.314784773422783
0,-0.26,INTT,0.0565749897743892,0.0233167647283506
0,-0.26,MAGNET,1.40051994419818,0.320340871439847
0,-0.26,MVTX,0.0142388546571894,0.00622485605502972
0,-0.26,OHCAL,35.6943062596175,3.92362942465679
0,-0.26,OTHER,3.9204919190392e-25,7.06175851191187e-25
0,-0.26,PIPE,0.00222796614151046,0.00199409058486686
0,-0.26,TPC,0.0427871508512155,0.0156746521856257
0,-0.24,EMCAL,19.6340367013664,0.867578880401908
0,-0.24,IHCAL,1.20017976481796,0.313304210406743
0,-0.24,INTT,0.0563091612576976,0.0232072064057331
0,-0.24,MAGNET,1.39393933073545,0.318835687982808
0,-0.24,MVTX,0.0141719506484039,0.00619560736654869
0,-0.24,OHCAL,35.5248556338111,3.90415149541791
0,-0.24,OTHER,3.93933620970024e-25,7.09570165800796e-25
0,-0.24,PIPE,0.00221749761227168,0.00198472096510311
0,-0.24,TPC,0.0425861071587655,0.0156010018048335
0,-0.22,EMCAL,18.9667362352355,0.796601402224018
0,-0.22,IHCAL,1.1949933230043,0.311950321904825
0,-0.22,INTT,0.0560658571563077,0.0231069312751114
0,-0.22,MAGNET,1.38791631159112,0.317458043052161
0,-0.22,MVTX,0.0141107156088395,0.00616883700362349
0,-0.22,OHCAL,35.3713576437162,3.8872821965318
0,-0.22,OTHER,3.9565837693777e-25,7.12676870364337e-25
0,-0.22,PIPE,0.00220791611164483,0.0019761452601887
0,-0.22,TPC,0.042402098477007,0.01553359203278
0,-0.2,EMCAL,19.4048237534336,0.844859525050211
0,-0.2,IHCAL,1.20542169226912,0.319817071487127
0,-0.2,INTT,0.0558449801453352,0.0230158992250962
0,-0.2,MAGNET,1.38244847747722,0.316207385571565
0,-0.2,MVTX,0.0140551250436641,0.006144534257752
0,-0.2,OHCAL,35.2337284075342,3.87300127125789
0,-0.2,OTHER,3.97224149732544e-25,7.15497207605058e-25
0,-0.2,PIPE,0.00219921780690192,0.00196836003972732
0,-0.2,TPC,0.0422350512000193,0.015472395904658
0,-0.18,EMCAL,19.703344881791,0.872876083203723
0,-0.18,IHCAL,1.2011355945794,0.31867992602257
0,-0.18,INTT,0.0556464418710304,0.0229340738416539
0,-0.18,MAGNET,1.3775336411872,0.315083215261352
0,-0.18,MVTX,0.0140051567159103,0.00612268940751184
0,-0.18,OHCAL,35.1084665913933,3.85923210191134
0,-0.18,OTHER,3.98631565684339e-25,7.18032305695459e-25
0,-0.18,PIPE,0.00219139921860506,0.00196136218952698
0,-0.18,TPC,0.0420848985066366,0.0154173889411977
0,-0.16,EMCAL,19.5348809969546,0.866355565521622
0,-0.16,IHCAL,1.18229477767887,0.308635455236931
0,-0.16,INTT,0.0554701629154365,0.0228614223935399
0,-0.16,MAGNET,1.37316983672102,0.31408508243841
0,-0.16,MVTX,0.0139607906375808,0.00610329371467161
0,-0.16,OHCAL,34.9972486300082,3.84700667686267
0,-0.16,OTHER,3.99881187778302e-25,7.20283178708579e-25
0,-0.16,PIPE,0.00218445721921467,0.00195514891035428
0,-0.16,TPC,0.0419515803337958,0.0153685491388816
0,-0.14,EMCAL,19.1603279491867,0.844273850332228
0,-0.14,IHCAL,1.1790098761278,0.307777958735473
0,-0.14,INTT,0.0553160727646209,0.0227979158192064
0,-0.14,MAGNET,1.3693553184987,0.3132125878363
0,-0.14,MVTX,0.0139220090616526,0.00608633942069557
0,-0.14,OHCAL,34.8983265831174,3.83529648428422
0,-0.14,OTHER,4.00973515879934e-25,7.22250727023635e-25
0,-0.14,PIPE,0.00217838903183847,0.00194971771681474
0,-0.14,TPC,0.0418350433524617,0.0153258569611391
0,-0.12,EMCAL,19.2197578612059,0.821952867669437
0,-0.12,IHCAL,1.19115425998945,0.316031790161873
0,-0.12,INTT,0.0551841097804685,0.0227435287151768
0,-0.12,MAGNET,1.3660885606621,0.312465382445548
0,-0.12,MVTX,0.0138887964749784,0.00607181974364011
0,-0.12,OHCAL,34.8167719167681,3.82716811388897
0,-0.12,OTHER,4.01908986935038e-25,7.23935737686188e-25
0,-0.12,PIPE,0.00217319222912058,0.00194506643635851
0,-0.12,TPC,0.0417352409462549,0.0152892953305264
0,-0.1,EMCAL,19.468294734654,0.866391992216987
0,-0.1,IHCAL,1.18878169587428,0.315402334172951
0,-0.1,INTT,0.0550742211760262,0.0226982393258844
0,-0.1,MAGNET,1.36336825646451,0.311843167374035
0,-0.1,MVTX,0.0138611395920806,0.00605972887544077
0,-0.1,OHCAL,34.7474409718216,3.81954704027423
0,-0.1,OTHER,4.02687975144511e-25,7.25338884722968e-25
0,-0.1,PIPE,0.00216886473227064,0.00194119320841141
0,-0.1,TPC,0.0416521331929303,0.0152588496219082
0,-0.0800000000000001,EMCAL,19.4129301100003,0.863294409888279
0,-0.0800000000000001,IHCAL,1.17198060186835,0.305943040883488
0,-0.0800000000000001,INTT,0.0549863629943873,0.0226620295349696
0,-0.0800000000000001,MAGNET,1.361193317748,0.311345693727435
0,-0.0800000000000001,MVTX,0.0138390273498373,0.00605006197958907
0,-0.0800000000000001,OHCAL,34.6920094665691,3.81345383640357
0,-0.0800000000000001,OTHER,4.03310792114023e-25,7.26460729411502e-25
0,-0.0800000000000001,PIPE,0.00216540481023218,0.00193809648363057
0,-0.0800000000000001,TPC,0.0415856868482473,0.0152345076565926
0,-0.0600000000000001,EMCAL,18.4838291875369,0.821299734578866
0,-0.0600000000000001,IHCAL,1.17057619393471,0.305576442718764
0,-0.0600000000000001,INTT,0.0549205000911072,0.0226348848580332
0,-0.0600000000000001,MAGNET,1.35956287450808,0.310972762509658
0,-0.0600000000000001,MVTX,0.0138224509030567,0.00604281518919778
0,-0.0600000000000001,OHCAL,34.648009016319,3.80741611148095
0,-0.0600000000000001,OTHER,4.03777686978665e-25,7.27301720504621e-25
0,-0.0600000000000001,PIPE,0.00216281107899023,0.0019357750232848
0,-0.0600000000000001,TPC,0.0415358753327865,0.015216259697469
0,-0.04,EMCAL,19.6477594600769,0.819849633596243
0,-0.04,IHCAL,1.16964003389779,0.305332079619823
0,-0.04,INTT,0.0548766061201467,0.0226167944368425
0,-0.04,MAGNET,1.3584762745457,0.310724224543244
0,-0.04,MVTX,0.015884889940441,0.00714264547011747
0,-0.04,OHCAL,34.62029095744,3.80437034836249
0,-0.04,OTHER,4.0408884650261e-25,7.27862194409976e-25
0,-0.04,PIPE,0.00216108250101778,0.00193422789875905
0,-0.04,TPC,0.0415026787212617,0.0152040984451089
0,-0.02,EMCAL,20.8300899241297,0.903667271717062
0,-0.02,IHCAL,1.18404011108679,0.314144406071096
0,-0.02,INTT,0.0548546635233322,0.0226077510349878
0,-0.02,MAGNET,1.3579330832064,0.310599980409692
0,-0.02,MVTX,0.015876728258946,0.00713882514387162
0,-0.02,OHCAL,36.1833351936915,3.96949427884423
0,-0.02,OTHER,4.04244395153815e-25,7.28142375324603e-25
0,-0.02,PIPE,0.00216021838486057,0.00193345449118286
0,-0.02,TPC,0.187948345182267,0.0527913192378082
0,0,EMCAL,20.6055913514251,0.896558286171313
0,0,IHCAL,1.18403701332005,0.314143697519033
0,0,INTT,0.0548546635233322,0.0226077510349878
0,0,MAGNET,1.3579330832064,0.310599980409692
0,0,MVTX,0.0138058810844246,0.00603557129646017
0,0,OHCAL,36.1833353219662,3.96949429230168
0,0,OTHER,4.04244395153815e-25,7.28142375324603e-25
0,0,PIPE,0.00216021838486057,0.00193345449118286
0,0,TPC,0.187924809309173,0.0527778554410537
0,0.02,EMCAL,19.7814693182233,0.822941094661093
0,0.02,IHCAL,1.16959125352608,0.305303975509084
0,0.02,INTT,0.0548766061201467,0.0226167944368425
0,0.02,MAGNET,1.3584762745457,0.310724224543244
0,0.02,MVTX,0.0145060891555915,0.00640808268373
0,0.02,OHCAL,34.6227360378129,3.80583921342616
0,0.02,OTHER,4.0408884650261e-25,7.27862194409976e-25
0,0.02,PIPE,0.00216108250101778,0.00193422789875905
0,0.02,TPC,0.0415026787212617,0.0152040984451089
0,0.04,EMCAL,18.5672109771984,0.824419490283499
0,0.04,IHCAL,1.17052722622425,0.305548282203036
0,0.04,INTT,0.0549205000911072,0.0226348848580332
0,0.04,MAGNET,1.35956287450808,0.310972762509658
0,0.04,MVTX,0.0188841700637749,0.00873947055193316
0,0.04,OHCAL,34.6504577753019,3.80888633218956
0,0.04,OTHER,4.03777686978665e-25,7.27301720504621e-25
0,0.04,PIPE,0.00216281107899023,0.0019357750232848
0,0.04,TPC,0.0415358753327865,0.015216259697469
0,0.0599999999999998,EMCAL,19.6393046330367,0.869968425115116
0,0.0599999999999998,IHCAL,1.17193142678655,0.305914812596439
0,0.0599999999999998,INTT,0.0549863629943873,0.0226620295349696
0,0.0599999999999998,MAGNET,1.361193317748,0.311345693727435
0,0.0599999999999998,MVTX,0.014443623127115,0.00637216330392484
0,0.0599999999999998,OHCAL,34.6920137454559,3.81345428530705
0,0.0599999999999998,OTHER,4.03310792114023e-25,7.26460729411502e-25
0,0.0599999999999998,PIPE,0.00216540481023218,0.00193809648363057
0,0.0599999999999998,TPC,0.0415856868482473,0.0152345076565926
0,0.0799999999999998,EMCAL,19.3070119999186,0.862234613546072
0,0.0799999999999998,IHCAL,1.18877799034781,0.315401486608029
0,0.0799999999999998,INTT,0.0550742211760262,0.0226982393258844
0,0.0799999999999998,MAGNET,1.36336825646451,0.311843167374035
0,0.0799999999999998,MVTX,0.0138611395920806,0.00605972887544078
0,0.0799999999999998,OHCAL,34.7474469909269,3.81954767174624
0,0.0799999999999998,OTHER,4.02687975144511e-25,7.25338884722969e-25
0,0.0799999999999998,PIPE,0.00216886473227064,0.00194119320841141
0,0.0799999999999998,TPC,0.0416521331929303,0.0152588496219082
0,0.0999999999999999,EMCAL,19.753312984008,0.8370613931973
0,0.0999999999999999,IHCAL,1.19115039741054,0.316030906674353
0,0.0999999999999999,INTT,0.0551841097804685,0.0227435287151768
0,0.0999999999999999,MAGNET,1.3660885606621,0.312465382445548
0,0.0999999999999999,MVTX,0.0138887964749784,0.00607181974364012
0,0.0999999999999999,OHCAL,34.8167796878439,3.82716892916245
0,0.0999999999999999,OTHER,4.01908986935039e-25,7.23935737686188e-25
0,0.0999999999999999,PIPE,0.0021731922291206,0.00194506643635853
0,0.0999999999999999,TPC,0.0417352409462762,0.0152892953305283
0,0.12,EMCAL,19.6908215140337,0.859464100921987
0,0.12,IHCAL,1.17895995607162,0.307749458231987
0,0.12,INTT,0.0553160727646209,0.0227979158192064
0,0.12,MAGNET,1.3693553184987,0.3132125878363
0,0.12,MVTX,0.0139220090616526,0.00608633942069559
0,0.12,OHCAL,34.9000395723174,3.83632110638129
0,0.12,OTHER,4.00973515879934e-25,7.22250727023635e-25
0,0.12,PIPE,0.00217838903183847,0.00194971771681474
0,0.12,TPC,0.041835043352467,0.0153258569611396
0,0.14,EMCAL,19.6487293163942,0.869603068282272
0,0.14,IHCAL,1.18224456740898,0.308606840767921
0,0.14,INTT,0.0554701629154366,0.0228614223935399
0,0.14,MAGNET,1.37316983672102,0.31408508243841
0,0.14,MVTX,0.0139607906375807,0.00610329371467161
0,0.14,OHCAL,34.997257597448,3.84700761764823
0,0.14,OTHER,3.99881187778302e-25,7.20283178708579e-25
0,0.14,PIPE,0.00218445721921469,0.0019551489103543
0,0.14,TPC,0.0419515803338015,0.0153685491388822
0,0.16,EMCAL,19.6554892694042,0.871206204087879
0,0.16,IHCAL,1.20113124467351,0.318678931068767
0,0.16,INTT,0.0556464418710304,0.0229340738416539
0,0.16,MAGNET,1.3775336411872,0.315083215261352
0,0.16,MVTX,0.0140051567159103,0.00612268940751182
0,0.16,OHCAL,35.108473748396,3.85923285276162
0,0.16,OTHER,3.98631565684339e-25,7.18032305695459e-25
0,0.16,PIPE,0.00219139921860506,0.00196136218952698
0,0.16,TPC,0.0420848985066366,0.0154173889411977
0,0.18,EMCAL,19.8214952676619,0.855513799037056
0,0.18,IHCAL,1.20541717369856,0.319816037954662
0,0.18,INTT,0.0558449801453351,0.0230158992250962
0,0.18,MAGNET,1.38244847747722,0.316207385571565
0,0.18,MVTX,0.0140551250436641,0.00614453425775201
0,0.18,OHCAL,35.2337337383508,3.87300183052066
0,0.18,OTHER,3.97224149732544e-25,7.15497207605058e-25
0,0.18,PIPE,0.0021992178069019,0.0019683600397273
0,0.18,TPC,0.0422350512000139,0.0154723959046575
0,0.2,EMCAL,19.6123406229157,0.815013594066893
0,0.2,IHCAL,1.19494211221299,0.311921294628802
0,0.2,INTT,0.0560658571563077,0.0231069312751114
0,0.2,MAGNET,1.38791631159112,0.317458043052161
0,0.2,MVTX,0.0141107156088395,0.00616883700362349
0,0.2,OHCAL,35.3730876706897,3.8883200584599
0,0.2,OTHER,3.9565837693777e-25,7.12676870364337e-25
0,0.2,PIPE,0.00220791611164483,0.0019761452601887
0,0.2,TPC,0.042402098477007,0.01553359203278
0,0.22,EMCAL,18.8398201971288,0.845848327597848
0,0.22,IHCAL,1.20012817615012,0.313275021563706
0,0.22,INTT,0.0563091612576975,0.0232072064057331
0,0.22,MAGNET,1.39393933073545,0.318835687982808
0,0.22,MVTX,0.0141719506484038,0.00619560736654868
0,0.22,OHCAL,35.5265912865214,3.90519366383115
0,0.22,OTHER,3.93933620970024e-25,7.09570165800796e-25
0,0.22,PIPE,0.00221749761227168,0.00198472096510311
0,0.22,TPC,0.0425861071587712,0.0156010018048341
0,0.24,EMCAL,19.6118101431387,0.870644667812067
0,0.24,IHCAL,1.20579404331962,0.314754002290427
0,0.24,INTT,0.0565749897743892,0.0233167647283506
0,0.24,MAGNET,1.40051994419818,0.320340871439847
0,0.24,MVTX,0.01365709057694,0.00609554741948486
0,0.24,OHCAL,35.6943062596175,3.92362942465679
0,0.24,OTHER,3.9204919190392e-25,7.06175851191186e-25
0,0.24,PIPE,0.00222796614151046,0.00199409058486686
0,0.24,TPC,0.0427871508512155,0.0156746521856257
0,0.26,EMCAL,18.6882085230774,0.838436981355184
0,0.26,IHCAL,1.22739336262868,0.325646939946401
0,0.26,INTT,0.0568634490413339,0.0234356500677538
0,0.26,MAGNET,1.40766078431244,0.321974195516731
0,0.26,MVTX,0.0164641321476731,0.00740344425117478
0,0.26,OHCAL,35.8763010502275,3.94363485942774
0,0.26,OTHER,3.90004335942706e-25,7.02492568764405e-25
0,0.26,PIPE,0.00223932588691244,0.00200425786745277
0,0.26,TPC,0.0430053099744975,0.015754572636289
0,0.28,EMCAL,18.8649658530516,0.819477267083829
0,0.28,IHCAL,1.23411044706805,0.327429098620417
0,0.28,INTT,0.0571746544460846,0.0235639099796637
0,0.28,MAGNET,1.41536470750949,0.323736313564868
0,0.28,MVTX,0.0143897789107751,0.0062908362041641
0,0.28,OHCAL,36.0726468396145,3.96521780072497
0,0.28,OTHER,3.87798235116734e-25,6.98518845158372e-25
0,0.28,PIPE,0.0022515813925273,0.00201522687990948
0,0.28,TPC,0.0432406717951868,0.0158407951260713
0,0.3,EMCAL,18.6240782602441,0.78433176684524
0,0.3,IHCAL,1.22568590735953,0.31994676285877
0,0.3,INTT,0.0575087304749526,0.023701595769755
0,0.3,MAGNET,1.42363479546132,0.325627930454973
0,0.3,MVTX,0.0146325741547561,0.00641215004312736
0,0.3,OHCAL,36.2834221687125,3.98838688201277
0,0.3,OTHER,3.85430006956256e-25,6.94253090830659e-25
0,0.3,PIPE,0.00226473756072064,0.0020270020099882
0,0.3,TPC,0.04349333046115,0.015933354145118
0,0.32,EMCAL,18.5665880390805,0.833377577160224
0,0.32,IHCAL,1.23329623053613,0.321933327223939
0,0.32,INTT,0.0578658107628039,0.0238487625141798
0,0.32,MAGNET,1.43247435631339,0.327649802859023
0,0.32,MVTX,0.0152251819828071,0.00671927483975574
0,0.32,OHCAL,36.5086933838502,4.01314948633225
0,0.32,OTHER,3.82898704138432e-25,6.89693599422659e-25
0,0.32,PIPE,0.00227879965413517,0.00203958796789796
0,0.32,TPC,0.0437633870392048,0.0160322867182691
0,0.34,EMCAL,19.8578343953469,0.881979738577398
0,0.34,IHCAL,1.24139988589771,0.324048668583171
0,0.34,INTT,0.0582460381465147,0.0240054690815979
0,0.34,MAGNET,1.44188692600789,0.329802739552939
0,0.34,MVTX,0.0146594259200516,0.00640871884703295
0,0.34,OHCAL,37.8256851255302,4.15251907741596
0,0.34,OTHER,3.80203314108384e-25,6.84838547077014e-25
0,0.34,PIPE,0.00229377329779575,0.00205298978818975
0,0.34,TPC,0.0440509495556066,0.0161376324198754
0,0.36,EMCAL,18.6165669831377,0.834319837586791
0,0.36,IHCAL,1.26772353102795,0.336943815223903
0,0.36,INTT,0.0586495647221083,0.0241717781567259
0,0.36,MAGNET,1.45187626969821,0.332087601740105
0,0.36,MVTX,0.0169463736808139,0.00761739412958181
0,0.36,OHCAL,38.0877537905626,4.18128901568161
0,0.36,OTHER,3.77342758674161e-25,6.79685991708051e-25
0,0.36,PIPE,0.0023096644813595,0.00206721283177038
0,0.36,TPC,0.0443561330391727,0.0162494333896197
0,0.38,EMCAL,18.9409164130838,0.825958927690343
0,0.38,IHCAL,1.27695280553967,0.339396837442051
0,0.38,INTT,0.0590765519055954,0.0243477562654112
0,0.38,MAGNET,1.46244638325502,0.334505303395861
0,0.38,MVTX,0.0193308956708666,0.00887748818850651
0,0.38,OHCAL,37.2725829049174,4.09711856176166
0,0.38,OTHER,3.74315893575447e-25,6.7423387222492e-25
0,0.38,PIPE,0.00232647956151171,0.00208226278804691
0,0.38,TPC,0.0446790595673893,0.0163677343493831
0,0.4,EMCAL,18.3269764250871,0.786893846759823
0,0.4,IHCAL,1.27003371148678,0.331974960409243
0,0.4,INTT,0.0595271704975426,0.0245334738012438
0,0.4,MAGNET,1.47360149486468,0.337056811633105
0,0.4,MVTX,0.0177497584945712,0.00802428967260676
0,0.4,OHCAL,37.5568968369415,4.12837118773021
0,0.4,OTHER,3.71121508025846e-25,6.68480007707134e-25
0,0.4,PIPE,0.00234422526450869,0.00209814567720254
0,0.4,TPC,0.0450198583151557,0.0164925826211251
0,0.42,EMCAL,18.1743311797407,0.80182033814445
0,0.42,IHCAL,1.28015569838882,0.334620758363111
0,0.42,INTT,0.060001600751395,0.0247290050537143
0,0.42,MAGNET,1.48534606672057,0.339743147089153
0,0.42,MVTX,0.0151012678164828,0.00660188060551585
0,0.42,OHCAL,37.856224487682,4.16127421628375
0,0.42,OTHER,3.67758324228543e-25,6.62422096532165e-25
0,0.42,PIPE,0.00236290868886823,0.00211486785260471
0,0.42,TPC,0.0453786656065209,0.0166240281458195
0,0.44,EMCAL,20.2635526782901,0.897066374813355
0,0.44,IHCAL,1.30772118758214,0.347574675793306
0,0.44,INTT,0.06050003244558,0.0249344282379306
0,0.44,MAGNET,1.49768479680802,0.342565384334006
0,0.44,MVTX,0.0152267136447249,0.00665672225130207
0,0.44,OHCAL,38.170695132974,4.19584181000819
0,0.44,OTHER,3.64224996865179e-25,6.56057715454771e-25
0,0.44,PIPE,0.0023825373082092,0.00213243600334655
0,0.44,TPC,0.0457556249691795,0.0167621235034282
0,0.46,EMCAL,18.2217760179056,0.821948667679588
0,0.46,IHCAL,1.31716812967374,0.34946566915012
0,0.46,INTT,0.0610226649594211,0.0251498255259057
0,0.46,MAGNET,1.51062262078359,0.345524652300192
0,0.46,MVTX,0.0153582503614504,0.00671422667474629
0,0.46,OHCAL,38.5004345652685,4.23208779640194
0,0.46,OTHER,3.60520112557694e-25,6.49384318637659e-25
0,0.46,PIPE,0.00240311897424103,0.00215085715692257
0,0.46,TPC,0.0461508871919212,0.0169069239339376
0,0.48,EMCAL,19.7986164856894,0.881740272429936
0,0.48,IHCAL,1.31223625796257,0.342539468167806
0,0.48,INTT,0.0615697073528923,0.0253752830794266
0,0.48,MAGNET,1.52416471394938,0.348622134734355
0,0.48,MVTX,0.0167038444775233,0.00741793884744167
0,0.48,OHCAL,39.4754183858429,4.33610438099796
0,0.48,OTHER,3.56642189302968e-25,6.42399236633124e-25
0,0.48,PIPE,0.00242466191990456,0.00217013868203984
0,0.48,TPC,0.0465646103848869,0.0170584873594485
0,0.5,EMCAL,18.4715078298088,0.81548396395924
0,0.5,IHCAL,1.32442012890377,0.345719889110741
0,0.5,INTT,0.062141378450245,0.0256108910845208
0,0.5,MAGNET,1.53831649332322,0.351859070670768
0,0.5,MVTX,0.0156398093835979,0.00683731693910108
0,0.5,OHCAL,39.5190407176985,4.34248852069999
0,0.5,OTHER,3.52589675879992e-25,6.35099675315229e-25
0,0.5,PIPE,0.00244717476266532,0.00219028829156549
0,0.5,TPC,0.0469969600428763,0.0172168744073528
0,0.52,EMCAL,17.4527946329267,0.751426819584433
0,0.52,IHCAL,1.33953827318823,0.350483485585497
0,0.52,INTT,0.0627379069275406,0.025856743787532
0,0.52,MAGNET,1.55308361980554,0.355236754926967
0,0.52,MVTX,0.0159088279543947,0.00696628785086331
0,0.52,OHCAL,40.2243159360109,4.41836611012109
0,0.52,OTHER,3.48360951229362e-25,6.27482714762118e-25
0,0.52,PIPE,0.00247066650796057,0.002211314045612
0,0.52,TPC,0.047448109111511,0.0173821484345806
0,0.54,EMCAL,21.065409498249,0.933410989260877
0,0.54,IHCAL,1.33021895916836,0.340380575556554
0,0.54,INTT,0.0633595314041238,0.0261129395328193
0,0.54,MAGNET,1.56847200044385,0.35875653862169
0,0.54,MVTX,0.0159463954374297,0.00697134836926384
0,0.54,OHCAL,39.9748271081643,4.3941575400964
0,0.54,OTHER,3.43954323804836e-25,6.19545308088008e-25
0,0.54,PIPE,0.00249514655280164,0.00223322435476131
0,0.54,TPC,0.0479182380564529,0.0175543755529488
0,0.56,EMCAL,17.7220091312649,0.810413340867527
0,0.56,IHCAL,1.3815730633483,0.366553354577225
0,0.56,INTT,0.0640065005380736,0.026379580802097
0,0.56,MAGNET,1.58448779079557,0.362419829715345
0,0.56,MVTX,0.016109225329273,0.0070425333530693
0,0.56,OHCAL,40.3830148433235,4.43902679942821
0,0.56,OTHER,3.39368030896686e-25,6.11284280224396e-25
0,0.56,PIPE,0.00252062468953294,0.00225602798342929
0,0.56,TPC,0.0484075349355294,0.017733624655599
0,0.58,EMCAL,21.8685740455341,0.960957497720856
0,0.58,IHCAL,1.37720345448659,0.359055720825516
0,0.58,INTT,0.0646790731256701,0.0266567742554279
0,0.58,MAGNET,1.60113739739039,0.366228093573216
0,0.58,MVTX,0.0162784991260406,0.00711653544411771
0,0.58,OHCAL,40.8073563740629,4.48567173403858
0,0.58,OTHER,3.34600237926599e-25,6.02696326649989e-25
0,0.58,PIPE,0.00254711110974881,0.0022797340533714
0,0.58,TPC,0.0489161954740225,0.0179199674445628
0,0.6,EMCAL,18.5724253769235,0.836224814739816
0,0.6,IHCAL,1.36264065049118,0.356200429408314
0,0.6,INTT,0.065377518204916,0.0269446307738894
0,0.6,MAGNET,1.61842748029296,0.370182853551622
0,0.6,MVTX,0.0164542845395081,0.00719338424423218
0,0.6,OHCAL,41.2480173114777,4.53411056911647
0,0.6,OTHER,3.29649037713815e-25,5.9377801206885e-25
0,0.6,PIPE,0.00257461640837052,0.00230435204733172
0,0.6,TPC,0.0494444231429232,0.0181134784594398
0,0.62,EMCAL,18.5046378113383,0.816205295960447
0,0.62,IHCAL,1.4268061132244,0.3785544239619
0,0.62,INTT,0.0661021151631556,0.0272432655039269
0,0.62,MAGNET,1.63636495576696,0.374285691607286
0,0.62,MVTX,0.0210164713470599,0.00960648049374734
0,0.62,OHCAL,41.7051754759445,4.58436284346745
0,0.62,OTHER,3.24512449712232e-25,5.84525769036232e-25
0,0.62,PIPE,0.00260315158788422,0.00232989181283605
0,0.62,TPC,0.0499924292403554,0.0183142351072176
0,0.64,EMCAL,18.6543016064466,0.811999054814182
0,0.64,IHCAL,1.44301700083298,0.382855438049514
0,0.64,INTT,0.066853153848834,0.0275527979034145
0,0.64,MAGNET,1.65495699904176,0.378538248930136
0,0.64,MVTX,0.016825674115441,0.00735574608485632
0,0.64,OHCAL,42.1790213992845,4.63644946254977
0,0.64,OTHER,3.1918841921816e-25,5.74935896531558e-25
0,0.64,PIPE,0.00263272806274228,0.00235636356613119
0,0.64,TPC,0.0505604329760652,0.0185223176932321
0,0.66,EMCAL,18.087137713349,0.764675111832342
0,0.66,IHCAL,1.44005630642074,0.375442341011119
0,0.66,INTT,0.067630934687439,0.027873351789439
0,0.66,MAGNET,1.67421104718256,0.382942226599801
0,0.66,MVTX,0.0170214268386885,0.00744132407226706
0,0.66,OHCAL,42.6697249962414,4.69038920230309
0,0.66,OTHER,3.13674816548414e-25,5.6500455847796e-25
0,0.66,PIPE,0.00266335766392887,0.00238377789627132
0,0.66,TPC,0.0511486615590871,0.0187378094532889
0,0.68,EMCAL,22.6128581906229,0.995365723628625
0,0.68,IHCAL,1.45719332975673,0.379910203377882
0,0.68,INTT,0.0684357688016769,0.0282050553878288
0,0.68,MAGNET,1.69413480206535,0.387499386266071
0,0.68,MVTX,0.0195851404782803,0.00878779389891773
0,0.68,OHCAL,44.4430381318447,4.87897469036496
0,0.68,OTHER,3.0796943618841e-25,5.54727782207796e-25
0,0.68,PIPE,0.00269505264369304,0.00241214576935418
0,0.68,TPC,0.0517573502887699,0.018960796586972
0,0.7,EMCAL,18.3818366452348,0.836407907843187
0,0.7,IHCAL,1.49514007454856,0.39668454352594
0,0.7,INTT,0.0692679781359245,0.0285480413844462
0,0.7,MAGNET,1.71473623345773,0.392211550853575
0,0.7,MVTX,0.0188397796737575,0.00837067977615967
0,0.7,OHCAL,43.7025523463989,4.80392088726672
0,0.7,OTHER,3.02069995909933e-25,5.44101456873535e-25
0,0.7,PIPE,0.0027278256804491,0.00244147853290706
0,0.7,TPC,0.0523867426486424,0.0191913682921008
0,0.72,EMCAL,23.7452328542648,1.03443239838281
0,0.72,IHCAL,1.51370106794924,0.401609079235424
0,0.72,INTT,0.0701278955850119,0.0289024469782631
0,0.72,MAGNET,1.73602358220695,0.397080605290977
0,0.72,MVTX,0.0176498646598354,0.00771606070455655
0,0.72,OHCAL,44.1488738757781,4.80571739132182
0,0.72,OTHER,2.95974135858209e-25,5.33121331803353e-25
0,0.72,PIPE,0.00276168988384888,0.00247178792042664
0,0.72,TPC,0.0530370904040731,0.0194296168004347
0,0.74,EMCAL,18.465201630155,0.843458940807055
0,0.74,IHCAL,1.53286755405529,0.406694262123405
0,0.74,INTT,0.0710158651273843,0.0292684139362423
0,0.74,MAGNET,1.75800536353634,0.402108497264974
0,0.74,MVTX,0.0205575539618356,0.00924378533088534
0,0.74,OHCAL,38.7696771351735,4.23866930760855
0,0.74,OTHER,2.89679417607939e-25,5.21783014800821e-25
0,0.74,PIPE,0.00279665880002525,0.00250308605607201
0,0.74,TPC,0.0537086537028503,0.0196756374145553
0,0.76,EMCAL,18.9124099307653,0.838864555446714
0,0.76,IHCAL,1.53164238000413,0.399320115351026
0,0.76,INTT,0.0719322419626985,0.0296460886500467
0,0.76,MAGNET,1.78069037045153,0.407297237999396
0,0.76,MVTX,0.0195953270440674,0.00870911001199178
0,0.76,OHCAL,39.2799842983934,4.29939294961838
0,0.76,OTHER,2.83183323187892e-25,5.10081970387958e-25
0,0.76,PIPE,0.00283274641701092,0.00253538545951475
0,0.76,TPC,0.0544017011792192,0.0199295285459854
0,0.78,EMCAL,18.2095101627334,0.818810477724674
0,0.78,IHCAL,1.55176710430629,0.404566913458989
0,0.78,INTT,0.0728773926539071,0.0300356221945977
0,0.78,MAGNET,1.80408767725775,0.412648903059719
0,0.78,MVTX,0.0183418610578991,0.00801858348972809
0,0.78,OHCAL,39.7960993469736,4.35588436417669
0,0.78,OTHER,2.76483254073684e-25,4.98013517990983e-25
0,0.78,PIPE,0.00286996717033379,0.00256869905094683
0,0.78,TPC,0.0551165100614327,0.0201913917545653
0,0.8,EMCAL,18.6181167761926,0.797155881356244
0,0.8,IHCAL,1.67173780749865,0.440697516684082
0,0.8,INTT,0.0738516952738889,0.0304371703885067
0,0.8,MAGNET,1.90078098160259,0.434765558737875
0,0.8,MVTX,0.0185870745957779,0.0081257844558725
0,0.8,OHCAL,40.3281332598955,4.41411817943733
0,0.8,OTHER,2.69576530148336e-25,4.85572830068022e-25
0,0.8,PIPE,0.00290833594879159,0.00260304015624911
0,0.8,TPC,0.0558533662825748,0.0204613317890701
0,0.82,EMCAL,23.0487632892817,1.02775479794865
0,0.82,IHCAL,1.81380046352959,0.473984242427352
0,0.82,INTT,0.0748555395566825,0.0308508938564055
0,0.82,MAGNET,2.08229403421052,0.476283032081264
0,0.82,MVTX,0.0231258817488058,0.0105197075340256
0,0.82,OHCAL,40.8763001364554,4.47411782384634
0,0.82,OTHER,2.62460388630185e-25,4.72754930178029e-25
0,0.82,PIPE,0.00294786810040718,0.00263842251232151
0,0.82,TPC,0.056612564594944,0.020739456629111
0,0.84,EMCAL,19.2071908562475,0.872030316060899
0,0.84,IHCAL,1.63805126391997,0.434601521282638
0,0.84,INTT,0.0758893270533861,0.0312769580931976
0,0.84,MAGNET,2.26744157330778,0.518631821375597
0,0.84,MVTX,0.0206616515082234,0.00918200826098819
0,0.84,OHCAL,41.4302318726525,4.5295464783591
0,0.84,OTHER,2.5513198296774e-25,4.59554690990137e-25
0,0.84,PIPE,0.00298857943856839,0.0026748602725783
0,0.84,TPC,0.0573944086879955,0.0210258775283334
0,0.86,EMCAL,23.9402940462849,1.06055158319279
0,0.86,IHCAL,1.63856570621822,0.427196263388274
0,0.86,INTT,0.0769534712927821,0.0317155335302587
0,0.86,MAGNET,2.2992363589791,0.525904241444576
0,0.86,MVTX,0.0200633640309108,0.00883766876035031
0,0.86,OHCAL,42.0219101088617,4.59951065681326
0,0.86,OTHER,2.47588381701024e-25,4.45966832232669e-25
0,0.86,PIPE,0.00303048624835331,0.00271236801260943
0,0.86,TPC,0.0581992113097834,0.021320709058915
0,0.88,EMCAL,19.1581539125447,0.87588794193664
0,0.88,IHCAL,1.66187487305387,0.433273440001207
0,0.88,INTT,0.0780483979467552,0.0321667956036113
0,0.88,MAGNET,2.3319508698509,0.533387030222283
0,0.88,MVTX,0.0206424413298633,0.00911983553946041
0,0.88,OHCAL,43.6738150889508,4.77553086986899
0,0.88,OTHER,2.39826567288947e-25,4.31985918580946e-25
0,0.88,PIPE,0.00307360529304457,0.00275096073601096
0,0.88,TPC,0.0590272943921106,0.0216240691574018
0,0.9,EMCAL,23.4996523244692,1.04647258386103
0,0.9,IHCAL,1.70897898951879,0.453419167571478
0,0.9,INTT,0.0791745450005663,0.0326309248241016
0,0.9,MAGNET,2.49779105723234,0.571319649722345
0,0.9,MVTX,0.0199267351758765,0.00871144913709037
0,0.9,OHCAL,44.3040111317018,4.84443975878982
0,0.9,OTHER,2.31843434902253e-25,4.17606357483094e-25
0,0.9,PIPE,0.003117953820835,0.00279065388038687
0,0.9,TPC,0.0598789891792279,0.0219360791718754
0,0.92,EMCAL,20.2390773364293,0.91083870429619
0,0.92,IHCAL,1.73397432382489,0.460050683081387
0,0.92,INTT,0.0803323629280523,0.0331081068496065
0,0.92,MAGNET,2.69651175878838,0.616773027928999
0,0.92,MVTX,0.0202181360449653,0.00883884200035509
0,0.92,OHCAL,44.9520755289317,4.90974436483427
0,0.92,OTHER,2.23635791181542e-25,4.02822396922942e-25
0,0.92,PIPE,0.00316354957172704,0.00283146332352414
0,0.92,TPC,0.0607546363604141,0.0222568639105028
0,0.94,EMCAL,18.1037501737875,0.826836828880005
0,0.94,IHCAL,1.73584629156212,0.452558741937726
0,0.94,INTT,0.0815223148718218,0.0335985325592983
0,0.94,MAGNET,2.50892964379446,0.57386737818612
0,0.94,MVTX,0.0205176244380511,0.00896977051827277
0,0.94,OHCAL,49.2682010408234,5.40586258338275
0,0.94,OTHER,2.19721989360739e-25,3.95772688903453e-25
0,0.94,PIPE,0.00321041078462898,0.00287340538974417
0,0.94,TPC,0.0616545862062171,0.0225865516914565
0,0.96,EMCAL,20.292169053269,0.899385650047372
0,0.96,IHCAL,1.76187864038364,0.459345714618344
0,0.96,INTT,0.0827448768285188,0.0341023981300004
0,0.96,MAGNET,2.52048254182154,0.576509872094887
0,0.96,MVTX,0.0208253201544841,0.0091042870639963
0,0.96,OHCAL,48.7817890621579,5.3961381647973
0,0.96,OTHER,2.22231176804946e-25,4.00292345150176e-25
0,0.96,PIPE,0.00325855620465083,0.00291649685643268
0,0.96,TPC,0.0625791987085747,0.0229252743942449
0,0.98,EMCAL,19.6470166445882,0.848391890596506
0,0.98,IHCAL,1.81314851165664,0.481056965074321
0,0.98,INTT,0.084000537839227,0.0346199051146592
0,0.98,MAGNET,1.92950291645254,0.441335125760028
0,0.98,MVTX,0.0214699977214162,0.00946257978220701
0,0.98,OHCAL,49.5538666739699,5.47103572555069
0,0.98,OTHER,2.24419260614028e-25,4.04233615731177e-25
0,0.98,PIPE,0.00330800509060254,0.00296075496075091
0,0.98,TPC,0.0635288437248161,0.0232731675124653
0,1,EMCAL,23.1378865471624,1.05994402247312
0,1,IHCAL,1.84097654975361,0.488440207019825
0,1,INTT,0.0852898001850929,0.0351512605229687
0,1,MAGNET,1.23180029337395,0.281749632380409
0,1,MVTX,0.0254301543326371,0.0114963143060273
0,1,OHCAL,50.16656546474,5.63883905898414
0,1,OTHER,2.30458351305397e-25,4.15111485390052e-25
0,1,PIPE,0.0033587772226978,0.0030061974065307
0,1,TPC,0.0645039011256183,0.0236303702080045
0,1.02,EMCAL,20.1414786329373,0.921052279228805
0,1.02,IHCAL,1.84424916448668,0.480820730035095
0,1.02,INTT,0.0866131795882455,0.0356966769041772
0,1.02,MAGNET,1.19440189648284,0.273195498538774
0,1.02,MVTX,0.02250833486273,0.00990786576240813
0,1.02,OHCAL,48.3823076042132,5.4706982681551
0,1.02,OTHER,2.49624034146188e-25,4.49633536890857e-25
0,1.02,PIPE,0.00341089291046644,0.00305284237135626
0,1.02,TPC,0.0655047609469261,0.023997025366702
0,1.04,EMCAL,27.7988378154135,1.20803361731396
0,1.04,IHCAL,1.87316433579339,0.488359344796236
0,1.04,INTT,0.087971205418091,0.0362563724321093
0,1.04,MAGNET,1.26799441033805,0.290028311321975
0,1.04,MVTX,0.0240995014895571,0.0107228989366852
0,1.04,OHCAL,40.7608090701648,4.59809190878533
0,1.04,OTHER,2.58909733935208e-25,4.66359338366362e-25
0,1.04,PIPE,0.00346437300087845,0.00310070851383548
0,1.04,TPC,0.0665318235460125,0.02437327965551
0,1.06,EMCAL,21.3681025406143,0.963376389998276
0,1.06,IHCAL,1.92892386539246,0.511774138150669
0,1.06,INTT,0.0893644209030688,0.036830570992439
0,1.06,MAGNET,1.21049249291312,0.276875900023819
0,1.06,MVTX,0.0224913341714598,0.00983262495991676
0,1.06,OHCAL,35.6442833989552,4.05848886329108
0,1.06,OTHER,2.66494490399696e-25,4.80021327634536e-25
0,1.06,PIPE,0.00351923888668306,0.00314981498106356
0,1.06,TPC,0.0675854997616286,0.0247592835811623
0,1.08,EMCAL,29.142985276298,1.26297149327937
0,1.08,IHCAL,1.95976593686412,0.519957101585991
0,1.08,INTT,0.0907933833479494,0.0374195022722466
0,1.08,MAGNET,0.733193091126486,0.167703226732413
0,1.08,MVTX,0.0228509769861448,0.00998985142275658
0,1.08,OHCAL,30.5868907579289,3.52848099221506
0,1.08,OTHER,2.87234976527014e-25,5.17379982485857e-25
0,1.08,PIPE,0.00357551251496616,0.00320018141628216
0,1.08,TPC,0.0641119374367275,0.0239301774910244
0,1.1,EMCAL,20.593231514268,0.8685267362678
0,1.1,IHCAL,1.79563421914607,0.410715343920205
0,1.1,INTT,0.0922586643567637,0.0380234018518963
0,1.1,MAGNET,0.0641867401900925,0.0146814305448175
0,1.1,MVTX,0.0260445218065515,0.0116559792087182
0,1.1,OHCAL,30.0451055322596,3.32793555368159
0,1.1,OTHER,3.19710127472376e-25,5.75875619857362e-25
0,1.1,PIPE,0.00363321639592938,0.00325182796673692
0,1.1,TPC,0.175974657355491,0.0449617923724674
1.5707963267949,-1.1,EMCAL,27.0223327948699,1.20278701957233
1.5707963267949,-1.1,IHCAL,1.95977628493934,0.519959468500826
1.5707963267949,-1.1,INTT,0.0691635069996111,0.0297857147292069
1.5707963267949,-1.1,MAGNET,1.01417129646389,0.231971360525337
1.5707963267949,-1.1,MVTX,0.0205209160421286,0.00890288080299955
1.5707963267949,-1.1,OHCAL,1.49090246387262,0.230958635543881
1.5707963267949,-1.1,OTHER,3.06246015625089e-25,5.5162348303209e-25
1.5707963267949,-1.1,PIPE,0.00370607766862313,0.00331704079702775
1.5707963267949,-1.1,TPC,0.0641121137166163,0.0239302716074812
1.5707963267949,-1.08,EMCAL,19.9915173961331,0.922985905925997
1.5707963267949,-1.08,IHCAL,1.92893335593668,0.511776308922472
1.5707963267949,-1.08,INTT,0.0680749689320302,0.0293169287211026
1.5707963267949,-1.08,MAGNET,1.93068226784588,0.343202095330047
1.5707963267949,-1.08,MVTX,0.0201979451682889,0.00876276175632871
1.5707963267949,-1.08,OHCAL,8.08710971913745,0.921801904993393
1.5707963267949,-1.08,OTHER,2.87977617899268e-25,5.18717660037581e-25
1.5707963267949,-1.08,PIPE,0.00364774912516553,0.00326483515656908
1.5707963267949,-1.08,TPC,0.0675854997616286,0.0247592835811623
1.5707963267949,-1.06,EMCAL,26.2748431458896,1.16407332047424
1.5707963267949,-1.06,IHCAL,1.87324599861913,0.48840519013311
1.5707963267949,-1.06,INTT,0.0670136617597008,0.0288598698753844
1.5707963267949,-1.06,MAGNET,5.06642421666644,0.639850310438319
1.5707963267949,-1.06,MVTX,0.019883053741826,0.00862614793119877
1.5707963267949,-1.06,OHCAL,13.5723761991533,1.49612430977613
1.5707963267949,-1.06,OTHER,2.62445936005171e-25,4.72728897488811e-25
1.5707963267949,-1.06,PIPE,0.0035908797299953,0.00321393549370475
1.5707963267949,-1.06,TPC,0.0665318235460036,0.024373279655509
1.5707963267949,-1.04,EMCAL,20.5309361008265,0.931434026075407
1.5707963267949,-1.04,IHCAL,1.84432891429985,0.480865718433418
1.5707963267949,-1.04,INTT,0.0659791609456026,0.0284143553624197
1.5707963267949,-1.04,MAGNET,4.12777418004509,0.543342986137714
1.5707963267949,-1.04,MVTX,0.0207199237283574,0.00910235388480961
1.5707963267949,-1.04,OHCAL,18.000789320095,1.95959977218696
1.5707963267949,-1.04,OTHER,2.4557023755029e-25,4.42331664266757e-25
1.5707963267949,-1.04,PIPE,0.00353544673459611,0.00316432144789094
1.5707963267949,-1.04,TPC,0.0655047609469089,0.0239970253667002
1.5707963267949,-1.02,EMCAL,24.8966715491971,1.11056691149871
1.5707963267949,-1.02,IHCAL,1.84098368040295,0.488441838012965
1.5707963267949,-1.02,INTT,0.0649710526756166,0.0279802069704631
1.5707963267949,-1.02,MAGNET,1.0452470236283,0.239079310370474
1.5707963267949,-1.02,MVTX,0.0195221871087739,0.0084938387890039
1.5707963267949,-1.02,OHCAL,19.5921819761922,2.19816248922391
1.5707963267949,-1.02,OTHER,2.31315164665376e-25,4.16654814432147e-25
1.5707963267949,-1.02,PIPE,0.00348142796503067,0.00311597317284781
1.5707963267949,-1.02,TPC,0.06450390112561,0.0236303702080038
1.5707963267949,-1,EMCAL,20.5912396697545,0.874941403343865
1.5707963267949,-1,IHCAL,1.81315492456046,0.481058431897557
1.5707963267949,-1,INTT,0.0639889336929931,0.0275572510343692
1.5707963267949,-1,MAGNET,1.44811592251142,0.331227497676809
1.5707963267949,-1,MVTX,0.0189856123973968,0.00823679819160942
1.5707963267949,-1,OHCAL,20.2768013877653,2.27317014885009
1.5707963267949,-1,OTHER,2.23298346738882e-25,4.02214577492509e-25
1.5707963267949,-1,PIPE,0.00342880181307093,0.0030688713286207
1.5707963267949,-1,TPC,0.0635288437248076,0.0232731675124644
1.5707963267949,-0.98,EMCAL,20.1634022691537,0.895795968748761
1.5707963267949,-0.98,IHCAL,1.76195290969603,0.459388254881956
1.5707963267949,-0.98,INTT,0.063032411137044,0.0271453183661239
1.5707963267949,-0.98,MAGNET,1.9548865012116,0.447141112097937
1.5707963267949,-0.98,MVTX,0.0187018107234426,0.00811367247588996
1.5707963267949,-0.98,OHCAL,19.9736536164194,2.23918550434708
1.5707963267949,-0.98,OTHER,2.23732283406192e-25,4.02996202864347e-25
1.5707963267949,-0.98,PIPE,0.00337754722755432,0.00302299707384382
1.5707963267949,-0.98,TPC,0.0625791987085747,0.0229252743942449
1.5707963267949,-0.96,EMCAL,20.5941949087913,0.898450746408187
1.5707963267949,-0.96,IHCAL,1.73591901922509,0.452600552037594
1.5707963267949,-0.96,INTT,0.062101102385993,0.0267442441871674
1.5707963267949,-0.96,MAGNET,2.50892964379446,0.57386737818612
1.5707963267949,-0.96,MVTX,0.0184254900231383,0.00799379233734454
1.5707963267949,-0.96,OHCAL,22.6616324438478,2.51906126090209
1.5707963267949,-0.96,OTHER,2.22193887097243e-25,4.00225177326287e-25
1.5707963267949,-0.96,PIPE,0.00332764370596335,0.00297833205820369
1.5707963267949,-0.96,TPC,0.0616545862062171,0.0225865516914565
1.5707963267949,-0.94,EMCAL,19.4164204899697,0.887766938048509
1.5707963267949,-0.94,IHCAL,1.73397882165649,0.460051711870231
1.5707963267949,-0.94,INTT,0.0611946349039222,0.0263538680624805
1.5707963267949,-0.94,MAGNET,2.69651175878838,0.616773027928999
1.5707963267949,-0.94,MVTX,0.0206156604627091,0.00918721826726213
1.5707963267949,-0.94,OHCAL,20.4681254198855,2.28687074783158
1.5707963267949,-0.94,OTHER,2.26072030085401e-25,4.0721065512412e-25
1.5707963267949,-0.94,PIPE,0.00327907128622393,0.00293485841509845
1.5707963267949,-0.94,TPC,0.0607546363604141,0.0222568639105028
1.5707963267949,-0.92,EMCAL,24.0440573582324,1.06233967833704
1.5707963267949,-0.92,IHCAL,1.70898349944127,0.453420199125868
1.5707963267949,-0.92,INTT,0.0603126460917522,0.0259740338364081
1.5707963267949,-0.92,MAGNET,2.65764735169011,0.607883573630666
1.5707963267949,-0.92,MVTX,0.017894852363898,0.00776357825625277
1.5707963267949,-0.92,OHCAL,19.1118621594863,2.14257236200056
1.5707963267949,-0.92,OTHER,2.34244560671434e-25,4.21931368397245e-25
1.5707963267949,-0.92,PIPE,0.00323181053872052,0.00289255875449121
1.5707963267949,-0.92,TPC,0.0598789891792279,0.0219360791718754
1.5707963267949,-0.9,EMCAL,19.4471404902861,0.883495987005122
1.5707963267949,-0.9,IHCAL,1.66195493354795,0.433315854550507
1.5707963267949,-0.9,INTT,0.0594547831421984,0.0256045895701955
1.5707963267949,-0.9,MAGNET,2.495078397449,0.570699183157399
1.5707963267949,-0.9,MVTX,0.0176403231428226,0.00765315222500437
1.5707963267949,-0.9,OHCAL,18.840022677951,2.11209726987308
1.5707963267949,-0.9,OTHER,2.42193540405773e-25,4.36249412270102e-25
1.5707963267949,-0.9,PIPE,0.00318584255852399,0.00285141615595374
1.5707963267949,-0.9,TPC,0.0590272943921106,0.0216240691574018
1.5707963267949,-0.88,EMCAL,24.6692466578584,1.08053308630808
1.5707963267949,-0.88,IHCAL,1.63864411744688,0.427237962574198
1.5707963267949,-0.88,INTT,0.0586207028986423,0.0252453874812099
1.5707963267949,-0.88,MAGNET,2.2992363589791,0.525904241444576
1.5707963267949,-0.88,MVTX,0.0173928502862119,0.00754578755668937
1.5707963267949,-0.88,OHCAL,18.5757194566906,2.08246704481522
1.5707963267949,-0.88,OTHER,2.49922148986301e-25,4.50170514151153e-25
1.5707963267949,-0.88,PIPE,0.00314114895782932,0.00281141416189802
1.5707963267949,-0.88,TPC,0.0581992113097912,0.0213207090589158
1.5707963267949,-0.86,EMCAL,19.1121138201948,0.869454656695111
1.5707963267949,-0.86,IHCAL,1.63808534229514,0.434609316028042
1.5707963267949,-0.86,INTT,0.0578100717178656,0.0248962838838265
1.5707963267949,-0.86,MAGNET,2.26744157330779,0.518631821375598
1.5707963267949,-0.86,MVTX,0.01725712583098,0.00749726923169679
1.5707963267949,-0.86,OHCAL,18.3188467708923,2.05366983434188
1.5707963267949,-0.86,OTHER,2.574334779595e-25,4.63700242666767e-25
1.5707963267949,-0.86,PIPE,0.00309771185860036,0.00277253677099311
1.5707963267949,-0.86,TPC,0.0573944086879878,0.0210258775283325
1.5707963267949,-0.84,EMCAL,23.335714036373,1.03647168951105
1.5707963267949,-0.84,IHCAL,1.66172536392556,0.439200110910147
1.5707963267949,-0.84,INTT,0.0570225653365872,0.0245571391319515
1.5707963267949,-0.84,MAGNET,2.23655379449875,0.511566860950352
1.5707963267949,-0.84,MVTX,0.016889828260514,0.00733415539809028
1.5707963267949,-0.84,OHCAL,18.0693018680569,2.0256941191849
1.5707963267949,-0.84,OTHER,2.64730531957111e-25,4.76844009888749e-25
1.5707963267949,-0.84,PIPE,0.00305551388541819,0.00273476843176423
1.5707963267949,-0.84,TPC,0.056612564594944,0.020739456629111
1.5707963267949,-0.82,EMCAL,18.9307938486253,0.806539117586531
1.5707963267949,-0.82,IHCAL,1.67062132087199,0.440442142742128
1.5707963267949,-0.82,INTT,0.0562578687417545,0.0242278175631622
1.5707963267949,-0.82,MAGNET,2.06123529587854,0.471466267695553
1.5707963267949,-0.82,MVTX,0.0166917938554667,0.00724163827669195
1.5707963267949,-0.82,OHCAL,17.8269849268961,1.99852870868523
1.5707963267949,-0.82,OTHER,2.7181622989803e-25,4.8960707349924e-25
1.5707963267949,-0.82,PIPE,0.00301453815853092,0.00269809403637213
1.5707963267949,-0.82,TPC,0.0558533662825748,0.0204613317890701
1.5707963267949,-0.8,EMCAL,19.6139758996946,0.859458359741647
1.5707963267949,-0.8,IHCAL,1.55184846768884,0.404608029147194
1.5707963267949,-0.8,INTT,0.0555156760445335,0.02390818744444
1.5707963267949,-0.8,MAGNET,1.88366465281372,0.430850541531021
1.5707963267949,-0.8,MVTX,0.0164715841713794,0.00714610157818051
1.5707963267949,-0.8,OHCAL,18.5020042314548,2.06765352716554
1.5707963267949,-0.8,OTHER,2.78693406155908e-25,5.01994538893861e-25
1.5707963267949,-0.8,PIPE,0.00297476828710144,0.00266249891456964
1.5707963267949,-0.8,TPC,0.0551165100614327,0.0201913917545653
1.5707963267949,-0.78,EMCAL,18.5495849508513,0.82858251305847
1.5707963267949,-0.78,IHCAL,1.53172257464988,0.399360671839822
1.5707963267949,-0.78,INTT,0.054795690357949,0.0235981209194757
1.5707963267949,-0.78,MAGNET,1.78069037045153,0.407297237999396
1.5707963267949,-0.78,MVTX,0.017351208510633,0.00763585506715981
1.5707963267949,-0.78,OHCAL,18.0522557408701,2.01882815607966
1.5707963267949,-0.78,OTHER,2.85364811692946e-25,5.14011361223938e-25
1.5707963267949,-0.78,PIPE,0.00293618836265091,0.00262796882783343
1.5707963267949,-0.78,TPC,0.0544017011792265,0.0199295285459862
1.5707963267949,-0.76,EMCAL,18.4637149120544,0.843160587697132
1.5707963267949,-0.76,IHCAL,1.53288769179955,0.40669886822885
1.5707963267949,-0.76,INTT,0.0540976236781267,0.0232974939575249
1.5707963267949,-0.76,MAGNET,1.75800536353634,0.402108497264974
1.5707963267949,-0.76,MVTX,0.0160508459119019,0.00696356671639854
1.5707963267949,-0.76,OHCAL,17.1424447351688,1.92178701813156
1.5707963267949,-0.76,OTHER,2.91833115160313e-25,5.2566234737863e-25
1.5707963267949,-0.76,PIPE,0.00289878295269514,0.00259448996366842
1.5707963267949,-0.76,TPC,0.0537086537028572,0.0196756374145559
1.5707963267949,-0.74,EMCAL,22.6502886997319,1.00352037854985
1.5707963267949,-0.74,IHCAL,1.51372084601368,0.40161360307132
1.5707963267949,-0.74,INTT,0.0534211967690869,0.0230061863037946
1.5707963267949,-0.74,MAGNET,1.73602358220695,0.397080605290977
1.5707963267949,-0.74,MVTX,0.0158501490355981,0.00687649553674947
1.5707963267949,-0.74,OHCAL,44.0436824892327,4.74248784748141
1.5707963267949,-0.74,OTHER,2.9810090396564e-25,5.36952157907747e-25
1.5707963267949,-0.74,PIPE,0.00286253709457138,0.00256204893008251
1.5707963267949,-0.74,TPC,0.0530370904040731,0.0194296168004347
1.5707963267949,-0.72,EMCAL,18.6422329803173,0.844447929530396
1.5707963267949,-0.72,IHCAL,1.49515950485313,0.396688987818735
1.5707963267949,-0.72,INTT,0.0527661390510469,0.022724081431339
1.5707963267949,-0.72,MAGNET,1.71473623345773,0.392211550853575
1.5707963267949,-0.72,MVTX,0.0169888260939349,0.00750235517824945
1.5707963267949,-0.72,OHCAL,44.4432851432663,4.88163211050376
1.5707963267949,-0.72,OTHER,3.04170685308022e-25,5.47885308886033e-25
1.5707963267949,-0.72,PIPE,0.00282743628945317,0.00253063275022978
1.5707963267949,-0.72,TPC,0.0523867426486424,0.0191913682921008
1.5707963267949,-0.7,EMCAL,22.579439999641,0.99545827453866
1.5707963267949,-0.7,IHCAL,1.45726920772316,0.379948692758405
1.5707963267949,-0.7,INTT,0.0521321884921852,0.0224510664944478
1.5707963267949,-0.7,MAGNET,1.69413480206535,0.387499386266071
1.5707963267949,-0.7,MVTX,0.015467698350614,0.00671057151783876
1.5707963267949,-0.7,OHCAL,45.6817486976811,5.00892939699451
1.5707963267949,-0.7,OTHER,3.10044887180926e-25,5.58466173719658e-25
1.5707963267949,-0.7,PIPE,0.00279346649655036,0.00250022885721934
1.5707963267949,-0.7,TPC,0.0517573502887699,0.018960796586972
1.5707963267949,-0.68,EMCAL,18.6580156747081,0.781059562967216
1.5707963267949,-0.68,IHCAL,1.44013119173212,0.375480354798911
1.5707963267949,-0.68,INTT,0.0515190915038255,0.0221870322835059
1.5707963267949,-0.68,MAGNET,1.67421104718257,0.382942226599802
1.5707963267949,-0.68,MVTX,0.0152857915565602,0.00663165230675717
1.5707963267949,-0.68,OHCAL,42.66766856455,4.68914044922799
1.5707963267949,-0.68,OTHER,3.15725859343427e-25,5.68698984895634e-25
1.5707963267949,-0.68,PIPE,0.00276061412749289,0.00247082508908862
1.5707963267949,-0.68,TPC,0.0511486615591068,0.0187378094532907
1.5707963267949,-0.66,EMCAL,18.4074496680668,0.805618609301617
1.5707963267949,-0.66,IHCAL,1.44303545628539,0.382859659364413
1.5707963267949,-0.66,INTT,0.0509266028389977,0.0219318731813084
1.5707963267949,-0.66,MAGNET,1.65495699904176,0.378538248930136
1.5707963267949,-0.66,MVTX,0.0176353486603167,0.00790077793910018
1.5707963267949,-0.66,OHCAL,42.1790356122205,4.63645095364702
1.5707963267949,-0.66,OTHER,3.21215874260135e-25,5.78587835674872e-25
1.5707963267949,-0.66,PIPE,0.00272886604089512,0.00244240968393832
1.5707963267949,-0.66,TPC,0.0505604329760717,0.0185223176932327
1.5707963267949,-0.64,EMCAL,18.1445179831553,0.806276383923483
1.5707963267949,-0.64,IHCAL,1.42682426555684,0.37855857594418
1.5707963267949,-0.64,INTT,0.0503544854943359,0.0216854871208123
1.5707963267949,-0.64,MAGNET,1.63636495576696,0.374285691607287
1.5707963267949,-0.64,MVTX,0.0149402512105072,0.00648174162503019
1.5707963267949,-0.64,OHCAL,41.7051775878539,4.58436306503057
1.5707963267949,-0.64,OTHER,3.26517128010218e-25,5.88136681729536e-25
1.5707963267949,-0.64,PIPE,0.00269820953709902,0.00241497127522746
1.5707963267949,-0.64,TPC,0.0499924292403622,0.0183142351072184
1.5707963267949,-0.62,EMCAL,18.3049555379964,0.829164018598365
1.5707963267949,-0.62,IHCAL,1.36271275707724,0.356237111735346
1.5707963267949,-0.62,INTT,0.049802510615274,0.0214477755443082
1.5707963267949,-0.62,MAGNET,1.61842748029296,0.370182853551622
1.5707963267949,-0.62,MVTX,0.014776479437762,0.00641069018811322
1.5707963267949,-0.62,OHCAL,41.2480077215541,4.53410956302534
1.5707963267949,-0.62,OTHER,3.31631741165863e-25,5.97349342725368e-25
1.5707963267949,-0.62,PIPE,0.00266863235309439,0.00238849888722675
1.5707963267949,-0.62,TPC,0.0494444231429109,0.0181134784594388
1.5707963267949,-0.6,EMCAL,21.7418055505871,0.957761433212472
1.5707963267949,-0.6,IHCAL,1.37727469840759,0.359091990146681
1.5707963267949,-0.6,INTT,0.0492704574045005,0.0212186433639961
1.5707963267949,-0.6,MAGNET,1.60113739739039,0.366228093573216
1.5707963267949,-0.6,MVTX,0.0146186184538143,0.0063422031127485
1.5707963267949,-0.6,OHCAL,40.8073399573555,4.48567001174086
1.5707963267949,-0.6,OTHER,3.36561759640525e-25,6.06229503849602e-25
1.5707963267949,-0.6,PIPE,0.00264012265761327,0.00236298193062803
1.5707963267949,-0.6,TPC,0.0489161954740225,0.0179199674445628
1.5707963267949,-0.58,EMCAL,18.8446376835956,0.842822859600823
1.5707963267949,-0.58,IHCAL,1.38159036797784,0.366557312664456
1.5707963267949,-0.58,INTT,0.048758113033637,0.0209979989239485
1.5707963267949,-0.58,MAGNET,1.58448779079557,0.362419829715345
1.5707963267949,-0.58,MVTX,0.0175634071168571,0.00652537923237575
1.5707963267949,-0.58,OHCAL,40.3796820468989,4.4370330308976
1.5707963267949,-0.58,OTHER,3.41309155507329e-25,6.14780717285094e-25
1.5707963267949,-0.58,PIPE,0.00261266904639726,0.00233841019830839
1.5707963267949,-0.58,TPC,0.0484075349355229,0.0177336246555982
1.5707963267949,-0.56,EMCAL,21.5286108035197,0.947103627183699
1.5707963267949,-0.56,IHCAL,1.33040392464362,0.34048538059576
1.5707963267949,-0.56,INTT,0.0482652725581037,0.0207857539634475
1.5707963267949,-0.56,MAGNET,1.56847200044385,0.35875653862169
1.5707963267949,-0.56,MVTX,0.0143203786054526,0.00621281347852273
1.5707963267949,-0.56,OHCAL,39.9748095178367,4.39415569467267
1.5707963267949,-0.56,OTHER,3.45875827787923e-25,6.23006403631233e-25
1.5707963267949,-0.56,PIPE,0.00258626053763589,0.0023147738612473
1.5707963267949,-0.56,TPC,0.0479182380564591,0.0175543755529494
1.5707963267949,-0.54,EMCAL,18.365034535779,0.777855886682439
1.5707963267949,-0.54,IHCAL,1.33954508761466,0.350481332155056
1.5707963267949,-0.54,INTT,0.0477917388351393,0.0205818235816791
1.5707963267949,-0.54,MAGNET,1.55308361980554,0.355236754926967
1.5707963267949,-0.54,MVTX,0.0141798804411226,0.00615185916208275
1.5707963267949,-0.54,OHCAL,40.2242981105288,4.41836424002702
1.5707963267949,-0.54,OTHER,3.50263603212107e-25,6.30909853272238e-25
1.5707963267949,-0.54,PIPE,0.00256088656757349,0.00229206346459477
1.5707963267949,-0.54,TPC,0.0474481091115174,0.0173821484345814
1.5707963267949,-0.52,EMCAL,18.4874565840066,0.814640289182686
1.5707963267949,-0.52,IHCAL,1.32448823415282,0.345754656851927
1.5707963267949,-0.52,INTT,0.0473373224449406,0.0203861262037712
1.5707963267949,-0.52,MAGNET,1.53831649332322,0.351859070670768
1.5707963267949,-0.52,MVTX,0.0186054232916626,0.00852292424395289
1.5707963267949,-0.52,OHCAL,39.5190228622564,4.34248664746277
1.5707963267949,-0.52,OTHER,3.54474236948556e-25,6.38494227693343e-25
1.5707963267949,-0.52,PIPE,0.00253653698628373,0.00227026992388933
1.5707963267949,-0.52,TPC,0.0469969600428763,0.0172168744073528
1.5707963267949,-0.5,EMCAL,20.0642038617438,0.889811475801849
1.5707963267949,-0.5,IHCAL,1.31230365365851,0.342573897073795
1.5707963267949,-0.5,INTT,0.0469018416148926,0.0201985835481635
1.5707963267949,-0.5,MAGNET,1.52416471394938,0.348622134734355
1.5707963267949,-0.5,MVTX,0.0139158466039879,0.00603730960809872
1.5707963267949,-0.5,OHCAL,39.4716173696619,4.33382917939791
1.5707963267949,-0.5,OTHER,3.58509413306906e-25,6.45762560745444e-25
1.5707963267949,-0.5,PIPE,0.00251320205360943,0.00224938452142411
1.5707963267949,-0.5,TPC,0.0465646103848869,0.0170584873594485
1.5707963267949,-0.48,EMCAL,18.5886522052084,0.832669212368991
1.5707963267949,-0.48,IHCAL,1.31718421215213,0.349469347694767
1.5707963267949,-0.48,INTT,0.0464851221468568,0.0200191205952931
1.5707963267949,-0.48,MAGNET,1.51062262078359,0.345524652300192
1.5707963267949,-0.48,MVTX,0.0137922053141277,0.0059836685492057
1.5707963267949,-0.48,OHCAL,38.5004186194997,4.23208612351098
1.5707963267949,-0.48,OTHER,3.62370746411506e-25,6.52717759858675e-25
1.5707963267949,-0.48,PIPE,0.00249087243526639,0.00222939890275965
1.5707963267949,-0.48,TPC,0.0461508871919212,0.0169069239339376
1.5707963267949,-0.46,EMCAL,19.9745944875774,0.88910217603524
1.5707963267949,-0.46,IHCAL,1.3077370521892,0.347578304504252
1.5707963267949,-0.46,INTT,0.0460869973474896,0.019847665557586
1.5707963267949,-0.46,MAGNET,1.49768479680802,0.342565384334006
1.5707963267949,-0.46,MVTX,0.0136740810902917,0.00593242103751573
1.5707963267949,-0.46,OHCAL,38.1706811767854,4.19584034584663
1.5707963267949,-0.46,OTHER,3.6605978084708e-25,6.59362607205417e-25
1.5707963267949,-0.46,PIPE,0.00246953919910952,0.00221030507338202
1.5707963267949,-0.46,TPC,0.0457556249691856,0.0167621235034288
1.5707963267949,-0.44,EMCAL,18.7189071816545,0.817546145089735
1.5707963267949,-0.44,IHCAL,1.28069984741385,0.334941916560575
1.5707963267949,-0.44,INTT,0.0457073079615629,0.019684149850741
1.5707963267949,-0.44,MAGNET,1.48534606672057,0.339743147089153
1.5707963267949,-0.44,MVTX,0.015832261284617,0.0070933446906822
1.5707963267949,-0.44,OHCAL,37.8543647269297,4.16016262838097
1.5707963267949,-0.44,OTHER,3.69577992276592e-25,6.6569976081321e-25
1.5707963267949,-0.44,PIPE,0.00244919381155992,0.00219209539550486
1.5707963267949,-0.44,TPC,0.0453786656065209,0.0166240281458195
1.5707963267949,-0.42,EMCAL,18.4608547491093,0.791379066517114
1.5707963267949,-0.42,IHCAL,1.27057348039755,0.33229356148376
1.5707963267949,-0.42,INTT,0.0453459021082597,0.0195285080662952
1.5707963267949,-0.42,MAGNET,1.47360149486468,0.337056811633105
1.5707963267949,-0.42,MVTX,0.013454197023633,0.00583702560624341
1.5707963267949,-0.42,OHCAL,37.5550535745423,4.12726857724578
1.5707963267949,-0.42,OTHER,3.72926788031522e-25,6.71731755627991e-25
1.5707963267949,-0.42,PIPE,0.0024298281341913,0.00217476258501423
1.5707963267949,-0.42,TPC,0.0450198583151496,0.0164925826211244
1.5707963267949,-0.4,EMCAL,18.4983084241965,0.81498601183832
1.5707963267949,-0.4,IHCAL,1.27696806595608,0.339400327956494
1.5707963267949,-0.4,INTT,0.04500263522042,0.0193806779454594
1.5707963267949,-0.4,MAGNET,1.46244638325502,0.334505303395861
1.5707963267949,-0.4,MVTX,0.0133523492242518,0.00579283952721664
1.5707963267949,-0.4,OHCAL,37.2725746139774,4.09711769194855
1.5707963267949,-0.4,OTHER,3.76107507674826e-25,6.77461004528116e-25
1.5707963267949,-0.4,PIPE,0.00241143442047451,0.00215829970855484
1.5707963267949,-0.4,TPC,0.0446790595673893,0.0163677343493832
1.5707963267949,-0.38,EMCAL,18.4371202744679,0.829354567661449
1.5707963267949,-0.38,IHCAL,1.26773860589267,0.336947263297114
1.5707963267949,-0.38,INTT,0.0446773699867115,0.0192406003542143
1.5707963267949,-0.38,MAGNET,1.45187626969821,0.332087601740105
1.5707963267949,-0.38,MVTX,0.0132558425425939,0.00575097066123964
1.5707963267949,-0.38,OHCAL,39.1492941840836,4.29265657338247
1.5707963267949,-0.38,OTHER,3.79121423536769e-25,6.82889799289534e-25
1.5707963267949,-0.38,PIPE,0.00239400531267878,0.00214270018075658
1.5707963267949,-0.38,TPC,0.0443561330391727,0.0162494333896197
1.5707963267949,-0.36,EMCAL,20.1238024742075,0.889820331239648
1.5707963267949,-0.36,IHCAL,1.24146311183469,0.324081117349984
1.5707963267949,-0.36,INTT,0.0443699762967039,0.0191082192596556
1.5707963267949,-0.36,MAGNET,1.44188692600789,0.329802739552939
1.5707963267949,-0.36,MVTX,0.0131646383746998,0.00571140226020771
1.5707963267949,-0.36,OHCAL,38.8799195623145,4.26312015786978
1.5707963267949,-0.36,OTHER,3.81969741223883e-25,6.88020311502536e-25
1.5707963267949,-0.36,PIPE,0.00237753383892862,0.00212795776160033
1.5707963267949,-0.36,TPC,0.0440509495556007,0.0161376324198748
1.5707963267949,-0.34,EMCAL,18.9063175971431,0.842599916136035
1.5707963267949,-0.34,IHCAL,1.23335897050685,0.321965547416764
1.5707963267949,-0.34,INTT,0.0440803311888226,0.0189834817075805
1.5707963267949,-0.34,MAGNET,1.43247435631339,0.327649802859023
1.5707963267949,-0.34,MVTX,0.0130787002376867,0.00567411849623299
1.5707963267949,-0.34,OHCAL,36.5086798559378,4.01314806710168
1.5707963267949,-0.34,OTHER,3.84653600101221e-25,6.92854593440415e-25
1.5707963267949,-0.34,PIPE,0.00236201341041492,0.00211406655392188
1.5707963267949,-0.34,TPC,0.0437633870392048,0.0160322867182691
1.5707963267949,-0.32,EMCAL,18.650937491484,0.78483762346206
1.5707963267949,-0.32,IHCAL,1.22574818785602,0.319978767685242
1.5707963267949,-0.32,INTT,0.0438083188011624,0.0188663378013048
1.5707963267949,-0.32,MAGNET,1.42363479546132,0.325627930454973
1.5707963267949,-0.32,MVTX,0.0138172083986726,0.00607554501859427
1.5707963267949,-0.32,OHCAL,36.2815148208902,3.98724849710651
1.5707963267949,-0.32,OTHER,3.87174073748118e-25,6.97394578880403e-25
1.5707963267949,-0.32,PIPE,0.00234743781875932,0.00210102100105294
1.5707963267949,-0.32,TPC,0.04349333046115,0.015933354145118
1.5707963267949,-0.3,EMCAL,18.9093666033088,0.822075322726137
1.5707963267949,-0.3,IHCAL,1.23412489766253,0.327432403904319
1.5707963267949,-0.3,INTT,0.0435538303251413,0.0187567406817042
1.5707963267949,-0.3,MAGNET,1.41536470750949,0.323736313564868
1.5707963267949,-0.3,MVTX,0.0129224866434314,0.00560634613136351
1.5707963267949,-0.3,OHCAL,36.0726291129141,3.9652159409942
1.5707963267949,-0.3,OTHER,3.89532170387641e-25,7.0164208387721e-25
1.5707963267949,-0.3,PIPE,0.00233380123353079,0.00208881588459838
1.5707963267949,-0.3,TPC,0.0432406717951926,0.0158407951260719
1.5707963267949,-0.28,EMCAL,19.2357167337265,0.853963862859744
1.5707963267949,-0.28,IHCAL,1.22740607636812,0.32564984795952
1.5707963267949,-0.28,INTT,0.0433167639619758,0.0186546465084695
1.5707963267949,-0.28,MAGNET,1.40766078431244,0.321974195516731
1.5707963267949,-0.28,MVTX,0.0128521486986687,0.00557583042061919
1.5707963267949,-0.28,OHCAL,35.876281956249,3.94363285625408
1.5707963267949,-0.28,OTHER,3.91728833289887e-25,7.05598807489469e-25
1.5707963267949,-0.28,PIPE,0.00232109819991345,0.00207744632234892
1.5707963267949,-0.28,TPC,0.0430053099744975,0.015754572636289
1.5707963267949,-0.26,EMCAL,19.7187361593919,0.873997243121954
1.5707963267949,-0.26,IHCAL,1.20585219080538,0.31478477342278
1.5707963267949,-0.26,INTT,0.0430970248819597,0.0185600144425702
1.5707963267949,-0.26,MAGNET,1.40051994419818,0.320340871439847
1.5707963267949,-0.26,MVTX,0.0149229652725039,0.00668551663233686
1.5707963267949,-0.26,OHCAL,35.6942872139032,3.92362742654658
1.5707963267949,-0.26,OTHER,3.93764941149305e-25,7.09266332459382e-25
1.5707963267949,-0.26,PIPE,0.00230932363652446,0.00206690776632805
1.5707963267949,-0.26,TPC,0.0427871508512155,0.0156746521856257
1.5707963267949,-0.24,EMCAL,19.6340367013663,0.867578880401908
1.5707963267949,-0.24,IHCAL,1.20017976481795,0.313304210406741
1.5707963267949,-0.24,INTT,0.0428945251865309,0.018472806629918
1.5707963267949,-0.24,MAGNET,1.39393933073545,0.318835687982808
1.5707963267949,-0.24,MVTX,0.0127268698220397,0.00552147890417265
1.5707963267949,-0.24,OHCAL,35.5248366294548,3.90414950164663
1.5707963267949,-0.24,OTHER,3.9564130843619e-25,7.1264612584584e-25
1.5707963267949,-0.24,PIPE,0.00229847283338146,0.00205719600097285
1.5707963267949,-0.24,TPC,0.0425861071587655,0.0156010018048335
1.5707963267949,-0.22,EMCAL,18.9667362352355,0.796601402224016
1.5707963267949,-0.22,IHCAL,1.19499332300429,0.311950321904823
1.5707963267949,-0.22,INTT,0.0427091838731115,0.0183929881862251
1.5707963267949,-0.22,MAGNET,1.38791631159112,0.317458043052161
1.5707963267949,-0.22,MVTX,0.0126718787769523,0.00549762135713915
1.5707963267949,-0.22,OHCAL,35.3713386737672,3.88728020637024
1.5707963267949,-0.22,OTHER,3.97358685722472e-25,7.15739539611259e-25
1.5707963267949,-0.22,PIPE,0.00228854145001856,0.0020483071414477
1.5707963267949,-0.22,TPC,0.042402098477007,0.01553359203278
1.5707963267949,-0.2,EMCAL,19.4048237534336,0.844859525050211
1.5707963267949,-0.2,IHCAL,1.20542169226911,0.319817071487125
1.5707963267949,-0.2,INTT,0.0425409268027046,0.0183205271830498
1.5707963267949,-0.2,MAGNET,1.38244847747722,0.316207385571565
1.5707963267949,-0.2,MVTX,0.0147360095310896,0.00660223482724675
1.5707963267949,-0.2,OHCAL,35.2337094285204,3.87299928014532
1.5707963267949,-0.2,OTHER,3.98917759981967e-25,7.18547811162393e-25
1.5707963267949,-0.2,PIPE,0.00227952551374993,0.00204023763209024
1.5707963267949,-0.2,TPC,0.0422350512000193,0.015472395904658
1.5707963267949,-0.18,EMCAL,19.703344881791,0.872876083203724
1.5707963267949,-0.18,IHCAL,1.20113559457939,0.318679926022567
1.5707963267949,-0.18,INTT,0.0423896866702388,0.0182553946350248
1.5707963267949,-0.18,MAGNET,1.3775336411872,0.315083215261352
1.5707963267949,-0.18,MVTX,0.0146795407332148,0.00657658923536527
1.5707963267949,-0.18,OHCAL,35.1084474780419,3.85923009670523
1.5707963267949,-0.18,OTHER,4.00319154865164e-25,7.21072063845305e-25
1.5707963267949,-0.18,PIPE,0.00227142141808089,0.00203298424498915
1.5707963267949,-0.18,TPC,0.0420848985066366,0.0154173889411977
1.5707963267949,-0.16,EMCAL,19.5348809969547,0.866355565521626
1.5707963267949,-0.16,IHCAL,1.18229477767886,0.308635455236929
1.5707963267949,-0.16,INTT,0.0422554029776444,0.0181975644882622
1.5707963267949,-0.16,MAGNET,1.37316983672102,0.31408508243841
1.5707963267949,-0.16,MVTX,0.0125372413061043,0.0054392096686884
1.5707963267949,-0.16,OHCAL,34.9972293767091,3.84700465697448
1.5707963267949,-0.16,OTHER,4.01563430948705e-25,7.23313307394728e-25
1.5707963267949,-0.16,PIPE,0.00226422592126509,0.00202654407869286
1.5707963267949,-0.16,TPC,0.0419515803337958,0.0153685491388816
1.5707963267949,-0.14,EMCAL,19.1603279491867,0.844273850332229
1.5707963267949,-0.14,IHCAL,1.17900987612779,0.30777795873547
1.5707963267949,-0.14,INTT,0.0421380220096539,0.0181470136099324
1.5707963267949,-0.14,MAGNET,1.3693553184987,0.3132125878363
1.5707963267949,-0.14,MVTX,0.0125024141972203,0.0054241001288184
1.5707963267949,-0.14,OHCAL,34.8983071839576,3.83529444909362
1.5707963267949,-0.14,OTHER,4.02651085959611e-25,7.25272438337962e-25
1.5707963267949,-0.14,PIPE,0.0022579361450079,0.00202091455704902
1.5707963267949,-0.14,TPC,0.0418350433524617,0.0153258569611391
1.5707963267949,-0.12,EMCAL,19.2197578612059,0.821952867669437
1.5707963267949,-0.12,IHCAL,1.19115425998944,0.316031790161871
1.5707963267949,-0.12,INTT,0.0420374968123151,0.0181037217790099
1.5707963267949,-0.12,MAGNET,1.3660885606621,0.312465382445548
1.5707963267949,-0.12,MVTX,0.0143896590532569,0.00643248905883886
1.5707963267949,-0.12,OHCAL,34.8167525628099,3.8271660834405
1.5707963267949,-0.12,OTHER,4.03582554974391e-25,7.2695024035351e-25
1.5707963267949,-0.12,PIPE,0.00225254957331491,0.00201609342817387
1.5707963267949,-0.12,TPC,0.0417352409462549,0.0152892953305264
1.5707963267949,-0.1,EMCAL,19.468294734654,0.866391992216987
1.5707963267949,-0.1,IHCAL,1.18878169587427,0.315402334172949
1.5707963267949,-0.1,INTT,0.0419537871742086,0.0180676716781852
1.5707963267949,-0.1,MAGNET,1.36336825646451,0.311843167374035
1.5707963267949,-0.1,MVTX,0.0124477514458039,0.00540038501009635
1.5707963267949,-0.1,OHCAL,34.7474218648443,3.81954503573685
1.5707963267949,-0.1,OTHER,4.04358210593068e-25,7.28347384584546e-25
1.5707963267949,-0.1,PIPE,0.00224806405148566,0.0020120787635516
1.5707963267949,-0.1,TPC,0.0416521331929303,0.0152588496219082
1.5707963267949,-0.0800000000000001,EMCAL,19.4129301100004,0.863294409888281
1.5707963267949,-0.0800000000000001,IHCAL,1.17198060186835,0.305943040883487
1.5707963267949,-0.0800000000000001,INTT,0.0418868596103632,0.0180388488869373
1.5707963267949,-0.0800000000000001,MAGNET,1.361193317748,0.311345693727435
1.5707963267949,-0.0800000000000001,MVTX,0.012427893937442,0.00539176994488058
1.5707963267949,-0.0800000000000001,OHCAL,34.691990597808,3.81345185685776
1.5707963267949,-0.0800000000000001,OTHER,4.04978363088235e-25,7.29464429907394e-25
1.5707963267949,-0.0800000000000001,PIPE,0.00224447778525158,0.00200886895726282
1.5707963267949,-0.0800000000000001,TPC,0.0415856868482473,0.0152345076565926
1.5707963267949,-0.0600000000000001,EMCAL,18.4838291875369,0.821299734578865
1.5707963267949,-0.0600000000000001,IHCAL,1.17057619393471,0.305576442718763
1.5707963267949,-0.0600000000000001,INTT,0.0418366873488607,0.0180172418757654
1.5707963267949,-0.0600000000000001,MAGNET,1.35956287450808,0.310972762509658
1.5707963267949,-0.0600000000000001,MVTX,0.0124130077523627,0.00538531165953403
1.5707963267949,-0.0600000000000001,OHCAL,34.64799614211,3.80741762014328
1.5707963267949,-0.0600000000000001,OTHER,4.05443260529156e-25,7.30301823155075e-25
1.5707963267949,-0.0600000000000001,PIPE,0.00224178934005837,0.00200646272534223
1.5707963267949,-0.0600000000000001,TPC,0.0415358753327865,0.015216259697469
1.5707963267949,-0.04,EMCAL,19.6477594600772,0.819849633596251
1.5707963267949,-0.04,IHCAL,1.16964003389779,0.305332079619821
1.5707963267949,-0.04,INTT,0.0418032503201278,0.0180028420015769
1.5707963267949,-0.04,MAGNET,1.3584762745457,0.310724224543244
1.5707963267949,-0.04,MVTX,0.0124030869358932,0.00538100757065639
1.5707963267949,-0.04,OHCAL,34.6202783003448,3.80437187751726
1.5707963267949,-0.04,OTHER,4.05753088881007e-25,7.30859899296054e-25
1.5707963267949,-0.04,PIPE,0.00223999764049212,0.00200485910526497
1.5707963267949,-0.04,TPC,0.0415026787212617,0.0152040984451089
1.5707963267949,-0.02,EMCAL,20.8300899241297,0.903667271717063
1.5707963267949,-0.02,IHCAL,1.18404011108678,0.314144406071094
1.5707963267949,-0.02,INTT,0.041786535148907,0.0179956435042301
1.5707963267949,-0.02,MAGNET,1.3579330832064,0.310599980409692
1.5707963267949,-0.02,MVTX,0.0123981275195748,0.00537885595655472
1.5707963267949,-0.02,OHCAL,37.176178818135,4.07365477081231
1.5707963267949,-0.02,OTHER,4.05907972079261e-25,7.3113888156823e-25
1.5707963267949,-0.02,PIPE,0.00223910196984909,0.00200405745556162
1.5707963267949,-0.02,TPC,0.187948345182267,0.0527913192378082
1.5707963267949,0,EMCAL,20.6055913514251,0.896558286171314
1.5707963267949,0,IHCAL,1.18403701332005,0.314143697519032
1.5707963267949,0,INTT,0.041786535148907,0.0179956435042301
1.5707963267949,0,MAGNET,1.3579330832064,0.310599980409692
1.5707963267949,0,MVTX,0.0123981275195748,0.00537885595655472
1.5707963267949,0,OHCAL,37.176179153017,4.0736548059452
1.5707963267949,0,OTHER,4.05907972079261e-25,7.3113888156823e-25
1.5707963267949,0,PIPE,0.00223910196984909,0.00200405745556162
1.5707963267949,0,TPC,0.187924809309173,0.0527778554410537
1.5707963267949,0.02,EMCAL,19.7814693182234,0.822941094661095
1.5707963267949,0.02,IHCAL,1.16959125352607,0.305303975509083
1.5707963267949,0.02,INTT,0.0418032503201278,0.0180028420015769
1.5707963267949,0.02,MAGNET,1.3584762745457,0.310724224543244
1.5707963267949,0.02,MVTX,0.0124030869358932,0.00538100757065638
1.5707963267949,0.02,OHCAL,34.6227182406312,3.80583734630111
1.5707963267949,0.02,OTHER,4.05753088881007e-25,7.30859899296054e-25
1.5707963267949,0.02,PIPE,0.00223999764049212,0.00200485910526497
1.5707963267949,0.02,TPC,0.0415026787212617,0.0152040984451089
1.5707963267949,0.04,EMCAL,18.5672109771984,0.8244194902835
1.5707963267949,0.04,IHCAL,1.17052722622424,0.305548282203035
1.5707963267949,0.04,INTT,0.0418366873488607,0.0180172418757654
1.5707963267949,0.04,MAGNET,1.35956287450808,0.310972762509658
1.5707963267949,0.04,MVTX,0.0124130077523626,0.00538531165953402
1.5707963267949,0.04,OHCAL,34.6504401708746,3.80888448528662
1.5707963267949,0.04,OTHER,4.05443260529156e-25,7.30301823155075e-25
1.5707963267949,0.04,PIPE,0.00224178934005837,0.00200646272534223
1.5707963267949,0.04,TPC,0.0415358753327865,0.015216259697469
1.5707963267949,0.0599999999999998,EMCAL,19.6393046330368,0.86996842511512
1.5707963267949,0.0599999999999998,IHCAL,1.17193142678655,0.305914812596438
1.5707963267949,0.0599999999999998,INTT,0.0418868596103632,0.0180388488869373
1.5707963267949,0.0599999999999998,MAGNET,1.361193317748,0.311345693727435
1.5707963267949,0.0599999999999998,MVTX,0.012427893937442,0.0053917699448806
1.5707963267949,0.0599999999999998,OHCAL,34.6919963273621,3.81345245795259
1.5707963267949,0.0599999999999998,OTHER,4.04978363088235e-25,7.29464429907394e-25
1.5707963267949,0.0599999999999998,PIPE,0.00224447778525158,0.00200886895726283
1.5707963267949,0.0599999999999998,TPC,0.0415856868482473,0.0152345076565926
1.5707963267949,0.0799999999999998,EMCAL,19.3070119999185,0.862234613546068
1.5707963267949,0.0799999999999998,IHCAL,1.18877799034781,0.315401486608028
1.5707963267949,0.0799999999999998,INTT,0.0419537871742086,0.0180676716781852
1.5707963267949,0.0799999999999998,MAGNET,1.36336825646451,0.311843167374035
1.5707963267949,0.0799999999999998,MVTX,0.0124477514458038,0.00540038501009634
1.5707963267949,0.0799999999999998,OHCAL,34.7474297530694,3.81954586330062
1.5707963267949,0.0799999999999998,OTHER,4.04358210593069e-25,7.28347384584546e-25
1.5707963267949,0.0799999999999998,PIPE,0.00224806405148566,0.0020120787635516
1.5707963267949,0.0799999999999998,TPC,0.0416521331929303,0.0152588496219082
1.5707963267949,0.0999999999999999,EMCAL,19.7533129840078,0.837061393197297
1.5707963267949,0.0999999999999999,IHCAL,1.19115039741054,0.316030906674352
1.5707963267949,0.0999999999999999,INTT,0.0420374968123151,0.0181037217790099
1.5707963267949,0.0999999999999999,MAGNET,1.3660885606621,0.312465382445548
1.5707963267949,0.0999999999999999,MVTX,0.0124725882207161,0.0054111603013222
1.5707963267949,0.0999999999999999,OHCAL,34.8167630703386,3.82716718579875
1.5707963267949,0.0999999999999999,OTHER,4.03582554974391e-25,7.2695024035351e-25
1.5707963267949,0.0999999999999999,PIPE,0.00225254957331492,0.00201609342817387
1.5707963267949,0.0999999999999999,TPC,0.0417352409462762,0.0152892953305283
1.5707963267949,0.12,EMCAL,19.6908215140335,0.859464100921979
1.5707963267949,0.12,IHCAL,1.17895995607162,0.307749458231988
1.5707963267949,0.12,INTT,0.0421380220096539,0.0181470136099324
1.5707963267949,0.12,MAGNET,1.3693553184987,0.3132125878363
1.5707963267949,0.12,MVTX,0.0125024141972202,0.0054241001288184
1.5707963267949,0.12,OHCAL,34.9000237168807,3.83631944296718
1.5707963267949,0.12,OTHER,4.02651085959611e-25,7.25272438337963e-25
1.5707963267949,0.12,PIPE,0.0022579361450079,0.00202091455704902
1.5707963267949,0.12,TPC,0.041835043352467,0.0153258569611396
1.5707963267949,0.14,EMCAL,19.6487293163942,0.869603068282272
1.5707963267949,0.14,IHCAL,1.18224456740898,0.308606840767921
1.5707963267949,0.14,INTT,0.0422554029776444,0.0181975644882622
1.5707963267949,0.14,MAGNET,1.37316983672102,0.31408508243841
1.5707963267949,0.14,MVTX,0.0125372413061042,0.00543920966868838
1.5707963267949,0.14,OHCAL,34.9972422295695,3.84700600538447
1.5707963267949,0.14,OTHER,4.01563430948705e-25,7.23313307394728e-25
1.5707963267949,0.14,PIPE,0.0022642259212651,0.00202654407869287
1.5707963267949,0.14,TPC,0.0419515803338015,0.0153685491388822
1.5707963267949,0.16,EMCAL,19.6554892694042,0.871206204087879
1.5707963267949,0.16,IHCAL,1.2011312446735,0.318678931068766
1.5707963267949,0.16,INTT,0.0423896866702388,0.0182553946350248
1.5707963267949,0.16,MAGNET,1.3775336411872,0.315083215261352
1.5707963267949,0.16,MVTX,0.014677688173784,0.00657560227536904
1.5707963267949,0.16,OHCAL,35.1084588666857,3.8592312915024
1.5707963267949,0.16,OTHER,4.00319154865165e-25,7.21072063845306e-25
1.5707963267949,0.16,PIPE,0.00227142141808089,0.00203298424498915
1.5707963267949,0.16,TPC,0.0420848985066366,0.0154173889411977
1.5707963267949,0.18,EMCAL,19.821495267662,0.855513799037057
1.5707963267949,0.18,IHCAL,1.20541717369855,0.31981603795466
1.5707963267949,0.18,INTT,0.0425409268027046,0.0183205271830498
1.5707963267949,0.18,MAGNET,1.38244847747722,0.316207385571565
1.5707963267949,0.18,MVTX,0.0126219566523362,0.0054759629319511
1.5707963267949,0.18,OHCAL,35.2337193422707,3.87300032020951
1.5707963267949,0.18,OTHER,3.98917759981967e-25,7.18547811162393e-25
1.5707963267949,0.18,PIPE,0.00227952551374992,0.00204023763209023
1.5707963267949,0.18,TPC,0.0422350512000139,0.0154723959046575
1.5707963267949,0.2,EMCAL,19.6123406229157,0.815013594066893
1.5707963267949,0.2,IHCAL,1.19494211221299,0.311921294628802
1.5707963267949,0.2,INTT,0.0427091838731115,0.0183929881862251
1.5707963267949,0.2,MAGNET,1.38791631159112,0.317458043052161
1.5707963267949,0.2,MVTX,0.0121025089766763,0.0053710675967857
1.5707963267949,0.2,OHCAL,35.3730737605618,3.88831859913063
1.5707963267949,0.2,OTHER,3.97358685722472e-25,7.15739539611259e-25
1.5707963267949,0.2,PIPE,0.00228854145001856,0.0020483071414477
1.5707963267949,0.2,TPC,0.042402098477007,0.01553359203278
1.5707963267949,0.22,EMCAL,18.8398201971287,0.845848327597846
1.5707963267949,0.22,IHCAL,1.20012817615012,0.313275021563704
1.5707963267949,0.22,INTT,0.0428945251865309,0.018472806629918
1.5707963267949,0.22,MAGNET,1.39393933073545,0.318835687982808
1.5707963267949,0.22,MVTX,0.0169859740718926,0.00779053729147866
1.5707963267949,0.22,OHCAL,35.5265778635377,3.90519225560879
1.5707963267949,0.22,OTHER,3.9564130843619e-25,7.1264612584584e-25
1.5707963267949,0.22,PIPE,0.00229847283338147,0.00205719600097285
1.5707963267949,0.22,TPC,0.0425861071587712,0.0156010018048341
1.5707963267949,0.24,EMCAL,19.6118101431387,0.870644667812068
1.5707963267949,0.24,IHCAL,1.20579404331962,0.314754002290427
1.5707963267949,0.24,INTT,0.0430970248819597,0.0185600144425702
1.5707963267949,0.24,MAGNET,1.40051994419818,0.320340871439847
1.5707963267949,0.24,MVTX,0.0127869517847497,0.00554754511638851
1.5707963267949,0.24,OHCAL,35.6942933258515,3.92362806775888
1.5707963267949,0.24,OTHER,3.93764941149306e-25,7.09266332459383e-25
1.5707963267949,0.24,PIPE,0.00230932363652446,0.00206690776632805
1.5707963267949,0.24,TPC,0.0427871508512155,0.0156746521856257
1.5707963267949,0.26,EMCAL,18.6882085230774,0.838436981355182
1.5707963267949,0.26,IHCAL,1.22739336262867,0.3256469399464
1.5707963267949,0.26,INTT,0.0433167639619758,0.0186546465084695
1.5707963267949,0.26,MAGNET,1.40766078431244,0.321974195516731
1.5707963267949,0.26,MVTX,0.0128521486986686,0.00557583042061919
1.5707963267949,0.26,OHCAL,35.8762886086464,3.94363355416559
1.5707963267949,0.26,OTHER,3.91728833289887e-25,7.05598807489469e-25
1.5707963267949,0.26,PIPE,0.00232109819991344,0.00207744632234892
1.5707963267949,0.26,TPC,0.0430053099744975,0.015754572636289
1.5707963267949,0.28,EMCAL,18.8649658530515,0.819477267083827
1.5707963267949,0.28,IHCAL,1.23411044706805,0.327429098620415
1.5707963267949,0.28,INTT,0.0435538303251413,0.0187567406817042
1.5707963267949,0.28,MAGNET,1.41536470750949,0.323736313564868
1.5707963267949,0.28,MVTX,0.0150811760656523,0.00675639836106612
1.5707963267949,0.28,OHCAL,36.0726348940941,3.96521654750517
1.5707963267949,0.28,OTHER,3.89532170387641e-25,7.0164208387721e-25
1.5707963267949,0.28,PIPE,0.00233380123353079,0.00208881588459838
1.5707963267949,0.28,TPC,0.0432406717951868,0.0158407951260713
1.5707963267949,0.3,EMCAL,18.6240782602446,0.784331766845254
1.5707963267949,0.3,IHCAL,1.22568590735952,0.319946762858769
1.5707963267949,0.3,INTT,0.0438083188011624,0.0188663378013048
1.5707963267949,0.3,MAGNET,1.42363479546132,0.325627930454973
1.5707963267949,0.3,MVTX,0.0129979937551535,0.00563910445531264
1.5707963267949,0.3,OHCAL,36.2834107240523,3.98838568133885
1.5707963267949,0.3,OTHER,3.87174073748118e-25,6.97394578880403e-25
1.5707963267949,0.3,PIPE,0.00234743781875931,0.00210102100105292
1.5707963267949,0.3,TPC,0.04349333046115,0.015933354145118
1.5707963267949,0.32,EMCAL,18.5665880390805,0.833377577160223
1.5707963267949,0.32,IHCAL,1.23329623053613,0.321933327223939
1.5707963267949,0.32,INTT,0.0440803311888226,0.0189834817075805
1.5707963267949,0.32,MAGNET,1.43247435631339,0.327649802859023
1.5707963267949,0.32,MVTX,0.0130787002376866,0.005674118496233
1.5707963267949,0.32,OHCAL,36.5086817366798,4.01314826441273
1.5707963267949,0.32,OTHER,3.84653600101221e-25,6.92854593440415e-25
1.5707963267949,0.32,PIPE,0.00236201341041492,0.00211406655392188
1.5707963267949,0.32,TPC,0.0437633870392048,0.0160322867182691
1.5707963267949,0.34,EMCAL,19.8578343953469,0.881979738577398
1.5707963267949,0.34,IHCAL,1.24139988589771,0.324048668583171
1.5707963267949,0.34,INTT,0.0443699762967039,0.0191082192596556
1.5707963267949,0.34,MAGNET,1.44188692600789,0.329802739552939
1.5707963267949,0.34,MVTX,0.0145728729781868,0.00646164605582439
1.5707963267949,0.34,OHCAL,38.8799193436972,4.26312013493436
1.5707963267949,0.34,OTHER,3.81969741223883e-25,6.88020311502536e-25
1.5707963267949,0.34,PIPE,0.00237753383892863,0.00212795776160034
1.5707963267949,0.34,TPC,0.0440509495556066,0.0161376324198754
1.5707963267949,0.36,EMCAL,18.6165669831378,0.834319837586794
1.5707963267949,0.36,IHCAL,1.26772353102795,0.336943815223902
1.5707963267949,0.36,INTT,0.0446773699867115,0.0192406003542143
1.5707963267949,0.36,MAGNET,1.45187626969821,0.332087601740105
1.5707963267949,0.36,MVTX,0.0132558425425937,0.00575097066123961
1.5707963267949,0.36,OHCAL,39.149292290874,4.29265637476343
1.5707963267949,0.36,OTHER,3.79121423536769e-25,6.82889799289535e-25
1.5707963267949,0.36,PIPE,0.0023940053126788,0.00214270018075659
1.5707963267949,0.36,TPC,0.0443561330391727,0.0162494333896197
1.5707963267949,0.38,EMCAL,18.9409164130838,0.825958927690343
1.5707963267949,0.38,IHCAL,1.27695280553966,0.33939683744205
1.5707963267949,0.38,INTT,0.0450026352204199,0.0193806779454594
1.5707963267949,0.38,MAGNET,1.46244638325502,0.334505303395861
1.5707963267949,0.38,MVTX,0.0133523492242516,0.00579283952721661
1.5707963267949,0.38,OHCAL,37.27257268159,4.09711748921932
1.5707963267949,0.38,OTHER,3.76107507674826e-25,6.77461004528116e-25
1.5707963267949,0.38,PIPE,0.0024114344204745,0.00215829970855483
1.5707963267949,0.38,TPC,0.0446790595673893,0.0163677343493831
1.5707963267949,0.4,EMCAL,18.3269764250874,0.786893846759831
1.5707963267949,0.4,IHCAL,1.27003371148678,0.331974960409243
1.5707963267949,0.4,INTT,0.0453459021082597,0.0195285080662952
1.5707963267949,0.4,MAGNET,1.47360149486468,0.337056811633105
1.5707963267949,0.4,MVTX,0.0134541970236329,0.00583702560624337
1.5707963267949,0.4,OHCAL,37.5568875300669,4.12837021133411
1.5707963267949,0.4,OTHER,3.72926788031523e-25,6.71731755627991e-25
1.5707963267949,0.4,PIPE,0.00242982813419131,0.00217476258501424
1.5707963267949,0.4,TPC,0.0450198583151557,0.0164925826211251
1.5707963267949,0.42,EMCAL,18.1743311797406,0.801820338144448
1.5707963267949,0.42,IHCAL,1.28015569838881,0.334620758363111
1.5707963267949,0.42,INTT,0.0457073079615629,0.019684149850741
1.5707963267949,0.42,MAGNET,1.48534606672057,0.339743147089153
1.5707963267949,0.42,MVTX,0.0135614266812153,0.00588354657334072
1.5707963267949,0.42,OHCAL,37.8562161168086,4.16127333808473
1.5707963267949,0.42,OTHER,3.69577992276592e-25,6.6569976081321e-25
1.5707963267949,0.42,PIPE,0.00244919381155993,0.00219209539550487
1.5707963267949,0.42,TPC,0.0453786656065209,0.0166240281458195
1.5707963267949,0.44,EMCAL,20.2635526782899,0.897066374813347
1.5707963267949,0.44,IHCAL,1.30772118758213,0.347574675793304
1.5707963267949,0.44,INTT,0.0460869973474896,0.019847665557586
1.5707963267949,0.44,MAGNET,1.49768479680802,0.342565384334006
1.5707963267949,0.44,MVTX,0.0136740810902917,0.00593242103751572
1.5707963267949,0.44,OHCAL,38.1706877194227,4.19584103224306
1.5707963267949,0.44,OTHER,3.6605978084708e-25,6.59362607205418e-25
1.5707963267949,0.44,PIPE,0.00246953919910953,0.00221030507338203
1.5707963267949,0.44,TPC,0.0457556249691795,0.0167621235034282
1.5707963267949,0.46,EMCAL,18.2217760179055,0.821948667679585
1.5707963267949,0.46,IHCAL,1.31716812967373,0.349465669150118
1.5707963267949,0.46,INTT,0.0464851221468568,0.0200191205952931
1.5707963267949,0.46,MAGNET,1.51062262078359,0.345524652300192
1.5707963267949,0.46,MVTX,0.0137922053141277,0.00598366854920572
1.5707963267949,0.46,OHCAL,38.5004281321803,4.23208712149844
1.5707963267949,0.46,OTHER,3.62370746411505e-25,6.52717759858675e-25
1.5707963267949,0.46,PIPE,0.00249087243526639,0.00222939890275965
1.5707963267949,0.46,TPC,0.0461508871919212,0.0169069239339376
1.5707963267949,0.48,EMCAL,19.7986164856892,0.881740272429928
1.5707963267949,0.48,IHCAL,1.31223625796257,0.342539468167805
1.5707963267949,0.48,INTT,0.0469018416148926,0.0201985835481635
1.5707963267949,0.48,MAGNET,1.52416471394938,0.348622134734355
1.5707963267949,0.48,MVTX,0.0139158466039878,0.00603730960809872
1.5707963267949,0.48,OHCAL,39.4754127673351,4.33610379155314
1.5707963267949,0.48,OTHER,3.58509413306906e-25,6.45762560745444e-25
1.5707963267949,0.48,PIPE,0.00251320205360943,0.00224938452142411
1.5707963267949,0.48,TPC,0.0465646103848869,0.0170584873594485
1.5707963267949,0.5,EMCAL,18.4715078298097,0.815483963959272
1.5707963267949,0.5,IHCAL,1.32442012890377,0.34571988911074
1.5707963267949,0.5,INTT,0.0473373224449406,0.0203861262037712
1.5707963267949,0.5,MAGNET,1.53831649332322,0.351859070670768
1.5707963267949,0.5,MVTX,0.0140450544180367,0.00609336567133349
1.5707963267949,0.5,OHCAL,39.5190354352954,4.34248796651634
1.5707963267949,0.5,OTHER,3.54474236948556e-25,6.38494227693343e-25
1.5707963267949,0.5,PIPE,0.00253653698628373,0.00227026992388933
1.5707963267949,0.5,TPC,0.0469969600428763,0.0172168744073528
1.5707963267949,0.52,EMCAL,17.4527946329264,0.751426819584422
1.5707963267949,0.52,IHCAL,1.33953827318823,0.350483485585495
1.5707963267949,0.52,INTT,0.0477917388351393,0.0205818235816791
1.5707963267949,0.52,MAGNET,1.55308361980554,0.355236754926967
1.5707963267949,0.52,MVTX,0.0141798804411226,0.00615185916208276
1.5707963267949,0.52,OHCAL,40.2243109923062,4.41836559147072
1.5707963267949,0.52,OTHER,3.50263603212107e-25,6.30909853272238e-25
1.5707963267949,0.52,PIPE,0.00256088656757349,0.00229206346459477
1.5707963267949,0.52,TPC,0.047448109111511,0.0173821484345806
1.5707963267949,0.54,EMCAL,21.0654094982496,0.933410989260892
1.5707963267949,0.54,IHCAL,1.33021895916834,0.340380575556545
1.5707963267949,0.54,INTT,0.0482652725581037,0.0207857539634475
1.5707963267949,0.54,MAGNET,1.56847200044385,0.35875653862169
1.5707963267949,0.54,MVTX,0.0167117613146355,0.00748683418222289
1.5707963267949,0.54,OHCAL,39.974822694775,4.39415707708209
1.5707963267949,0.54,OTHER,3.45875827787923e-25,6.23006403631234e-25
1.5707963267949,0.54,PIPE,0.00258626053763589,0.0023147738612473
1.5707963267949,0.54,TPC,0.0479182380564529,0.0175543755529488
1.5707963267949,0.56,EMCAL,17.7220091312648,0.810413340867523
1.5707963267949,0.56,IHCAL,1.38157306334829,0.366553354577224
1.5707963267949,0.56,INTT,0.0487581130336369,0.0209979989239485
1.5707963267949,0.56,MAGNET,1.58448779079557,0.362419829715345
1.5707963267949,0.56,MVTX,0.0144666051121657,0.00627625300319273
1.5707963267949,0.56,OHCAL,40.3830109759703,4.43902639369924
1.5707963267949,0.56,OTHER,3.41309155507329e-25,6.14780717285094e-25
1.5707963267949,0.56,PIPE,0.00261266904639727,0.0023384101983084
1.5707963267949,0.56,TPC,0.0484075349355294,0.017733624655599
1.5707963267949,0.58,EMCAL,21.8685740455341,0.960957497720857
1.5707963267949,0.58,IHCAL,1.37720345448658,0.359055720825516
1.5707963267949,0.58,INTT,0.0492704574045005,0.0212186433639961
1.5707963267949,0.58,MAGNET,1.60113739739039,0.366228093573216
1.5707963267949,0.58,MVTX,0.0146186184538143,0.00634220311274851
1.5707963267949,0.58,OHCAL,40.8073530695731,4.48567138736034
1.5707963267949,0.58,OTHER,3.36561759640525e-25,6.06229503849602e-25
1.5707963267949,0.58,PIPE,0.00264012265761327,0.00236298193062803
1.5707963267949,0.58,TPC,0.0489161954740225,0.0179199674445628
1.5707963267949,0.6,EMCAL,18.5724253769235,0.836224814739813
1.5707963267949,0.6,IHCAL,1.36264065049121,0.356200429408321
1.5707963267949,0.6,INTT,0.049802510615274,0.0214477755443083
1.5707963267949,0.6,MAGNET,1.61842748029296,0.370182853551622
1.5707963267949,0.6,MVTX,0.0147764794377619,0.00641069018811321
1.5707963267949,0.6,OHCAL,41.2480145878213,4.5341102833742
1.5707963267949,0.6,OTHER,3.31631741165863e-25,5.97349342725368e-25
1.5707963267949,0.6,PIPE,0.00266863235309441,0.00238849888722677
1.5707963267949,0.6,TPC,0.0494444231429232,0.0181134784594398
1.5707963267949,0.62,EMCAL,18.5046378113384,0.816205295960452
1.5707963267949,0.62,IHCAL,1.4268061132244,0.378554423961899
1.5707963267949,0.62,INTT,0.0503544854943359,0.0216854871208123
1.5707963267949,0.62,MAGNET,1.63636495576696,0.374285691607286
1.5707963267949,0.62,MVTX,0.014940251210507,0.00648174162503017
1.5707963267949,0.62,OHCAL,41.7051736909347,4.58436265619979
1.5707963267949,0.62,OTHER,3.26517128010219e-25,5.88136681729536e-25
1.5707963267949,0.62,PIPE,0.00269820953709901,0.00241497127522745
1.5707963267949,0.62,TPC,0.0499924292403554,0.0183142351072176
1.5707963267949,0.64,EMCAL,18.6543016064472,0.811999054814192
1.5707963267949,0.64,IHCAL,1.44301700083297,0.382855438049512
1.5707963267949,0.64,INTT,0.0509266028389978,0.0219318731813084
1.5707963267949,0.64,MAGNET,1.65495699904176,0.378538248930136
1.5707963267949,0.64,MVTX,0.0154997810119921,0.00676304394626419
1.5707963267949,0.64,OHCAL,42.1790207594952,4.63644939542865
1.5707963267949,0.64,OTHER,3.21215874260135e-25,5.78587835674873e-25
1.5707963267949,0.64,PIPE,0.0027288660408951,0.00244240968393831
1.5707963267949,0.64,TPC,0.0505604329760652,0.0185223176932321
1.5707963267949,0.66,EMCAL,18.0871377133492,0.764675111832348
1.5707963267949,0.66,IHCAL,1.44005630642073,0.375442341011119
1.5707963267949,0.66,INTT,0.0515190915038255,0.0221870322835059
1.5707963267949,0.66,MAGNET,1.67421104718256,0.382942226599801
1.5707963267949,0.66,MVTX,0.0152857915565601,0.00663165230675715
1.5707963267949,0.66,OHCAL,42.6697245887258,4.6903891595501
1.5707963267949,0.66,OTHER,3.15725859343427e-25,5.68698984895635e-25
1.5707963267949,0.66,PIPE,0.00276061412749288,0.00247082508908861
1.5707963267949,0.66,TPC,0.0511486615590871,0.0187378094532889
1.5707963267949,0.68,EMCAL,22.612858190622,0.995365723628606
1.5707963267949,0.68,IHCAL,1.45719332975672,0.379910203377881
1.5707963267949,0.68,INTT,0.0521321884921852,0.0224510664944478
1.5707963267949,0.68,MAGNET,1.69413480206535,0.387499386266071
1.5707963267949,0.68,MVTX,0.0154676983506139,0.00671057151783877
1.5707963267949,0.68,OHCAL,45.681716592396,5.00892602878807
1.5707963267949,0.68,OTHER,3.10044887180926e-25,5.58466173719658e-25
1.5707963267949,0.68,PIPE,0.00279346649655036,0.00250022885721934
1.5707963267949,0.68,TPC,0.0517573502887699,0.018960796586972
1.5707963267949,0.7,EMCAL,18.3818366452349,0.836407907843189
1.5707963267949,0.7,IHCAL,1.49514007454855,0.396684543525937
1.5707963267949,0.7,INTT,0.0527661390510469,0.022724081431339
1.5707963267949,0.7,MAGNET,1.71473623345773,0.392211550853575
1.5707963267949,0.7,MVTX,0.0163028258560791,0.0071368852338464
1.5707963267949,0.7,OHCAL,44.4430709147279,4.88160963551435
1.5707963267949,0.7,OTHER,3.04170685308023e-25,5.47885308886034e-25
1.5707963267949,0.7,PIPE,0.00282743628945315,0.00253063275022977
1.5707963267949,0.7,TPC,0.0523867426486424,0.0191913682921008
1.5707963267949,0.72,EMCAL,23.745232854265,1.03443239838282
1.5707963267949,0.72,IHCAL,1.51370106794923,0.401609079235421
1.5707963267949,0.72,INTT,0.0534211967690869,0.0230061863037946
1.5707963267949,0.72,MAGNET,1.73602358220695,0.397080605290977
1.5707963267949,0.72,MVTX,0.0158501490355981,0.00687649553674951
1.5707963267949,0.72,OHCAL,44.1488741433101,4.80571741938894
1.5707963267949,0.72,OTHER,2.98100903965641e-25,5.36952157907747e-25
1.5707963267949,0.72,PIPE,0.00286253709457138,0.00256204893008251
1.5707963267949,0.72,TPC,0.0530370904040731,0.0194296168004347
1.5707963267949,0.74,EMCAL,18.4652016301559,0.843458940807078
1.5707963267949,0.74,IHCAL,1.53286755405528,0.406694262123401
1.5707963267949,0.74,INTT,0.0540976236781267,0.0232974939575249
1.5707963267949,0.74,MAGNET,1.75800536353634,0.402108497264974
1.5707963267949,0.74,MVTX,0.0162935125997352,0.0070928485679444
1.5707963267949,0.74,OHCAL,38.769677135174,4.23866930760862
1.5707963267949,0.74,OTHER,2.91833115160313e-25,5.2566234737863e-25
1.5707963267949,0.74,PIPE,0.00289878295269514,0.00259448996366842
1.5707963267949,0.74,TPC,0.0537086537028503,0.0196756374145553
1.5707963267949,0.76,EMCAL,18.9124099307651,0.838864555446704
1.5707963267949,0.76,IHCAL,1.53164238000413,0.399320115351025
1.5707963267949,0.76,INTT,0.054795690357949,0.0235981209194757
1.5707963267949,0.76,MAGNET,1.78069037045153,0.407297237999396
1.5707963267949,0.76,MVTX,0.0162579633405847,0.00705342341558299
1.5707963267949,0.76,OHCAL,39.2799842983939,4.29939294961843
1.5707963267949,0.76,OTHER,2.85364811692946e-25,5.14011361223938e-25
1.5707963267949,0.76,PIPE,0.00293618836265091,0.00262796882783343
1.5707963267949,0.76,TPC,0.0544017011792192,0.0199295285459854
1.5707963267949,0.78,EMCAL,18.2095101627334,0.818810477724674
1.5707963267949,0.78,IHCAL,1.55176710430627,0.404566913458986
1.5707963267949,0.78,INTT,0.0555156760445334,0.02390818744444
1.5707963267949,0.78,MAGNET,1.80408767725775,0.412648903059719
1.5707963267949,0.78,MVTX,0.0164715841713794,0.00714610157818055
1.5707963267949,0.78,OHCAL,39.7960993469741,4.35588436417674
1.5707963267949,0.78,OTHER,2.78693406155908e-25,5.01994538893861e-25
1.5707963267949,0.78,PIPE,0.00297476828710145,0.00266249891456964
1.5707963267949,0.78,TPC,0.0551165100614327,0.0201913917545653
1.5707963267949,0.8,EMCAL,18.6181167761926,0.797155881356244
1.5707963267949,0.8,IHCAL,1.67173780749865,0.440697516684082
1.5707963267949,0.8,INTT,0.0562578687417545,0.0242278175631622
1.5707963267949,0.8,MAGNET,1.90078098160259,0.434765558737876
1.5707963267949,0.8,MVTX,0.0219257633878707,0.010030060857993
1.5707963267949,0.8,OHCAL,40.328133259896,4.41411817943738
1.5707963267949,0.8,OTHER,2.7181622989803e-25,4.8960707349924e-25
1.5707963267949,0.8,PIPE,0.00301453815853092,0.00269809403637213
1.5707963267949,0.8,TPC,0.0558533662825748,0.0204613317890701
1.5707963267949,0.82,EMCAL,23.0487632892818,1.02775479794865
1.5707963267949,0.82,IHCAL,1.81380046352962,0.473984242427357
1.5707963267949,0.82,INTT,0.0570225653365871,0.0245571391319514
1.5707963267949,0.82,MAGNET,2.08229403421052,0.476283032081265
1.5707963267949,0.82,MVTX,0.0169186804796565,0.00734007172707059
1.5707963267949,0.82,OHCAL,40.876300136456,4.4741178238464
1.5707963267949,0.82,OTHER,2.64730531957112e-25,4.76844009888749e-25
1.5707963267949,0.82,PIPE,0.00305551388541819,0.00273476843176423
1.5707963267949,0.82,TPC,0.056612564594944,0.020739456629111
1.5707963267949,0.84,EMCAL,19.2071908562475,0.872030316060899
1.5707963267949,0.84,IHCAL,1.63805126391996,0.434601521282635
1.5707963267949,0.84,INTT,0.0578100717178656,0.0248962838838265
1.5707963267949,0.84,MAGNET,2.26744157330778,0.518631821375597
1.5707963267949,0.84,MVTX,0.0171523348016235,0.00744144130400894
1.5707963267949,0.84,OHCAL,41.4302318726531,4.52954647835917
1.5707963267949,0.84,OTHER,2.574334779595e-25,4.63700242666766e-25
1.5707963267949,0.84,PIPE,0.00309771185860035,0.00277253677099311
1.5707963267949,0.84,TPC,0.0573944086879955,0.0210258775283334
1.5707963267949,0.86,EMCAL,23.9402940462841,1.06055158319277
1.5707963267949,0.86,IHCAL,1.63856570621821,0.427196263388272
1.5707963267949,0.86,INTT,0.0586207028986423,0.0252453874812099
1.5707963267949,0.86,MAGNET,2.2992363589791,0.525904241444576
1.5707963267949,0.86,MVTX,0.0188571041541322,0.00832587588635742
1.5707963267949,0.86,OHCAL,42.0219101088622,4.59951065681332
1.5707963267949,0.86,OTHER,2.49922148986301e-25,4.50170514151153e-25
1.5707963267949,0.86,PIPE,0.00314114895782933,0.00281141416189803
1.5707963267949,0.86,TPC,0.0581992113097834,0.021320709058915
1.5707963267949,0.88,EMCAL,19.1581539125414,0.875887941936555
1.5707963267949,0.88,IHCAL,1.66187487305386,0.433273440001206
1.5707963267949,0.88,INTT,0.0594547831421984,0.0256045895701955
1.5707963267949,0.88,MAGNET,2.3319508698509,0.533387030222283
1.5707963267949,0.88,MVTX,0.0176403231428227,0.00765315222500444
1.5707963267949,0.88,OHCAL,43.6738150889509,4.77553086986899
1.5707963267949,0.88,OTHER,2.42193540405773e-25,4.36249412270102e-25
1.5707963267949,0.88,PIPE,0.00318584255852399,0.00285141615595374
1.5707963267949,0.88,TPC,0.0590272943921106,0.0216240691574018
1.5707963267949,0.9,EMCAL,23.4996523244689,1.04647258386103
1.5707963267949,0.9,IHCAL,1.70897898951878,0.453419167571475
1.5707963267949,0.9,INTT,0.0603126460917522,0.0259740338364081
1.5707963267949,0.9,MAGNET,2.49779105723234,0.571319649722345
1.5707963267949,0.9,MVTX,0.0178948523638981,0.00776357825625284
1.5707963267949,0.9,OHCAL,44.3040111317019,4.84443975878983
1.5707963267949,0.9,OTHER,2.34244560671434e-25,4.21931368397245e-25
1.5707963267949,0.9,PIPE,0.00323181053872052,0.00289255875449121
1.5707963267949,0.9,TPC,0.0598789891792279,0.0219360791718754
1.5707963267949,0.92,EMCAL,20.2390773364294,0.910838704296191
1.5707963267949,0.92,IHCAL,1.73397432382487,0.460050683081383
1.5707963267949,0.92,INTT,0.0611946349039222,0.0263538680624805
1.5707963267949,0.92,MAGNET,2.69651175878838,0.616773027928999
1.5707963267949,0.92,MVTX,0.0181565397645202,0.00787710982231951
1.5707963267949,0.92,OHCAL,44.9391711860007,4.91157904116332
1.5707963267949,0.92,OTHER,2.26072030085401e-25,4.07210655124121e-25
1.5707963267949,0.92,PIPE,0.00327907128622393,0.00293485841509845
1.5707963267949,0.92,TPC,0.0607546363604141,0.0222568639105028
1.5707963267949,0.94,EMCAL,18.1037501737875,0.826836828880005
1.5707963267949,0.94,IHCAL,1.73584629156211,0.452558741937724
1.5707963267949,0.94,INTT,0.062101102385993,0.0267442441871674
1.5707963267949,0.94,MAGNET,2.50892964379446,0.57386737818612
1.5707963267949,0.94,MVTX,0.0184254900231384,0.0079937923373446
1.5707963267949,0.94,OHCAL,47.4998630249293,5.18554599189662
1.5707963267949,0.94,OTHER,2.22194315927322e-25,4.00225949753453e-25
1.5707963267949,0.94,PIPE,0.00332764370596335,0.00297833205820369
1.5707963267949,0.94,TPC,0.0616545862062171,0.0225865516914565
1.5707963267949,0.96,EMCAL,20.2921690532689,0.899385650047368
1.5707963267949,0.96,IHCAL,1.76187864038363,0.459345714618343
1.5707963267949,0.96,INTT,0.063032411137044,0.0271453183661239
1.5707963267949,0.96,MAGNET,2.52048254182154,0.576509872094887
1.5707963267949,0.96,MVTX,0.0193447515898897,0.00845620233192822
1.5707963267949,0.96,OHCAL,45.184369937971,4.94565810066273
1.5707963267949,0.96,OTHER,2.24740579997844e-25,4.04812390012712e-25
1.5707963267949,0.96,PIPE,0.00337754722755434,0.00302299707384384
1.5707963267949,0.96,TPC,0.0625791987085747,0.0229252743942449
1.5707963267949,0.98,EMCAL,19.6470166445882,0.848391890596506
1.5707963267949,0.98,IHCAL,1.81314851165663,0.481056965074319
1.5707963267949,0.98,INTT,0.0639889336929931,0.0275572510343692
1.5707963267949,0.98,MAGNET,1.92950291645253,0.441335125760026
1.5707963267949,0.98,MVTX,0.0191303176841418,0.00831389063295742
1.5707963267949,0.98,OHCAL,45.8346172420015,4.99939649732288
1.5707963267949,0.98,OTHER,2.26966744227977e-25,4.08822252684463e-25
1.5707963267949,0.98,PIPE,0.00342880181307091,0.00306887132862069
1.5707963267949,0.98,TPC,0.0635288437248161,0.0232731675124653
1.5707963267949,1,EMCAL,23.1378865471624,1.05994402247312
1.5707963267949,1,IHCAL,1.8409765497536,0.488440207019823
1.5707963267949,1,INTT,0.0649710526756167,0.0279802069704632
1.5707963267949,1,MAGNET,1.23180029337394,0.281749632380408
1.5707963267949,1,MVTX,0.0192770085694547,0.00836321873643099
1.5707963267949,1,OHCAL,45.5387784096136,4.96413530376723
1.5707963267949,1,OTHER,2.3304493436781e-25,4.19770549950054e-25
1.5707963267949,1,PIPE,0.00348142796503069,0.00311597317284783
1.5707963267949,1,TPC,0.0645039011256183,0.0236303702080045
1.5707963267949,1.02,EMCAL,20.1414786329364,0.921052279228798
1.5707963267949,1.02,IHCAL,1.84424916448667,0.480820730035094
1.5707963267949,1.02,INTT,0.0659791609456027,0.0284143553624197
1.5707963267949,1.02,MAGNET,1.19440189648285,0.273195498538777
1.5707963267949,1.02,MVTX,0.0195761158019708,0.00849298468025818
1.5707963267949,1.02,OHCAL,44.3899555995037,4.79258410255388
1.5707963267949,1.02,OTHER,2.52250751324778e-25,4.54364892745518e-25
1.5707963267949,1.02,PIPE,0.00353544673459611,0.00316432144789094
1.5707963267949,1.02,TPC,0.0655047609469261,0.023997025366702
1.5707963267949,1.04,EMCAL,27.7988378154131,1.20803361731395
1.5707963267949,1.04,IHCAL,1.87316433579338,0.488359344796235
1.5707963267949,1.04,INTT,0.0670136617597008,0.0288598698753844
1.5707963267949,1.04,MAGNET,1.26799441033805,0.290028311321975
1.5707963267949,1.04,MVTX,0.019883053741826,0.00862614793119879
1.5707963267949,1.04,OHCAL,39.2737923095805,4.25796662395476
1.5707963267949,1.04,OTHER,2.71096172631728e-25,4.88310075409619e-25
1.5707963267949,1.04,PIPE,0.0035908797299953,0.00321393549370475
1.5707963267949,1.04,TPC,0.0665318235460125,0.02437327965551
1.5707963267949,1.06,EMCAL,21.3681025406156,0.963376389998308
1.5707963267949,1.06,IHCAL,1.92892386539245,0.511774138150666
1.5707963267949,1.06,INTT,0.0680749689320302,0.0293169287211026
1.5707963267949,1.06,MAGNET,1.21049249291312,0.276875900023819
1.5707963267949,1.06,MVTX,0.0223112412797483,0.00988863048018866
1.5707963267949,1.06,OHCAL,34.1976695231653,3.72760492870142
1.5707963267949,1.06,OTHER,2.89618382038576e-25,5.21673074910527e-25
1.5707963267949,1.06,PIPE,0.00364774912516553,0.00326483515656908
1.5707963267949,1.06,TPC,0.0675854997616286,0.0247592835811623
1.5707963267949,1.08,EMCAL,29.142985276298,1.26297149327937
1.5707963267949,1.08,IHCAL,1.95976593686412,0.519957101585989
1.5707963267949,1.08,INTT,0.0691635069996108,0.0297857147292068
1.5707963267949,1.08,MAGNET,0.733193091126476,0.16770322673241
1.5707963267949,1.08,MVTX,0.0205209160421285,0.00890288080299956
1.5707963267949,1.08,OHCAL,29.1537412043403,3.20067675150993
1.5707963267949,1.08,OTHER,3.10212203949829e-25,5.5876755187357e-25
1.5707963267949,1.08,PIPE,0.00370607766862313,0.00331704079702775
1.5707963267949,1.08,TPC,0.0641119374367275,0.0239301774910244
1.5707963267949,1.1,EMCAL,20.593231514268,0.8685267362678
1.5707963267949,1.1,IHCAL,1.79563421914605,0.410715343920201
1.5707963267949,1.1,INTT,0.0702797113921836,0.0302664154203509
1.5707963267949,1.1,MAGNET,0.0641867401900956,0.0146814305448182
1.5707963267949,1.1,MVTX,0.0208520955560009,0.00904656112069826
1.5707963267949,1.1,OHCAL,28.6247610803371,3.00306022337404
1.5707963267949,1.1,OTHER,3.42551094632265e-25,6.17017751404255e-25
1.5707963267949,1.1,PIPE,0.0037658886925632,0.00337057329803303
1.5707963267949,1.1,TPC,0.175974657355491,0.0449617923724674
