region,eta,subsystem,nsamples,meanX0,rmsX0,meanLambdaI,rmsLambdaI
SECTOR,-1.1,PIPE,131,0.00377676454803865,0.00196673850284209,0.00324704275500693,0.000240833009324443
SECTOR,-1.1,MVTX,131,0.0410598404015838,0.0396938350293297,0.0173988280387843,0.0195277959451238
SECTOR,-1.1,INTT,131,0.0924757356300511,0.0263009772476275,0.0405269702082136,0.0108781308942867
SECTOR,-1.1,TPC,131,0.29244140408962,0.458900290861098,0.0707512377903357,0.0762755951172026
SECTOR,-1.1,EMCAL,131,17.5358422603102,10.6773062238305,0.76258946744559,0.460155391498158
SECTOR,-1.1,MAGNET,131,0.586239431588203,0.553427316422923,0.134090521998872,0.126585408194978
SECTOR,-1.1,IHCAL,131,1.59115540545158,0.318588693032341,0.397874917886866,0.0974933420784075
SECTOR,-1.1,OHCAL,131,28.9965471626161,6.26947756815848,3.28878313555585,0.731475196123408
SECTOR,-1.1,OTHER,131,0.0130550865872453,0.0199219988664543,0.0029404184986197,0.00479683507645067
SECTOR,-1.08,PIPE,141,0.0037905921614104,0.00206783540918266,0.00319488417858524,0.000228593485686601
SECTOR,-1.08,MVTX,141,0.0418673922288723,0.0271729759579927,0.0165933938181245,0.00773653954786162
SECTOR,-1.08,INTT,141,0.0895330793133454,0.0255894449336282,0.0392524301872317,0.010574941055888
SECTOR,-1.08,TPC,141,0.235641747916677,0.284752860373723,0.0614939493424351,0.0658123474987091
SECTOR,-1.08,EMCAL,141,19.5725115972522,10.4438334632741,0.847081099840071,0.445672751255077
SECTOR,-1.08,MAGNET,141,0.711168383223373,0.502280424642379,0.162665516164906,0.114886581661095
SECTOR,-1.08,IHCAL,141,1.64254414117294,0.308961522825723,0.417298350078667,0.0931964453419307
SECTOR,-1.08,OHCAL,141,32.5874246642475,6.3742091256646,3.70523161450825,0.737615192339167
SECTOR,-1.08,OTHER,141,0.0117030345362172,0.0194115869705,0.00261113658743409,0.00445543635912451
SECTOR,-1.06,PIPE,141,0.00364696448059183,0.00183701511732764,0.00314418602379411,0.000224948422934708
SECTOR,-1.06,MVTX,141,0.038272694800575,0.0258483286162926,0.0157887015281156,0.00958395055991407
SECTOR,-1.06,INTT,141,0.0919098283490072,0.024043941862815,0.0402782125100818,0.0100962291626517
SECTOR,-1.06,TPC,141,0.207442622456967,0.276170964126788,0.0537195622838915,0.0558223008518538
SECTOR,-1.06,EMCAL,141,21.4874224304436,7.41844362832235,0.928413199801,0.319391878211885
SECTOR,-1.06,MAGNET,141,0.905578921776884,0.469262815367522,0.207133030958476,0.107334465197645
SECTOR,-1.06,IHCAL,141,1.69756188324744,0.20668221943742,0.43493033066685,0.0634030918563079
SECTOR,-1.06,OHCAL,141,38.0767991909137,7.11697435468341,4.33001453415447,0.798390981360693
SECTOR,-1.06,OTHER,141,0.0120449427191781,0.0195030460557875,0.00280802757665347,0.00484442528027632
SECTOR,-1.04,PIPE,138,0.00359370561310819,0.00182792065147251,0.00309581195508958,0.000223834349673049
SECTOR,-1.04,MVTX,138,0.0403556133868084,0.0322634642662987,0.017083370767533,0.0130285815596695
SECTOR,-1.04,INTT,138,0.088208238993199,0.0249269869853592,0.0386602085054525,0.0102838845917862
SECTOR,-1.04,TPC,138,0.186584720281268,0.347869034845327,0.0483076859338525,0.0616045500038539
SECTOR,-1.04,EMCAL,138,21.4642064857153,7.47874192052811,0.93986557714246,0.317803549905332
SECTOR,-1.04,MAGNET,138,1.0386142950113,0.48812439593573,0.23756220661626,0.111648673774955
SECTOR,-1.04,IHCAL,138,1.68932187544007,0.176245063274073,0.438548395514673,0.055257146534044
SECTOR,-1.04,OHCAL,138,42.2334316579689,6.97463576329042,4.79126811217149,0.765881685944653
SECTOR,-1.04,OTHER,138,0.00888682335022023,0.0169206987036846,0.00203174817556254,0.00411751119392826
SECTOR,-1.02,PIPE,137,0.0035396373959884,0.0018063601950231,0.00304840502100166,0.000221194571272467
SECTOR,-1.02,MVTX,137,0.0406773031315846,0.0260286151089193,0.0165160662684846,0.00794319370662878
SECTOR,-1.02,INTT,137,0.0882491059825949,0.0269072880509297,0.0391545884200402,0.0112896885437143
SECTOR,-1.02,TPC,137,0.166978430464125,0.228303827356581,0.0456017589407887,0.049953055136942
SECTOR,-1.02,EMCAL,137,22.0558858486048,6.08766087726219,0.959313453755019,0.258003776725439
SECTOR,-1.02,MAGNET,137,1.20065170952216,0.528044255342533,0.27462501802805,0.120779541638071
SECTOR,-1.02,IHCAL,137,1.64918828725953,0.125209844114203,0.430776732935575,0.0385579794541546
SECTOR,-1.02,OHCAL,137,45.288596518358,6.48312362548427,5.10798209064953,0.680387261287261
SECTOR,-1.02,OTHER,137,0.0130067980994692,0.020301412137733,0.00287566798103767,0.00471695509408148
SECTOR,-1,PIPE,132,0.00338189193692941,0.00055622385393713,0.002983586023862,2.24911027462492e-06
SECTOR,-1,MVTX,132,0.037684130126606,0.0274236556692006,0.0146438517953249,0.00703529750743491
SECTOR,-1,INTT,132,0.0896320229540428,0.0203184685911394,0.0390169193611566,0.00864248111298745
SECTOR,-1,TPC,132,0.0946126679451791,0.108851924639606,0.0298563985587009,0.0232353873639574
SECTOR,-1,EMCAL,132,23.6099006205825,3.17583315284842,1.02616275094062,0.12725891708404
SECTOR,-1,MAGNET,132,1.53730759986014,0.631556018813837,0.351628306508865,0.144455783202525
SECTOR,-1,IHCAL,132,1.67666056341041,0.139128375174103,0.441113793248304,0.0321673706206465
SECTOR,-1,OHCAL,132,48.8682292858387,3.45728100639297,5.45429373791219,0.342674052782662
SECTOR,-1,OTHER,132,0.00857711922201257,0.0168349528301229,0.00196858984719022,0.00399164293443593
SECTOR,-0.98,PIPE,134,0.00343680403611874,0.00177158209046657,0.00295735461191559,0.000216942265439392
SECTOR,-0.98,MVTX,134,0.0378826254179792,0.0259474256015788,0.0151826233056468,0.00728180157507713
SECTOR,-0.98,INTT,134,0.0829302432617264,0.0226669240093015,0.0362747763832847,0.00938582964836042
SECTOR,-0.98,TPC,134,0.0952265637554902,0.114895300348611,0.0298563144126007,0.0246792743276192
SECTOR,-0.98,EMCAL,134,23.0950239321683,3.24481551038511,1.00705458804522,0.12182695644512
SECTOR,-0.98,MAGNET,134,1.75738900956969,0.729255906262109,0.401967518646561,0.166802674594115
SECTOR,-0.98,IHCAL,134,1.65347412435066,0.127000379442261,0.435552120921949,0.030590436190306
SECTOR,-0.98,OHCAL,134,49.2186636411931,2.41091471449763,5.45572512521296,0.251013661164736
SECTOR,-0.98,OTHER,134,0.00928528809814649,0.0174221277776045,0.00243172113075858,0.00490215945336496
SECTOR,-0.96,PIPE,125,0.00344531830237446,0.0018818812683361,0.00291494054391766,0.000221202172683905
SECTOR,-0.96,MVTX,125,0.0350012112373281,0.022579187426632,0.0146627201906838,0.00698275341304013
SECTOR,-0.96,INTT,125,0.0852120347912339,0.0237062375321916,0.0373737574693857,0.00986303827345808
SECTOR,-0.96,TPC,125,0.0887766095657034,0.108698688063208,0.0287501430922508,0.0266366498672694
SECTOR,-0.96,EMCAL,125,22.8236540580357,3.28825423854161,0.99633318435256,0.12254230964434
SECTOR,-0.96,MAGNET,125,2.02213937082334,0.626624315141976,0.46252385830409,0.14332775481673
SECTOR,-0.96,IHCAL,125,1.59937253210988,0.120090105877949,0.422394309286085,0.0294570243375631
SECTOR,-0.96,OHCAL,125,48.9380638702345,1.5406387369381,5.39543689053223,0.199456167112295
SECTOR,-0.96,OTHER,125,0.0064375670718908,0.0141872022642084,0.00144708028499099,0.00341451953697621
SECTOR,-0.94,PIPE,132,0.00318688962823138,7.99837968815196e-08,0.00285235331195727,7.15877324740258e-08
SECTOR,-0.94,MVTX,132,0.0354559567468209,0.0224356470772494,0.0144902088925958,0.00696820749833307
SECTOR,-0.94,INTT,132,0.0830556656502337,0.0217050285617885,0.036315910522853,0.0091107855313696
SECTOR,-0.94,TPC,132,0.0829906683497087,0.096110335161439,0.0270430036553149,0.0206364786829726
SECTOR,-0.94,EMCAL,132,21.9017305675846,2.54490993531815,0.960533160433225,0.097295488704988
SECTOR,-0.94,MAGNET,132,2.21042895825435,0.613354519439074,0.50559132818952,0.14029255497048
SECTOR,-0.94,IHCAL,132,1.61380500450885,0.138377016516655,0.425333043896373,0.030742048404834
SECTOR,-0.94,OHCAL,132,47.4914623176616,2.38184573823033,5.21003221022869,0.280442757144999
SECTOR,-0.94,OTHER,132,0.00805274163136209,0.0155902828958526,0.00200224711569513,0.00430985752209572
SECTOR,-0.92,PIPE,129,0.00344594757799505,0.00243270707631615,0.00284836417558479,0.000297899534488176
SECTOR,-0.92,MVTX,129,0.0334381111282194,0.0238388428212491,0.0136273477242975,0.00713495778728381
SECTOR,-0.92,INTT,129,0.0846875473583496,0.0189622930676036,0.0368754530318784,0.00830252414478861
SECTOR,-0.92,TPC,129,0.0682490731112874,0.0537429874497195,0.0237638576283874,0.011366512333787
SECTOR,-0.92,EMCAL,129,22.5334931351965,2.93077193447104,0.982844600047701,0.108245286796249
SECTOR,-0.92,MAGNET,129,2.40616624224822,0.430812280760362,0.550362309415184,0.0985396759378318
SECTOR,-0.92,IHCAL,129,1.58284681425795,0.13489282691061,0.41699250515287,0.0313660217520134
SECTOR,-0.92,OHCAL,129,45.7470941088917,2.61836509796464,4.99789572489617,0.295577550648725
SECTOR,-0.92,OTHER,129,0.00539726871847112,0.0119248669211828,0.00127166946507821,0.00308934221398098
SECTOR,-0.9,PIPE,135,0.00323946440801966,0.00166421664290505,0.00278833905964272,0.000203789826608194
SECTOR,-0.9,MVTX,135,0.0321268632700297,0.0186320616542173,0.0136263354713139,0.0064800455649029
SECTOR,-0.9,INTT,135,0.0819197895637204,0.021159400002275,0.0358943134548156,0.00890766046632408
SECTOR,-0.9,TPC,135,0.06302534141722,0.0421492341507062,0.0225441229854171,0.00908890421575855
SECTOR,-0.9,EMCAL,135,22.4051236702607,2.75555830823389,0.974755816540784,0.104519873693501
SECTOR,-0.9,MAGNET,135,2.37363477172665,0.382780321033619,0.542921387449545,0.0875533276894073
SECTOR,-0.9,IHCAL,135,1.56771754115122,0.140165969912106,0.412055004388585,0.0325918185391437
SECTOR,-0.9,OHCAL,135,44.5005069740353,2.42821560815589,4.86022320858828,0.268596233038785
SECTOR,-0.9,OTHER,135,0.00775516710810135,0.0161476281268113,0.00180645527697313,0.00405388781533663
SECTOR,-0.88,PIPE,127,0.00350395921596734,0.00290588313760247,0.0027869442346197,0.000355834925482589
SECTOR,-0.88,MVTX,127,0.0299689194910121,0.0156574986954847,0.0131035955882694,0.0066305132074422
SECTOR,-0.88,INTT,127,0.0806118277814924,0.0210819577566282,0.0352815081483061,0.00890206956315287
SECTOR,-0.88,TPC,127,0.060250118215547,0.0174825457173861,0.0218027890715234,0.00343397757936116
SECTOR,-0.88,EMCAL,127,21.985115633873,2.82094552263858,0.960725561575376,0.10191543500793
SECTOR,-0.88,MAGNET,127,2.33398652283338,0.276618702395782,0.533852645048447,0.0632709848575238
SECTOR,-0.88,IHCAL,127,1.54605369820963,0.134740402907032,0.407902173462478,0.0324051015153587
SECTOR,-0.88,OHCAL,127,43.7217522306449,1.85828543206321,4.77258786754364,0.204146995311083
SECTOR,-0.88,OTHER,127,0.00454725516550213,0.0118360406056244,0.0010887010301132,0.00316889087140342
SECTOR,-0.86,PIPE,136,0.00356439805053285,0.00318786345260364,0.00276150502962991,0.000390366401442328
SECTOR,-0.86,MVTX,136,0.0305379637735424,0.0162001600493058,0.0126759121431113,0.00508431278552928
SECTOR,-0.86,INTT,136,0.0837661934896513,0.0147002961993719,0.0364606826147844,0.00668509234788989
SECTOR,-0.86,TPC,136,0.0579391200146992,0.000834108979183815,0.0212162734515712,0.000252983521986211
SECTOR,-0.86,EMCAL,136,21.7262055968685,2.6644715491493,0.949991240950372,0.103469099561508
SECTOR,-0.86,MAGNET,136,2.29529544214013,0.162204135582123,0.52500283569188,0.0371009455158287
SECTOR,-0.86,IHCAL,136,1.52259991549384,0.139199424032825,0.400907875767184,0.03345937878133
SECTOR,-0.86,OHCAL,136,42.5683566190964,1.31102679659847,4.64327163939045,0.135546771460638
SECTOR,-0.86,OTHER,136,0.00467004172604519,0.0136716760258066,0.00108609389624097,0.00335795737347184
SECTOR,-0.84,PIPE,130,0.002968140907654,7.34068648457472e-08,0.00265656722884414,6.57011414545816e-08
SECTOR,-0.84,MVTX,130,0.0334556116170494,0.0253237574376795,0.0133354816402587,0.00609338501089786
SECTOR,-0.84,INTT,130,0.0798567222930671,0.0202765655411781,0.0348802438580072,0.0086536909440847
SECTOR,-0.84,TPC,130,0.0586947726769799,0.017920511332482,0.0212288733377428,0.00354268444120879
SECTOR,-0.84,EMCAL,130,21.5516875981338,2.39402542612905,0.941422377032414,0.0940445280235121
SECTOR,-0.84,MAGNET,130,2.18435556210624,0.199571163471629,0.499627561319879,0.0456479043269655
SECTOR,-0.84,IHCAL,130,1.53912103926339,0.157036873322903,0.402770584007534,0.0357988627164315
SECTOR,-0.84,OHCAL,130,41.9679731825826,1.102150595996,4.57848149581097,0.11614356086475
SECTOR,-0.84,OTHER,130,0.00479862866326869,0.0131133343891753,0.00114977348799777,0.00333922060711873
SECTOR,-0.82,PIPE,131,0.00320829267267923,0.00225089172287115,0.0026549819998403,0.000275635313937062
SECTOR,-0.82,MVTX,131,0.0292299357311031,0.0178392364680044,0.0121033712018647,0.00472607348491183
SECTOR,-0.82,INTT,131,0.0803497100495899,0.0151972757292354,0.0349523644305378,0.00678417685524411
SECTOR,-0.82,TPC,131,0.0563246832035937,0.000651014417264139,0.0206273249140412,0.000195309962874299
SECTOR,-0.82,EMCAL,131,21.3948298207256,2.4233556320004,0.933497101886089,0.0892642159406895
SECTOR,-0.82,MAGNET,131,2.09474935026826,0.175267235563042,0.479131936030488,0.0400888678577681
SECTOR,-0.82,IHCAL,131,1.51737095822156,0.145407828342002,0.398278737956746,0.0336380529691174
SECTOR,-0.82,OHCAL,131,41.6112526998116,1.02843068179537,4.53935850736005,0.110395887854377
SECTOR,-0.82,OTHER,131,0.00471167371843865,0.0139530152126596,0.00111521945607324,0.00332165585473723
SECTOR,-0.8,PIPE,122,0.00288908028546018,7.28716792270135e-08,0.00258580581132837,6.52221385963856e-08
SECTOR,-0.8,MVTX,122,0.0311611295041647,0.0240328402136344,0.0124038869693253,0.00575674868340207
SECTOR,-0.8,INTT,122,0.0805694999160638,0.0143601450453221,0.0351461318242285,0.00663473534534316
SECTOR,-0.8,TPC,122,0.0555972157193513,0.000732965957698171,0.0203617530626312,0.00023015570730808
SECTOR,-0.8,EMCAL,122,21.294777819667,2.3959565083145,0.928990621359927,0.0924361265023753
SECTOR,-0.8,MAGNET,122,1.98937387885207,0.167289019666984,0.455029408621519,0.0382640108514244
SECTOR,-0.8,IHCAL,122,1.49984958333731,0.153061093500314,0.39323669260073,0.0350156308937429
SECTOR,-0.8,OHCAL,122,41.6069450311975,2.18181605114581,4.53852058425406,0.231069444418208
SECTOR,-0.8,OTHER,122,0.00373335566396344,0.0129954724382906,0.000869689262793193,0.00309712392313621
SECTOR,-0.78,PIPE,136,0.00311415517959202,0.00215177347125855,0.00258415891072632,0.000263491176852811
SECTOR,-0.78,MVTX,136,0.0298328823069429,0.0201547948403537,0.0118573625082112,0.00498601803748872
SECTOR,-0.78,INTT,136,0.078028897172474,0.0152498773047823,0.0338601536472411,0.00685737701012352
SECTOR,-0.78,TPC,136,0.0549177140023235,0.000856170292691742,0.0201091966946912,0.000264842429894393
SECTOR,-0.78,EMCAL,136,21.210144484942,2.42016452491558,0.926408297038439,0.0859826847985396
SECTOR,-0.78,MAGNET,136,1.8892420334181,0.133161281059252,0.432126255576053,0.0304579745495811
SECTOR,-0.78,IHCAL,136,1.45439914204999,0.135891909100379,0.382608840917062,0.0314080988958544
SECTOR,-0.78,OHCAL,136,41.9662637290297,3.01475217002417,4.57516118641307,0.322291400097561
SECTOR,-0.78,OTHER,136,0.00367397322972674,0.0110090900733201,0.000868992555933186,0.00275426272955095
SECTOR,-0.76,PIPE,122,0.00281463619102838,7.35015725659893e-08,0.00251917631232496,6.57858595651397e-08
SECTOR,-0.76,MVTX,122,0.0297137048537699,0.0172662961988231,0.0124091985219751,0.00487623470876403
SECTOR,-0.76,INTT,122,0.0750836016033154,0.0191230626803797,0.0328715072547759,0.00799375675054148
SECTOR,-0.76,TPC,122,0.0540964233636225,0.00048343425745971,0.0198149224020832,0.000146624606799173
SECTOR,-0.76,EMCAL,122,20.3666657943945,1.88818272523064,0.892393111438491,0.073526064934326
SECTOR,-0.76,MAGNET,122,1.85365008540606,0.130036787912451,0.423985310715075,0.0297433093556968
SECTOR,-0.76,IHCAL,122,1.42355148760775,0.114513546364969,0.375255990994276,0.0283323423779839
SECTOR,-0.76,OHCAL,122,42.0019302003291,3.20338019933753,4.57545901015455,0.341259375428577
SECTOR,-0.76,OTHER,122,0.00544644563148109,0.0145661326722421,0.00125423088620562,0.00347441429881831
SECTOR,-0.74,PIPE,140,0.00305001009365624,0.00208117133904846,0.00251793877228226,0.000253177378752276
SECTOR,-0.74,MVTX,140,0.0285968200772725,0.0184574408616472,0.0117765392542323,0.00539289407785782
SECTOR,-0.74,INTT,140,0.0752396574098004,0.0177042253847761,0.0329027797702989,0.00762094734682898
SECTOR,-0.74,TPC,140,0.0535263009796046,0.000910196771786015,0.019598993552035,0.000276060791543242
SECTOR,-0.74,EMCAL,140,21.2461748172259,2.42159150950296,0.923951597782811,0.0936322882057338
SECTOR,-0.74,MAGNET,140,1.78954796144549,0.0987226964661404,0.409323234437088,0.0225808384577758
SECTOR,-0.74,IHCAL,140,1.41332429827603,0.123006944136419,0.371543144560696,0.0281502632449283
SECTOR,-0.74,OHCAL,140,42.8945338024687,3.22428190718701,4.67751401427416,0.34675068684004
SECTOR,-0.74,OTHER,140,0.00356694255783795,0.0100803752043929,0.000877492619911178,0.00279371571098894
SECTOR,-0.72,PIPE,136,0.00299773003066287,0.00207137991885847,0.00248754390419209,0.00025365280104218
SECTOR,-0.72,MVTX,136,0.0279870314540625,0.0170762282702296,0.0116412108481082,0.00495698079526435
SECTOR,-0.72,INTT,136,0.0732921219324115,0.0167135004461773,0.031752008023652,0.00724794336323922
SECTOR,-0.72,TPC,136,0.0529550945571568,0.00114419965160661,0.0193840817912721,0.000347033379261811
SECTOR,-0.72,EMCAL,136,20.4699825274533,1.91689682699174,0.893909614360197,0.0776318350153805
SECTOR,-0.72,MAGNET,136,1.74570337603759,0.0653540183832025,0.399294664150982,0.0149484220397503
SECTOR,-0.72,IHCAL,136,1.40089096778984,0.124495268473402,0.368185242244735,0.02844123788697
SECTOR,-0.72,OHCAL,136,43.8049632770344,3.43447039064892,4.77826318014684,0.369607289339898
SECTOR,-0.72,OTHER,136,0.00439688829857986,0.0134457200191255,0.00108873252821161,0.00349021348641554
SECTOR,-0.7,PIPE,124,0.00271135583815938,6.29579224088511e-08,0.0024267375739525,5.63490745200271e-08
SECTOR,-0.7,MVTX,124,0.027178264769765,0.0150675529382646,0.011303956216078,0.00411853053656222
SECTOR,-0.7,INTT,124,0.0738721307130019,0.0170072706737704,0.0323130907878214,0.0074733596254221
SECTOR,-0.7,TPC,124,0.0522070412551073,0.000873866445628386,0.0191168619479366,0.000265041879031757
SECTOR,-0.7,EMCAL,124,20.7616921290913,2.00734524185309,0.898579127467037,0.0714429057722551
SECTOR,-0.7,MAGNET,124,1.70902063240665,0.0209533294767089,0.390904221651238,0.00479265422240276
SECTOR,-0.7,IHCAL,124,1.36898353956371,0.107046364228366,0.360128003470965,0.0247727486099135
SECTOR,-0.7,OHCAL,124,43.9586392793484,2.6877208997454,4.79919603907937,0.288617083937363
SECTOR,-0.7,OTHER,124,0.00380959139920432,0.0123252588762629,0.0010186733433256,0.003439199508117
SECTOR,-0.68,PIPE,137,0.00280174718131246,0.0014298684684095,0.00241291549544626,0.000175099849888708
SECTOR,-0.68,MVTX,137,0.0252809922331799,0.0126150416464492,0.0107191385734889,0.00415501163846501
SECTOR,-0.68,INTT,137,0.0743666923737809,0.0146349276705895,0.0324836389769801,0.00656899703094653
SECTOR,-0.68,TPC,137,0.0515961251077603,0.000874531731808865,0.0188918060927791,0.00026335651465226
SECTOR,-0.68,EMCAL,137,20.3964896478115,2.02932812660447,0.883857479641779,0.0777516003300424
SECTOR,-0.68,MAGNET,137,1.68678362219065,0.0214884491616538,0.385817951184102,0.00491505212678277
SECTOR,-0.68,IHCAL,137,1.3449007093668,0.115169074740733,0.353113419390442,0.0269831518960297
SECTOR,-0.68,OHCAL,137,44.0041591989936,2.05467439876283,4.80994037507303,0.217026066484774
SECTOR,-0.68,OTHER,137,0.00342386700065753,0.0111740516624324,0.000813263161328878,0.00278257245437426
SECTOR,-0.66,PIPE,113,0.00294181027621169,0.00218901476277097,0.00240599245603965,0.000268055502289701
SECTOR,-0.66,MVTX,113,0.0256524548906903,0.0148068546935107,0.01058447123856,0.00409790551388591
SECTOR,-0.66,INTT,113,0.0751674674463614,0.0122869765820406,0.0327442343093319,0.00574553372978405
SECTOR,-0.66,TPC,113,0.0512727559487551,0.00152431641060756,0.0187567451055973,0.000462322003238977
SECTOR,-0.66,EMCAL,113,20.3187354726571,1.85351117710603,0.882045685300707,0.0735364633288283
SECTOR,-0.66,MAGNET,113,1.66450079737875,2.98023223876953e-08,0.380721201546258,0
SECTOR,-0.66,IHCAL,113,1.32986374719278,0.112951280648207,0.349042508636267,0.0268928148189339
SECTOR,-0.66,OHCAL,113,43.7345178166216,1.39642176760892,4.77920341741465,0.138827359318798
SECTOR,-0.66,OTHER,113,0.00155166435243373,0.00621831198362041,0.000438928260081886,0.00213619351977079
SECTOR,-0.64,PIPE,128,0.00287432221278833,0.00203552458674357,0.0023744692696314,0.000249260564780129
SECTOR,-0.64,MVTX,128,0.0263474021542318,0.0170783914632253,0.0109386106520105,0.00448455918824416
SECTOR,-0.64,INTT,128,0.0732827696466304,0.0144109684220682,0.0319484383306697,0.00647134214328957
SECTOR,-0.64,TPC,128,0.0505535390381121,0.00121687750239252,0.0185006587475098,0.000366338328878028
SECTOR,-0.64,EMCAL,128,20.1139872041668,1.72674229931936,0.877925375004703,0.0635509454377859
SECTOR,-0.64,MAGNET,128,1.64612500596596,0.00615658054459795,0.376518107503251,0.0014081944243937
SECTOR,-0.64,IHCAL,128,1.29927946879933,0.101993384910102,0.342263006827337,0.0244440797355023
SECTOR,-0.64,OHCAL,128,42.9756207093942,1.25492990311882,4.69991589520426,0.122537898493796
SECTOR,-0.64,OTHER,128,0.00314626138483752,0.0121047905367274,0.000656211822717279,0.00263727083422674
SECTOR,-0.62,PIPE,143,0.00292931505727808,0.00232608228445839,0.00235875329535938,0.000284839782115436
SECTOR,-0.62,MVTX,143,0.0267381969108746,0.0203706425701183,0.0106495417596895,0.00472435016429258
SECTOR,-0.62,INTT,143,0.0740029124847285,0.011819928215364,0.0322406410482748,0.00566047140931244
SECTOR,-0.62,TPC,143,0.0505449316735931,0.00205252807189664,0.0184644647503249,0.000622974695803482
SECTOR,-0.62,EMCAL,143,20.5765319891658,1.85178949186866,0.893665139754199,0.0703845375317666
SECTOR,-0.62,MAGNET,143,1.62731485160933,7.59813117026208e-08,0.372215661641283,0
SECTOR,-0.62,IHCAL,143,1.28668728020756,0.102930881163911,0.339051667271395,0.0244516811656282
SECTOR,-0.62,OHCAL,143,42.7780516368292,0.948038100552209,4.67282413744474,0.0819144202882841
SECTOR,-0.62,OTHER,143,0.0024909477448982,0.010963111415863,0.000639054077393473,0.00284154492549225
SECTOR,-0.6,PIPE,129,0.00268524791954664,0.00140806216207726,0.00230721864194453,0.000172422596320997
SECTOR,-0.6,MVTX,129,0.0270222226302799,0.0192311264110309,0.010898565167817,0.00492861323757351
SECTOR,-0.6,INTT,129,0.0710862237312507,0.0140778987945125,0.0308047819155274,0.00640790945037241
SECTOR,-0.6,TPC,129,0.0498660379448198,0.00194294841678273,0.0182228229397053,0.000587619571025258
SECTOR,-0.6,EMCAL,129,19.8740283850734,1.92092338366154,0.868141898910329,0.0698886465187477
SECTOR,-0.6,MAGNET,129,1.60970195307331,0,0.368187064055804,2.35608045769362e-08
SECTOR,-0.6,IHCAL,129,1.28004579008911,0.103767072638201,0.33686792760592,0.0244368411344127
SECTOR,-0.6,OHCAL,129,42.0424192808546,1.02254703553085,4.59682944909059,0.091246274295904
SECTOR,-0.6,OTHER,129,0.00362813197455056,0.0116414854539157,0.000834225109241619,0.00284900188309969
SECTOR,-0.58,PIPE,136,0.00335144824038132,0.00351005564406558,0.00236794296622119,0.000429823946341938
SECTOR,-0.58,MVTX,136,0.0235118536634414,0.0147326219981039,0.00979544601750073,0.00433276476485982
SECTOR,-0.58,INTT,136,0.0691024013908255,0.0149459891755109,0.030065531575451,0.00659954965118
SECTOR,-0.58,TPC,136,0.049505139781751,0.00218335973786344,0.0180822648087502,0.000662057061506469
SECTOR,-0.58,EMCAL,136,19.8329886449438,1.59322117109152,0.864140274198032,0.0628876837132256
SECTOR,-0.58,MAGNET,136,1.5927329567815,0,0.364305746205176,0
SECTOR,-0.58,IHCAL,136,1.27138448059693,0.103116749449716,0.334807072251515,0.0239685725919214
SECTOR,-0.58,OHCAL,136,41.7865368507733,1.13715563190749,4.56528295628362,0.1017268202472
SECTOR,-0.58,OTHER,136,0.00279592288083193,0.0101125551722884,0.000652097007568867,0.00252802222467322
SECTOR,-0.56,PIPE,131,0.00250782120165937,6.14394820350507e-08,0.00224456851187518,5.49900914965296e-08
SECTOR,-0.56,MVTX,131,0.0272490518605098,0.0175571875786324,0.0109319626206349,0.00437944064241956
SECTOR,-0.56,INTT,131,0.0707926364350904,0.013392319810948,0.0309366808966274,0.00602467627649982
SECTOR,-0.56,TPC,131,0.048728665995143,0.00187666169040562,0.017815448043447,0.000569187595221284
SECTOR,-0.56,EMCAL,131,20.0758789013183,1.63769656435495,0.87009639501105,0.0641188661078933
SECTOR,-0.56,MAGNET,131,1.57640107490912,8.94069671630859e-08,0.360570155510503,2.23517417907715e-08
SECTOR,-0.56,IHCAL,131,1.24072121668511,0.0917151880347852,0.327219397863313,0.0217903501221173
SECTOR,-0.56,OHCAL,131,41.4275689528329,0.996620089802868,4.52578483597226,0.0876181151157339
SECTOR,-0.56,OTHER,131,0.00225185445497633,0.00798987457463077,0.000562497871230313,0.00225109855282892
SECTOR,-0.54,PIPE,119,0.00287527408195368,0.00244023639858214,0.002270267666664,0.000298820859731493
SECTOR,-0.54,MVTX,119,0.0248430544500606,0.0166513666762755,0.00990432296380657,0.00407100670175127
SECTOR,-0.54,INTT,119,0.0706992376071977,0.010258926347098,0.0307138696592959,0.00511246866109764
SECTOR,-0.54,TPC,119,0.0483566184986305,0.00203806895651795,0.017672912154187,0.000618987640002414
SECTOR,-0.54,EMCAL,119,19.831845589502,1.56978669905764,0.862395990881763,0.060364462926384
SECTOR,-0.54,MAGNET,119,1.56069977448567,8.16170211889097e-08,0.356978797685703,0
SECTOR,-0.54,IHCAL,119,1.24132943602737,0.100122009762375,0.326826294671484,0.0239508432255739
SECTOR,-0.54,OHCAL,119,40.9280227674716,1.1487205305618,4.47342128798728,0.106127001901946
SECTOR,-0.54,OTHER,119,0.00121166112561369,0.007572372938432,0.000317078621923836,0.00193365409050259
SECTOR,-0.52,PIPE,128,0.00294060443174869,0.00268226454854501,0.00225973550362095,0.000328457095615947
SECTOR,-0.52,MVTX,128,0.0239541729255271,0.014017856132314,0.00989855424910036,0.0040407766860356
SECTOR,-0.52,INTT,128,0.0682261291856176,0.0119425140963275,0.0296189805379195,0.00547561455592824
SECTOR,-0.52,TPC,128,0.0480325965804471,0.00225511456070485,0.0175443299066857,0.000683237278226876
SECTOR,-0.52,EMCAL,128,19.7382816945108,1.57615236834852,0.855348160500731,0.0601906844911635
SECTOR,-0.52,MAGNET,128,1.54562277478163,0,0.353530236139755,1.82501207499443e-08
SECTOR,-0.52,IHCAL,128,1.22264031022639,0.095698054724829,0.322052404843284,0.0226393800647489
SECTOR,-0.52,OHCAL,128,40.7920285270593,1.18898409130498,4.45438956394457,0.1081798020505
SECTOR,-0.52,OTHER,128,0.002139209462928,0.0103525208738888,0.000476897334008987,0.00243164039079734
SECTOR,-0.5,PIPE,115,0.00270144132021204,0.00199638089206615,0.00221267279384685,0.000244466786391859
SECTOR,-0.5,MVTX,115,0.023460222743051,0.0178843996335266,0.00960689826884386,0.00432975762488573
SECTOR,-0.5,INTT,115,0.0682259253086878,0.0101990728589287,0.0294283553794679,0.00503408860481168
SECTOR,-0.5,TPC,115,0.0476501425842596,0.00236725496985186,0.017400811780256,0.000717547931365818
SECTOR,-0.5,EMCAL,115,19.7057528997622,1.4667758588625,0.85320099858554,0.0570906318034217
SECTOR,-0.5,MAGNET,115,1.53116404479607,0,0.350223091402065,9.12506037497214e-09
SECTOR,-0.5,IHCAL,115,1.22346801805081,0.100197496354642,0.322233899292273,0.0231568404579641
SECTOR,-0.5,OHCAL,115,40.3229914865797,1.26841048273258,4.40418824851625,0.118290257152642
SECTOR,-0.5,OTHER,115,0.00318452664547547,0.0156399337819057,0.000700242032637402,0.00347368893261032
SECTOR,-0.48,PIPE,141,0.00284314001746174,0.00251252421194464,0.00221300781377306,0.000307669221289156
SECTOR,-0.48,MVTX,141,0.0231482284064236,0.0170127688230037,0.0096120717205028,0.0043935599906047
SECTOR,-0.48,INTT,141,0.069000193796027,0.0119891427150902,0.030107280238704,0.00565163495970348
SECTOR,-0.48,TPC,141,0.0477199009639312,0.00290523192532438,0.0173953598496477,0.000881188773425693
SECTOR,-0.48,EMCAL,141,19.9248510444575,1.91275529244577,0.863871323469989,0.0751960736703965
SECTOR,-0.48,MAGNET,141,1.51731780084423,0,0.347056040570637,1.89953279256552e-08
SECTOR,-0.48,IHCAL,141,1.20293513692184,0.0970047277053431,0.317109845669797,0.0236073310463391
SECTOR,-0.48,OHCAL,141,40.0238226445479,1.12580330393331,4.37108085856933,0.101387666172089
SECTOR,-0.48,OTHER,141,0.00210542647370752,0.0110346735538471,0.000457148302608179,0.00253739972203964
SECTOR,-0.46,PIPE,127,0.00239277010953872,6.2589274374832e-08,0.00214159464018928,5.60191281628811e-08
SECTOR,-0.46,MVTX,127,0.0249290846620184,0.0155179920126778,0.0102377490113003,0.00371803283182529
SECTOR,-0.46,INTT,127,0.0659117737142236,0.0132103701957923,0.0287328152353459,0.00580742003479775
SECTOR,-0.46,TPC,127,0.0468927756835156,0.00252765243726906,0.0171187601341472,0.000766002497412374
SECTOR,-0.46,EMCAL,127,19.6048291546838,1.55971488777322,0.850676200146386,0.0580321668380629
SECTOR,-0.46,MAGNET,127,1.50407850424389,0,0.344027816782914,1.6238163946348e-08
SECTOR,-0.46,IHCAL,127,1.19181561221171,0.0911639072981018,0.314589647853501,0.0216317609386476
SECTOR,-0.46,OHCAL,127,39.5013601446636,0.933998611983752,4.31609613598296,0.0815118159043035
SECTOR,-0.46,OTHER,127,0.00175375250318819,0.00607863834920535,0.000403806738432089,0.00164542894729054
SECTOR,-0.44,PIPE,131,0.00305396560092932,0.00310975556951407,0.00220701814340105,0.000380801829489997
SECTOR,-0.44,MVTX,131,0.0247314366298264,0.019266123455096,0.0097050768360234,0.00476822952444644
SECTOR,-0.44,INTT,131,0.0662063860862959,0.0120420680224556,0.0287624212720914,0.00558173820443523
SECTOR,-0.44,TPC,131,0.0474983209826848,0.00349237572599901,0.0172783159548257,0.00105903834162138
SECTOR,-0.44,EMCAL,131,19.6127438549525,1.3640120268475,0.850011171692922,0.05234051122704
SECTOR,-0.44,MAGNET,131,1.4914408590999,9.65705618025044e-08,0.341137208709003,0
SECTOR,-0.44,IHCAL,131,1.19485117329523,0.101089099721241,0.314671946787913,0.0240167592254279
SECTOR,-0.44,OHCAL,131,39.2148876984517,1.16935550013153,4.28420522841562,0.108607778921523
SECTOR,-0.44,OTHER,131,0.00111119560214893,0.00690265172218596,0.000269455596721869,0.00192606564237528
SECTOR,-0.42,PIPE,135,0.00289999689798825,0.00278660206320964,0.00217336764465279,0.000341233924749327
SECTOR,-0.42,MVTX,135,0.0241902901001231,0.0196169773871007,0.0094546725317757,0.0047886331259698
SECTOR,-0.42,INTT,135,0.0666105941638134,0.0115922091374993,0.0290433168173292,0.00544494208471848
SECTOR,-0.42,TPC,135,0.0469399475878505,0.00343305967899907,0.0170890697366502,0.0010443879016132
SECTOR,-0.42,EMCAL,135,19.7661152279329,1.37693744041363,0.859737497118328,0.0499073326224386
SECTOR,-0.42,MAGNET,135,1.4793998101857,2.98023223876953e-08,0.338383060067132,1.17804022884681e-08
SECTOR,-0.42,IHCAL,135,1.18636202692521,0.103971986171527,0.311577665085675,0.0244630422253526
SECTOR,-0.42,OHCAL,135,38.9452482736196,0.920433224093955,4.25575952613648,0.0812971934047032
SECTOR,-0.42,OTHER,135,0.0016989761436149,0.00981773500854254,0.000481604667564195,0.00287046996509832
SECTOR,-0.4,PIPE,130,0.00267315547511999,0.00219833468398857,0.00213151625386736,0.000269195990705244
SECTOR,-0.4,MVTX,130,0.0250016512365608,0.0177523973929718,0.00975559219891884,0.00446236976983429
SECTOR,-0.4,INTT,130,0.0654771714115259,0.0118449396288611,0.0284015379413417,0.00551891739863717
SECTOR,-0.4,TPC,130,0.0464480749342084,0.00345211420668417,0.0169148106679491,0.00104704801013932
SECTOR,-0.4,EMCAL,130,19.6510073189477,1.50346084638172,0.850856393184803,0.0561387986969838
SECTOR,-0.4,MAGNET,130,1.46795054092116,6.66400187462506e-08,0.335764269161123,0
SECTOR,-0.4,IHCAL,130,1.18794469195758,0.116341274536065,0.312220554193826,0.0268614263552857
SECTOR,-0.4,OHCAL,130,38.5920987480341,1.1407561254253,4.21702714491672,0.104731616392833
SECTOR,-0.4,OTHER,130,0.00309649393046407,0.0158509994537394,0.000798618697718442,0.00414598287727396
SECTOR,-0.38,PIPE,127,0.00277573603711509,0.00253819167091736,0.00213073535244744,0.000310809538717177
SECTOR,-0.38,MVTX,127,0.0229824053435637,0.0165483478475421,0.00918600696545518,0.00412022185697376
SECTOR,-0.38,INTT,127,0.0654881142945558,0.00991319214316684,0.0284149582801055,0.00479713336027275
SECTOR,-0.38,TPC,127,0.0464554872765953,0.00382385909299736,0.0168962018605146,0.00115976852553427
SECTOR,-0.38,EMCAL,127,19.9061244339874,1.41412400519072,0.857305215575208,0.0530491427255985
SECTOR,-0.38,MAGNET,127,1.45708847144593,0,0.333279788439694,0
SECTOR,-0.38,IHCAL,127,1.18337220363193,0.109215276997115,0.310562949942374,0.0248659441527912
SECTOR,-0.38,OHCAL,127,38.413304263673,1.21378605309136,4.19811168346634,0.112609191615085
SECTOR,-0.38,OTHER,127,0.000222733348714728,0.0017608617320377,4.28588029437375e-05,0.00033882858772635
SECTOR,-0.36,PIPE,138,0.00324276424942731,0.00356298690502067,0.00217528669855204,0.000436305623938789
SECTOR,-0.36,MVTX,138,0.0231585739036318,0.0209676221311115,0.00914754196279828,0.00514645297681806
SECTOR,-0.36,INTT,138,0.0639869376982907,0.0107923640890524,0.0276814230391351,0.00500987073506441
SECTOR,-0.36,TPC,138,0.0471922812807165,0.00454498640704446,0.017098971903634,0.00137822306521288
SECTOR,-0.36,EMCAL,138,19.9273072396553,1.38963645834286,0.8601093642053,0.0541214693317902
SECTOR,-0.36,MAGNET,138,1.44680925678737,4.2146848510894e-08,0.33092862407743,1.86264514923096e-08
SECTOR,-0.36,IHCAL,138,1.17581667618468,0.110846600735729,0.309247587951935,0.0247698881056386
SECTOR,-0.36,OHCAL,138,38.2995701923403,1.10875758333498,4.18392239657484,0.103173152058707
SECTOR,-0.36,OTHER,138,0.00120662630231006,0.0085372325484489,0.000287665386790362,0.00226953332304571
SECTOR,-0.34,PIPE,129,0.00250844342818239,0.00177084464531216,0.00207344018423039,0.000216848141965718
SECTOR,-0.34,MVTX,129,0.0231838316920708,0.0158819502843453,0.00934593418255963,0.00388448773293149
SECTOR,-0.34,INTT,129,0.0635660136950017,0.0121774746546496,0.0276226724124383,0.00555558021481276
SECTOR,-0.34,TPC,129,0.0460941108691539,0.00411262453095146,0.016746034026364,0.00124668277393475
SECTOR,-0.34,EMCAL,129,19.5061758534622,1.27812620556617,0.84664171053677,0.048697704525989
SECTOR,-0.34,MAGNET,129,1.43710878512258,7.59813117026208e-08,0.328709835577239,1.3431725187093e-08
SECTOR,-0.34,IHCAL,129,1.16470265167949,0.10896103569038,0.306492564801264,0.0261207223836305
SECTOR,-0.34,OHCAL,129,38.1059608388517,1.14495786989877,4.15947578870791,0.104763738465727
SECTOR,-0.34,OTHER,129,0.000648820008278693,0.00293765753014654,0.000124847262617977,0.000565270023223986
SECTOR,-0.32,PIPE,141,0.0027767744743964,0.00263411039974847,0.00209508891531927,0.000322565918694646
SECTOR,-0.32,MVTX,141,0.020018242926597,0.0123227467601955,0.00856540940863596,0.00346772637888656
SECTOR,-0.32,INTT,141,0.0619034211016521,0.0122796646207382,0.0268550117634587,0.00543272665282472
SECTOR,-0.32,TPC,141,0.0464224589628466,0.0047975708003701,0.0168301749202285,0.00145512074120723
SECTOR,-0.32,EMCAL,141,19.8035692586665,1.55799882835724,0.852568503390839,0.057994543723674
SECTOR,-0.32,MAGNET,141,1.42798317613355,4.71216091538724e-08,0.326622535394135,0
SECTOR,-0.32,IHCAL,141,1.18365714905177,0.129049561090001,0.309971980414802,0.0298738604781078
SECTOR,-0.32,OHCAL,141,37.596645287719,0.957903582009584,4.10677483500032,0.0879850112675816
SECTOR,-0.32,OTHER,141,0.00309910924742089,0.014677394433861,0.000864664568392551,0.00419510803691826
SECTOR,-0.3,PIPE,124,0.00271478088301083,0.00250136879120025,0.00207698052867442,0.000306304715088765
SECTOR,-0.3,MVTX,124,0.0247360786939977,0.024312042342753,0.009483519487688,0.00550599522611997
SECTOR,-0.3,INTT,124,0.0642639505178322,0.0113352553100846,0.0279313787695763,0.00537714261040163
SECTOR,-0.3,TPC,124,0.046077597522338,0.00488105406565284,0.0167092802717182,0.0014819249118079
SECTOR,-0.3,EMCAL,124,19.7135430611112,1.37637886703351,0.851626345645078,0.0539264882527414
SECTOR,-0.3,MAGNET,124,1.419428779455,8.68879540986613e-08,0.324665888580213,0
SECTOR,-0.3,IHCAL,124,1.1687483464783,0.124754845607116,0.305656913458791,0.0290765102188774
SECTOR,-0.3,OHCAL,124,37.2716210757661,0.971309132379733,4.07298920748247,0.0861545127947459
SECTOR,-0.3,OTHER,124,0.000555565124877487,0.00271033799920366,0.000106902968715441,0.000521528737789354
SECTOR,-0.28,PIPE,125,0.00303372827107063,0.00323673501345129,0.00210621762561242,0.000396353676216524
SECTOR,-0.28,MVTX,125,0.0242359161943252,0.0224142875297954,0.00932705975835373,0.005564851941844
SECTOR,-0.28,INTT,125,0.0608008368660791,0.0131544930541713,0.0264596242234026,0.00583998701545491
SECTOR,-0.28,TPC,125,0.047134526262903,0.00576052304240811,0.0170097354459244,0.00174599788648241
SECTOR,-0.28,EMCAL,125,19.8645973195304,1.60105237262548,0.85539537867914,0.0561476955100283
SECTOR,-0.28,MAGNET,125,1.4114421732142,8.16170211889097e-08,0.32283911245066,1.6238163946348e-08
SECTOR,-0.28,IHCAL,125,1.16714133698483,0.113025942926838,0.306467582587786,0.026058654911105
SECTOR,-0.28,OHCAL,125,37.1127969792115,0.900761037140118,4.05550855349115,0.080579014164243
SECTOR,-0.28,OTHER,125,0.00342667814751385,0.018890930014914,0.000914972554639169,0.00526307834523133
SECTOR,-0.26,PIPE,134,0.00223358744218964,5.70730345017356e-08,0.00199912180259958,5.10819236232155e-08
SECTOR,-0.26,MVTX,134,0.0237474845408587,0.027556132077125,0.00940538812751367,0.00626825987549006
SECTOR,-0.26,INTT,134,0.0619810662251645,0.0111866100005081,0.0268696294910754,0.00514987263468773
SECTOR,-0.26,TPC,134,0.0462216772368692,0.00576403793535908,0.0167227588041177,0.00174803909969048
SECTOR,-0.26,EMCAL,134,19.7280135519629,1.23589383879418,0.850390609351359,0.0457816258885329
SECTOR,-0.26,MAGNET,134,1.40402016266217,8.29661542598906e-08,0.321141476270666,0
SECTOR,-0.26,IHCAL,134,1.16572062829653,0.12637349291987,0.304850903794477,0.0291797950621671
SECTOR,-0.26,OHCAL,134,36.7465188620139,0.811496082455878,4.01692539741339,0.0700700639780123
SECTOR,-0.26,OTHER,134,0.00200484329073968,0.0116221716175116,0.000564651600101039,0.00337701637515714
SECTOR,-0.24,PIPE,134,0.00253465050047216,0.00206158393696423,0.00202755455686005,0.000252449856731469
SECTOR,-0.24,MVTX,134,0.0221249145973626,0.0160428616223012,0.00880789818299244,0.00408371690625756
SECTOR,-0.24,INTT,134,0.0624247223683381,0.0106190978156656,0.0270718359996466,0.00505285779204307
SECTOR,-0.24,TPC,134,0.0464968635971267,0.00641177812871822,0.0167933286904891,0.00194467899719879
SECTOR,-0.24,EMCAL,134,19.9344650155386,1.31002600147751,0.860849129994774,0.04834672733832
SECTOR,-0.24,MAGNET,134,1.39715977889572,8.42936970217881e-08,0.319572300963124,6.45239206987946e-09
SECTOR,-0.24,IHCAL,134,1.14277176666401,0.114586373018497,0.299727478719162,0.0265274536033637
SECTOR,-0.24,OHCAL,134,36.6546218150555,0.833050763101388,4.00375105271,0.0715742177409113
SECTOR,-0.24,OTHER,134,0.00250895999048691,0.0134444165918933,0.000702417132259965,0.0038763255917938
SECTOR,-0.22,PIPE,131,0.00274214193250865,0.00265802527194883,0.00204522295003837,0.000325495081168308
SECTOR,-0.22,MVTX,131,0.0221661901527215,0.0152932407516451,0.0089666107519165,0.00401448711370043
SECTOR,-0.22,INTT,131,0.0616652725905831,0.011285553030604,0.0268722228528648,0.00507909922062988
SECTOR,-0.22,TPC,131,0.0467489640738637,0.00696511087077397,0.0168618210436346,0.00211558491433795
SECTOR,-0.22,EMCAL,131,19.680513160935,1.3529301575553,0.848525460085983,0.0521878188933159
SECTOR,-0.22,MAGNET,131,1.39085827766987,0,0.318130958836988,0
SECTOR,-0.22,IHCAL,131,1.12501788687232,0.111844329097198,0.295911694636259,0.0264896552123968
SECTOR,-0.22,OHCAL,131,36.5577228380516,0.885164354450973,3.99288372512808,0.0757492164637344
SECTOR,-0.22,OTHER,131,0.00102747771033215,0.00634560396561613,0.000232367139047248,0.00159005934345111
SECTOR,-0.2,PIPE,138,0.00250384534831191,0.00201474768437928,0.00200897653764599,0.00024672636093359
SECTOR,-0.2,MVTX,138,0.024193344556136,0.0179338212647917,0.00932854231214707,0.004283058662257
SECTOR,-0.2,INTT,138,0.0610772135208252,0.0115110789571512,0.0265311390320394,0.00529676164202136
SECTOR,-0.2,TPC,138,0.0467212033054054,0.00727722640171324,0.0168349201018986,0.00220773953732059
SECTOR,-0.2,EMCAL,138,19.7774837077764,1.19741555117314,0.850636603271521,0.0453595120248619
SECTOR,-0.2,MAGNET,138,1.38511313830012,8.02452088465468e-08,0.316816873336188,1.86264514923096e-08
SECTOR,-0.2,IHCAL,138,1.12534208403959,0.103279934637335,0.295408348134702,0.024152085156277
SECTOR,-0.2,OHCAL,138,36.2417073529972,0.788855953896535,3.96108035883726,0.068845867848509
SECTOR,-0.2,OTHER,138,0.00138343205823166,0.00969619638270091,0.000336382857706795,0.00266382705169399
SECTOR,-0.18,PIPE,139,0.00249230444225485,0.00200002409510757,0.00200118946434858,0.000244911735919212
SECTOR,-0.18,MVTX,139,0.0218462736772053,0.0211117775167844,0.00885064700257911,0.00494645637855752
SECTOR,-0.18,INTT,139,0.0626288983827395,0.0105018216723433,0.0273650282263037,0.00479714385706175
SECTOR,-0.18,TPC,139,0.0474398069463242,0.00837292826467256,0.0170485286480546,0.00254363311450775
SECTOR,-0.18,EMCAL,139,19.8797498108847,1.10552758968496,0.856868762666631,0.0425548925216431
SECTOR,-0.18,MAGNET,139,1.37992206265411,0,0.315629518809005,1.53597653866472e-08
SECTOR,-0.18,IHCAL,139,1.10139398468491,0.108219682185503,0.289754177679662,0.0255598115718549
SECTOR,-0.18,OHCAL,139,36.1797721549581,0.777375397575885,3.95276133284418,0.0667440513422227
SECTOR,-0.18,OTHER,139,0.00248651062034233,0.0186821557784139,0.000676249236307075,0.00529944774865867
SECTOR,-0.16,PIPE,123,0.00285697698159243,0.00295472478888707,0.00204013335492083,0.000361818083581913
SECTOR,-0.16,MVTX,123,0.0223113358347699,0.026808763576767,0.00871848218592702,0.00628129218519944
SECTOR,-0.16,INTT,123,0.0612856002239942,0.0102172316158212,0.0266097736596302,0.00482102197359147
SECTOR,-0.16,TPC,123,0.0471743657210268,0.00907467322229597,0.0169464420343725,0.00274851917480924
SECTOR,-0.16,EMCAL,123,19.8946259887886,1.05973831659576,0.856378568539183,0.0414404753617722
SECTOR,-0.16,MAGNET,123,1.37528297423236,0,0.314568420297796,0
SECTOR,-0.16,IHCAL,123,1.11172068602602,0.101774062087738,0.292130355863543,0.0241070455036579
SECTOR,-0.16,OHCAL,123,36.1114975893828,0.816617914553097,3.94422317574835,0.0697755548630086
SECTOR,-0.16,OTHER,123,0.00228686495328437,0.0176449991823845,0.000664241436313258,0.00521554478459245
SECTOR,-0.14,PIPE,129,0.00271144403159404,0.00263979234504006,0.00201728886948562,0.000323255093985136
SECTOR,-0.14,MVTX,129,0.022060500818459,0.0191013787008288,0.00864426432760161,0.00456196225039909
SECTOR,-0.14,INTT,129,0.0622417678586302,0.00833857363085061,0.0269049003540954,0.00436618986134589
SECTOR,-0.14,TPC,129,0.0472542500720633,0.00971530689751508,0.0169728032411797,0.0029498641612265
SECTOR,-0.14,EMCAL,129,19.6751186740054,1.42913458659769,0.851914898358863,0.0555241305618149
SECTOR,-0.14,MAGNET,129,1.37119401733766,0,0.313633153349006,0
SECTOR,-0.14,IHCAL,129,1.10381332104808,0.0970731868155397,0.29008141733388,0.0228806539061244
SECTOR,-0.14,OHCAL,129,36.0026962523361,0.862003753385624,3.93080803237017,0.0730438073147604
SECTOR,-0.14,OTHER,129,0.000103176846328623,0.00116731276320658,1.98534981432814e-05,0.000224616690678221
SECTOR,-0.12,PIPE,137,0.0026735603609906,0.00255795453482172,0.00200829140928292,0.000313235228539146
SECTOR,-0.12,MVTX,137,0.0218050902653415,0.0285117506465473,0.00832731553598896,0.00660201873001177
SECTOR,-0.12,INTT,137,0.0608323269180525,0.0094556025289867,0.0262122881910376,0.0046193998850543
SECTOR,-0.12,TPC,137,0.0464916295693123,0.0105774612256961,0.0167299975266996,0.00320529812976643
SECTOR,-0.12,EMCAL,137,19.5949879694599,1.44945595945119,0.845122326939963,0.0511411575305276
SECTOR,-0.12,MAGNET,137,1.36765355633273,0,0.312823343843389,0
SECTOR,-0.12,IHCAL,137,1.11067638933526,0.0985539344252638,0.291353966328507,0.0228850789765499
SECTOR,-0.12,OHCAL,137,35.7798425803945,0.834358183694604,3.9118067855044,0.0730211855739991
SECTOR,-0.12,OTHER,137,0.000193802144078957,0.00159224709007367,3.7291801838763e-05,0.000306383416156547
SECTOR,-0.1,PIPE,120,0.00251124035991384,0.00212497996658792,0.00198474552283009,0.000260209907490711
SECTOR,-0.1,MVTX,120,0.0206238097216143,0.0129966598550187,0.00844306007324123,0.00314763916647246
SECTOR,-0.1,INTT,120,0.0624613893140758,0.00988998166677973,0.0272180929117283,0.00470396748693484
SECTOR,-0.1,TPC,120,0.0472437698167388,0.0123827438949987,0.0169432898394427,0.00374597141960701
SECTOR,-0.1,EMCAL,120,19.6165769162473,1.65410035572157,0.850724527702786,0.0553150297862598
SECTOR,-0.1,MAGNET,120,1.36466017498594,6.98926413032924e-08,0.312138667846341,0
SECTOR,-0.1,IHCAL,120,1.07996381953504,0.0828922644298697,0.284825800344862,0.0198631597230025
SECTOR,-0.1,OHCAL,120,35.7862634643815,0.889316223827121,3.90953580143639,0.0783770675506691
SECTOR,-0.1,OTHER,120,0.00220008198713097,0.0216380148965935,0.000588127634553332,0.00595734298896916
SECTOR,-0.0800000000000001,PIPE,144,0.00282753661697579,0.00292185865062116,0.00202046798707185,0.00035779721287356
SECTOR,-0.0800000000000001,MVTX,144,0.0216800976206064,0.0148071004725604,0.00871213109403721,0.00381669873785756
SECTOR,-0.0800000000000001,INTT,144,0.0611919633847276,0.0113100517658807,0.0266466460371607,0.0051945605891188
SECTOR,-0.0800000000000001,TPC,144,0.0476547696257598,0.0142998153899504,0.0170927231219807,0.00436125133024181
SECTOR,-0.0800000000000001,EMCAL,144,19.758600159233,1.63943448775954,0.854719006920896,0.0541335394027813
SECTOR,-0.0800000000000001,MAGNET,144,1.36221267590487,0,0.311578851478336,0
SECTOR,-0.0800000000000001,IHCAL,144,1.07899824582131,0.0871348501520707,0.284184225380563,0.0207843670029685
SECTOR,-0.0800000000000001,OHCAL,144,35.6927414142999,0.902487897754325,3.90195751582935,0.0805181824930771
SECTOR,-0.0800000000000001,OTHER,144,0.00376105159926454,0.0286356670304549,0.00100818530361879,0.00790235458929328
SECTOR,-0.0600000000000001,PIPE,142,0.0028328825801745,0.00293724898925813,0.00201878097884461,0.000359688345317763
SECTOR,-0.0600000000000001,MVTX,142,0.0210084036980643,0.0157314220793338,0.00841122240353395,0.00386426042172694
SECTOR,-0.0600000000000001,INTT,142,0.0610638777456255,0.0101549508953347,0.0264812566568987,0.00485018429940978
SECTOR,-0.0600000000000001,TPC,142,0.0512254190840618,0.0203760006606944,0.0181491600504494,0.00618285351722206
SECTOR,-0.0600000000000001,EMCAL,142,19.7150838652454,1.27016194460712,0.851728034850603,0.0486212376787702
SECTOR,-0.0600000000000001,MAGNET,142,1.36031008005724,0,0.311143670805363,0
SECTOR,-0.0600000000000001,IHCAL,142,1.08625956704857,0.090232584284302,0.285796104942131,0.0214683368917989
SECTOR,-0.0600000000000001,OHCAL,142,35.7716207603142,1.11937849236572,3.90704336444603,0.103210330092641
SECTOR,-0.0600000000000001,OTHER,142,0.000371948329901023,0.00218470177003808,7.1571052419713e-05,0.000420384747920346
SECTOR,-0.04,PIPE,133,0.00277334076957862,0.00281315797363223,0.00200981878838424,0.000344484811455287
SECTOR,-0.04,MVTX,133,0.0189968068883689,0.0136567620114223,0.00780475676015367,0.00383468543985368
SECTOR,-0.04,INTT,133,0.060206594206916,0.011579084701756,0.0260460803358525,0.0053061753021393
SECTOR,-0.04,TPC,133,0.0474752130620202,0.0202072420420082,0.0169672192510339,0.0060580888127726
SECTOR,-0.04,EMCAL,133,19.3377023687622,2.30845831494111,0.837114007283573,0.0744816364085469
SECTOR,-0.04,MAGNET,133,1.35895162637934,4.9421560620597e-08,0.310832951749349,1.82501207499443e-08
SECTOR,-0.04,IHCAL,133,1.08594780057254,0.0901415465301389,0.285524836242373,0.0217528680151233
SECTOR,-0.04,OHCAL,133,36.0327620058929,1.27464409426606,3.93097467241045,0.119369269412359
SECTOR,-0.04,OTHER,133,0.000595081784904074,0.00273780739528388,0.000114506844627369,0.000526814454725695
SECTOR,-0.02,PIPE,125,0.00281079870745808,0.00289568902055922,0.00201340751014828,0.000354594226560191
SECTOR,-0.02,MVTX,125,0.0201859611506018,0.0130113184772723,0.00843313908767969,0.00375397401537675
SECTOR,-0.02,INTT,125,0.0596697700310379,0.0126315581368448,0.0261049024162308,0.00552161049144504
SECTOR,-0.02,TPC,125,0.0455318109760021,0.0181116735679551,0.0164024181139824,0.00548643672361616
SECTOR,-0.02,EMCAL,125,19.5896581603819,2.45978188053381,0.844616154534046,0.089159862267565
SECTOR,-0.02,MAGNET,125,1.35813677147159,7.30004829997771e-08,0.31064657001853,0
SECTOR,-0.02,IHCAL,125,1.07965965848041,0.0868705272302724,0.28383606128506,0.0206929508995577
SECTOR,-0.02,OHCAL,125,36.0026015021881,1.15994502118588,3.93208604635258,0.108129346585537
SECTOR,-0.02,OTHER,125,0.00183750583732668,0.0125459513813354,0.000482263641598344,0.00382039757033429
SECTOR,0,PIPE,112,0.00264384233805487,0.00251327874320592,0.0019926320269503,0.000307759502488428
SECTOR,0,MVTX,112,0.0205362136926321,0.0125027857118449,0.00853716510778361,0.00346920570961981
SECTOR,0,INTT,112,0.0613848642076711,0.00976155419050683,0.0267458695014522,0.00463343902021001
SECTOR,0,TPC,112,0.0426355477801179,0.00854003632587826,0.0158560015488254,0.00488536426614726
SECTOR,0,EMCAL,112,19.3581296850722,4.90898573703064,0.841990528123712,0.164657365562973
SECTOR,0,MAGNET,112,1.35786518938116,0,0.310584451057728,0
SECTOR,0,IHCAL,112,1.06720099196868,0.0977329844917401,0.281599080794802,0.0250566612340621
SECTOR,0,OHCAL,112,35.9977942673345,1.18223982563433,3.92881520166755,0.110366047767555
SECTOR,0,OTHER,112,0.000353047334259009,0.0021280682793546,6.79340844832267e-05,0.000409487216718905
SECTOR,0.02,PIPE,137,0.00285272723367903,0.00298272277586308,0.00201854564187574,0.00036525123291124
SECTOR,0.02,MVTX,137,0.0208082219632782,0.0153105480677466,0.0082846611220139,0.00387072486330082
SECTOR,0.02,INTT,137,0.0607838533635991,0.010744052813599,0.0263744262881443,0.00498370365359089
SECTOR,0.02,TPC,137,0.0475244972763196,0.0262925141701579,0.0169962256929558,0.00801969225173988
SECTOR,0.02,EMCAL,137,19.066168971141,2.90728718633605,0.830755475823658,0.086041030829049
SECTOR,0.02,MAGNET,137,1.35813677147159,7.59813117026208e-08,0.31064657001853,7.45058059692383e-09
SECTOR,0.02,IHCAL,137,1.0751878605735,0.0958839962633704,0.283010742325676,0.0233748820531887
SECTOR,0.02,OHCAL,137,35.9508543101157,1.30689005363256,3.92455868239842,0.125130835757576
SECTOR,0.02,OTHER,137,0.000659367297418161,0.00386774863703229,0.000221335022286195,0.00176358327021665
SECTOR,0.04,PIPE,123,0.00282305231005501,0.00291964470389049,0.00201590739246549,0.000357523116626198
SECTOR,0.04,MVTX,123,0.0197066301540287,0.0152634585548445,0.00791735053798429,0.00403193963128668
SECTOR,0.04,INTT,123,0.0604624217421595,0.0109526661665091,0.0263470802750037,0.00511225020760098
SECTOR,0.04,TPC,123,0.0511235889675434,0.0260728770667607,0.0181053508744468,0.00792552319425309
SECTOR,0.04,EMCAL,123,19.2936234913355,2.79226659601731,0.833249849901411,0.0872655635094074
SECTOR,0.04,MAGNET,123,1.35895162637934,6.14390615465888e-08,0.310832951749349,1.58050681915853e-08
SECTOR,0.04,IHCAL,123,1.09078763717751,0.0902948612183931,0.286822724983886,0.0209030500930792
SECTOR,0.04,OHCAL,123,35.7497628575887,1.05605620374261,3.90863680925412,0.0985053005931941
SECTOR,0.04,OTHER,123,0.00332487304837537,0.0299924515686218,0.000937150628326416,0.00804927506647765
SECTOR,0.0599999999999998,PIPE,131,0.00237118831046629,0.00166357788250997,0.00196224798394639,0.00020371360395547
SECTOR,0.0599999999999998,MVTX,131,0.0196171205098715,0.0120897313648225,0.00815323825448356,0.00319339470792927
SECTOR,0.0599999999999998,INTT,131,0.0620041454678809,0.00890763249174061,0.0269631935310225,0.00441205114740236
SECTOR,0.0599999999999998,TPC,131,0.0487361674902839,0.0184805704966825,0.0173889402757047,0.00559477738396502
SECTOR,0.0599999999999998,EMCAL,131,19.6642466948612,1.4163986608067,0.85136329403751,0.0463328495225878
SECTOR,0.0599999999999998,MAGNET,131,1.36031008005724,0,0.311143670805363,0
SECTOR,0.0599999999999998,IHCAL,131,1.07692837556809,0.0838407114179417,0.283866364180221,0.0207294097177594
SECTOR,0.0599999999999998,OHCAL,131,35.9088281690987,1.03506790557299,3.92004432302018,0.0928849404030188
SECTOR,0.0599999999999998,OTHER,131,0.000201590316205898,0.00161900997076164,3.87904177236614e-05,0.000311533183967392
SECTOR,0.0799999999999998,PIPE,122,0.00294663759091915,0.00315971850984578,0.00203505582346593,0.000386922017168382
SECTOR,0.0799999999999998,MVTX,122,0.0215153755499492,0.0314499725159674,0.00836950597520095,0.00718723188591845
SECTOR,0.0799999999999998,INTT,122,0.0601655401460399,0.010525450045032,0.0261959253506214,0.0047886998476978
SECTOR,0.0799999999999998,TPC,122,0.0496742766502387,0.0162537935133546,0.0177108072496524,0.00496319563300148
SECTOR,0.0799999999999998,EMCAL,122,19.4066194225231,1.73399899744987,0.836919613574057,0.0581583384209164
SECTOR,0.0799999999999998,MAGNET,122,1.36221267590487,0,0.311578851478336,0
SECTOR,0.0799999999999998,IHCAL,122,1.08453784356282,0.0883186805570115,0.285632545804263,0.0210971944238929
SECTOR,0.0799999999999998,OHCAL,122,35.7563383282696,0.957691218714149,3.90709743271278,0.085192430817085
SECTOR,0.0799999999999998,OTHER,122,0.000541911217210736,0.0026214167459083,0.000104275656094868,0.000504418329785861
SECTOR,0.0999999999999999,PIPE,135,0.00247343635868104,0.0020063316910097,0.00198011620671283,0.000245684293566703
SECTOR,0.0999999999999999,MVTX,135,0.0202829778731671,0.0135151331942103,0.0083737675011472,0.0034714298842468
SECTOR,0.0999999999999999,INTT,135,0.0601092395993748,0.0101593477288842,0.0260566008533023,0.00470078408563515
SECTOR,0.0999999999999999,TPC,135,0.0470413681167892,0.0119500698003419,0.0168918708948718,0.00362499763324522
SECTOR,0.0999999999999999,EMCAL,135,19.6042070804248,1.3964559535992,0.847746546687813,0.0476497427527012
SECTOR,0.0999999999999999,MAGNET,135,1.36466017498594,6.3220272766341e-08,0.312138667846341,0
SECTOR,0.0999999999999999,IHCAL,135,1.10379807138405,0.0982455744048853,0.289722356357403,0.0228774745444595
SECTOR,0.0999999999999999,OHCAL,135,35.9131584991042,0.981353655943817,3.92187765209284,0.0877261520559554
SECTOR,0.0999999999999999,OTHER,135,0.00121893634571218,0.00979392733687377,0.000302120897018586,0.00265198452704881
SECTOR,0.12,PIPE,146,0.00245602174189148,0.00193515877540322,0.00198166137853271,0.000236969175030503
SECTOR,0.12,MVTX,146,0.0207883568661641,0.0147404791437618,0.00828185642467474,0.0035983886899186
SECTOR,0.12,INTT,146,0.061776937823342,0.00729840759018354,0.0267477731808071,0.00400349728044396
SECTOR,0.12,TPC,146,0.0492419707676602,0.0125033846933962,0.0175625102835666,0.00379134688185575
SECTOR,0.12,EMCAL,146,19.7017342978046,1.39001901855144,0.848366114240416,0.0495558222486004
SECTOR,0.12,MAGNET,146,1.36765355633273,0,0.312823343843388,0
SECTOR,0.12,IHCAL,146,1.10373303871829,0.0985174118704235,0.289889814769067,0.0230741427121685
SECTOR,0.12,OHCAL,146,35.7453161729033,0.819177040901096,3.90693450688151,0.0714894409916391
SECTOR,0.12,OTHER,146,0.000654651751884695,0.00788305098649162,0.000191467950460347,0.00230557943427578
SECTOR,0.14,PIPE,135,0.00278919442867036,0.0028184401828854,0.0020268058452016,0.000345138175404729
SECTOR,0.14,MVTX,135,0.0197023215006624,0.0126607409014673,0.00819184477145428,0.00349991359775274
SECTOR,0.14,INTT,135,0.0607581645315328,0.010906834553694,0.0263416650904615,0.00506996374584774
SECTOR,0.14,TPC,135,0.0481255833749113,0.0105238469119318,0.0172401430060802,0.00319636274150602
SECTOR,0.14,EMCAL,135,19.8573634679673,1.21727031964074,0.854565639081877,0.0454634454485525
SECTOR,0.14,MAGNET,135,1.37119401733766,0,0.313633153349007,0
SECTOR,0.14,IHCAL,135,1.09725808632384,0.0922843986938896,0.288696086445555,0.0219605262601798
SECTOR,0.14,OHCAL,135,36.0032843043983,0.819569502943037,3.93220064342842,0.0686835886051688
SECTOR,0.14,OTHER,135,0.000496636876982446,0.00251323172602218,9.68306716445969e-05,0.000483823567920697
SECTOR,0.16,PIPE,127,0.00261991320626,0.0023957839801884,0.00201111192641299,0.000293381450962135
SECTOR,0.16,MVTX,127,0.0210748512387499,0.0155699330929739,0.00839813185974633,0.00379742007792467
SECTOR,0.16,INTT,127,0.0619566882215157,0.00957649080922247,0.0269012122362192,0.004667032668161
SECTOR,0.16,TPC,127,0.047380191973194,0.00930229326843594,0.0170164726125547,0.00282032503413612
SECTOR,0.16,EMCAL,127,19.6474455857597,1.14007078146944,0.846701346869914,0.0405128148440772
SECTOR,0.16,MAGNET,127,1.37528297423236,0,0.314568420297796,0
SECTOR,0.16,IHCAL,127,1.0982012583869,0.095175932818506,0.28908041734308,0.0229658207774513
SECTOR,0.16,OHCAL,127,35.8989212869757,0.767735186817964,3.92548819747355,0.0649049398739042
SECTOR,0.16,OTHER,127,0.000315342604396399,0.00202736929790722,6.06788638503324e-05,0.000390110514364297
SECTOR,0.18,PIPE,136,0.00280244426827212,0.00282637368380772,0.00203915663116357,0.000346104753098531
SECTOR,0.18,MVTX,136,0.0211157262197197,0.0216026660091701,0.00835349993652147,0.0051948893782569
SECTOR,0.18,INTT,136,0.0616080811265418,0.0104137680531722,0.0267947855187343,0.00503660370171057
SECTOR,0.18,TPC,136,0.0469613273621006,0.00818155911283508,0.0168950909543951,0.00247960917431586
SECTOR,0.18,EMCAL,136,19.8447106936189,1.21772836522036,0.852950145587515,0.0492555033823435
SECTOR,0.18,MAGNET,136,1.37992206265411,0,0.315629518809005,1.86264514923096e-08
SECTOR,0.18,IHCAL,136,1.12199462448343,0.101424112727838,0.294835164545528,0.0238203389549911
SECTOR,0.18,OHCAL,136,36.0961452211675,0.763809212248128,3.94596525663694,0.0648790254788837
SECTOR,0.18,OTHER,136,0.00039395688162543,0.00226310998653205,7.5805982603612e-05,0.000435472216048821
SECTOR,0.2,PIPE,136,0.0025082446992065,0.0020290539712901,0.00200951404659384,0.000248465219069156
SECTOR,0.2,MVTX,136,0.0227727907502199,0.0226387054595666,0.00891368372445408,0.00520067609560743
SECTOR,0.2,INTT,136,0.062436334108222,0.0095180456248714,0.0271862864292979,0.00464326083495477
SECTOR,0.2,TPC,136,0.0466661211033158,0.0073914320456993,0.0168203679721363,0.00224293056879396
SECTOR,0.2,EMCAL,136,19.9906919202459,0.931675971459554,0.860437754160911,0.0382607683209729
SECTOR,0.2,MAGNET,136,1.38511313830012,8.68879540986613e-08,0.316816873336188,1.97123833825036e-08
SECTOR,0.2,IHCAL,136,1.13002647244652,0.109491672914116,0.296348568880378,0.0259430382684927
SECTOR,0.2,OHCAL,136,36.3089597249815,0.837787725623662,3.96799041230442,0.0709607877876768
SECTOR,0.2,OTHER,136,0.000296579169630924,0.00197472142450885,5.70683656568589e-05,0.000379979903728727
SECTOR,0.22,PIPE,137,0.00292144271410605,0.00305455059326248,0.00206717043235554,0.000374044294969042
SECTOR,0.22,MVTX,137,0.0213819216733694,0.0166037279592341,0.00837310269634312,0.00415856626111403
SECTOR,0.22,INTT,137,0.0607876921087776,0.0116040949063388,0.0262923411392065,0.00525282827571094
SECTOR,0.22,TPC,137,0.0466631488013143,0.00692230658949504,0.0168315108710671,0.00210048956140166
SECTOR,0.22,EMCAL,137,19.7769794698268,1.04114690981159,0.851405636746567,0.044774871802573
SECTOR,0.22,MAGNET,137,1.39085827766987,0,0.318130958836987,0
SECTOR,0.22,IHCAL,137,1.14009002446894,0.111793516866627,0.298646280160568,0.0264393168676331
SECTOR,0.22,OHCAL,137,36.3613845820869,0.831866591440833,3.97500476688186,0.0713856078151724
SECTOR,0.22,OTHER,137,0.0019390780328602,0.0121577598868273,0.000505008631191048,0.00340355490623377
SECTOR,0.24,PIPE,123,0.00267585386181736,0.00247180573095333,0.002044848258846,0.000302686852849958
SECTOR,0.24,MVTX,123,0.0237191932055861,0.0234181295102843,0.00909262484859969,0.00531708310815253
SECTOR,0.24,INTT,123,0.0614227154641952,0.0116883206649667,0.0267499566209678,0.00526176805516619
SECTOR,0.24,TPC,123,0.0472367471360805,0.00666803842206659,0.0170145855094331,0.00202271766262593
SECTOR,0.24,EMCAL,123,19.6838946041297,1.35765391177478,0.850128964031069,0.047079892256087
SECTOR,0.24,MAGNET,123,1.39715977889572,8.16170211889097e-08,0.319572300963124,0
SECTOR,0.24,IHCAL,123,1.14187777181377,0.104098108440524,0.299747769187249,0.024199266592892
SECTOR,0.24,OHCAL,123,36.6423110337378,0.826795555936867,4.00236576891721,0.0696620599915163
SECTOR,0.24,OTHER,123,0.00144632027602833,0.0101939389135724,0.000370832327772464,0.00295985905742929
SECTOR,0.26,PIPE,128,0.00267118698608526,0.00243649214656124,0.00205270188092018,0.00029835795069736
SECTOR,0.26,MVTX,128,0.0192857645220844,0.0105976835436633,0.00813867902632685,0.00310324128548937
SECTOR,0.26,INTT,128,0.0635666432149166,0.00845513165204382,0.0274909225230061,0.00443569800664176
SECTOR,0.26,TPC,128,0.0472326338726321,0.00625443028534008,0.0170320985740642,0.00189856502696987
SECTOR,0.26,EMCAL,128,19.8877645564177,1.3228584456708,0.854626247370508,0.0478807474686802
SECTOR,0.26,MAGNET,128,1.40402016266217,8.02452088465468e-08,0.321141476270666,0
SECTOR,0.26,IHCAL,128,1.16057818495959,0.117965577454139,0.304276139089281,0.0276255717893734
SECTOR,0.26,OHCAL,128,36.8092528568358,0.846879546327846,4.02143358036359,0.0728332771403204
SECTOR,0.26,OTHER,128,0.000106472248277762,0.0011998813007843,2.04876060735638e-05,0.000230883594768971
SECTOR,0.28,PIPE,137,0.00327296171448591,0.00366196691279366,0.00213551705341468,0.000448430087739695
SECTOR,0.28,MVTX,137,0.0192656783839217,0.0139981826148227,0.00787558818140483,0.00385210124560435
SECTOR,0.28,INTT,137,0.0618080479017024,0.0133234751240979,0.0269366744074391,0.00592017655120284
SECTOR,0.28,TPC,137,0.0459710622976361,0.0052161769889525,0.0166614243280556,0.00158300690331731
SECTOR,0.28,EMCAL,137,19.5699121868002,1.336308225848,0.845881950824275,0.053353279017678
SECTOR,0.28,MAGNET,137,1.4114421732142,8.94069671630859e-08,0.32283911245066,1.49011611938477e-08
SECTOR,0.28,IHCAL,137,1.16702061458297,0.130080914096188,0.304648000169282,0.0305009333712123
SECTOR,0.28,OHCAL,137,36.9805164886362,0.909031451487912,4.04122546119581,0.078711690873935
SECTOR,0.28,OTHER,137,0.00244541314845823,0.0145989297342752,0.000630087808160461,0.00410742422314133
SECTOR,0.3,PIPE,136,0.00277857845430805,0.00266413602963138,0.0020847929954149,0.000326233539264572
SECTOR,0.3,MVTX,136,0.0217889990765096,0.0223158836076863,0.00845011247818582,0.00517712713458312
SECTOR,0.3,INTT,136,0.0636108203240985,0.0105451446102947,0.0275712578231734,0.00502758445096303
SECTOR,0.3,TPC,136,0.0457193793648304,0.00466219666202143,0.0166036459289533,0.00141730886475797
SECTOR,0.3,EMCAL,136,19.7409948361841,1.30975775919948,0.847879061881165,0.0527008226821904
SECTOR,0.3,MAGNET,136,1.419428779455,6.3220272766341e-08,0.324665888580213,0
SECTOR,0.3,IHCAL,136,1.16766665888804,0.121817066729895,0.305721103885606,0.0286139024509333
SECTOR,0.3,OHCAL,136,37.2314541041998,0.891058092275804,4.06877187449354,0.0781310151175324
SECTOR,0.3,OTHER,136,0.000643936845959023,0.00359412398546609,0.00013257437801146,0.000771079585372145
SECTOR,0.32,PIPE,115,0.00301480018093812,0.00316722049899917,0.00212423820724132,0.000387839627786199
SECTOR,0.32,MVTX,115,0.0221362421512986,0.0182754123936108,0.00868905161155889,0.00460523660612239
SECTOR,0.32,INTT,115,0.0637498694695563,0.0116643532713387,0.027738740489369,0.00527714847900895
SECTOR,0.32,TPC,115,0.0469616589136212,0.00501163022187796,0.0169946827755615,0.00152073836737159
SECTOR,0.32,EMCAL,115,19.5192193253956,1.43428075846386,0.846923041435481,0.0521436000765912
SECTOR,0.32,MAGNET,115,1.42798317613355,3.65002414998886e-08,0.326622535394135,0
SECTOR,0.32,IHCAL,115,1.14628301634077,0.107515805629167,0.30150847111716,0.0250472314108509
SECTOR,0.32,OHCAL,115,37.5578985624725,1.05231309740258,4.10245242647552,0.0941954317152656
SECTOR,0.32,OTHER,115,0.00266317722121186,0.0141966979750593,0.000692473943299159,0.00382248881714186
SECTOR,0.34,PIPE,138,0.00290942051789874,0.00292303159100014,0.00212254862752259,0.000357935046448717
SECTOR,0.34,MVTX,138,0.0193687018328345,0.0129797317478701,0.00799272658521489,0.00326054031109995
SECTOR,0.34,INTT,138,0.0626468364663194,0.0105791907669735,0.0270942165943708,0.00490164040068002
SECTOR,0.34,TPC,138,0.0463466802028771,0.00439009615820048,0.0168268159309942,0.00133331428218797
SECTOR,0.34,EMCAL,138,19.9182003514285,1.29361456728676,0.856017932684949,0.0456441372907654
SECTOR,0.34,MAGNET,138,1.43710878512258,8.68879540986613e-08,0.328709835577239,1.29047841397589e-08
SECTOR,0.34,IHCAL,138,1.17779744179462,0.111192525672363,0.30888988380484,0.0260592299796636
SECTOR,0.34,OHCAL,138,37.9948872749972,1.07232548609313,4.14804038333895,0.0965324406352583
SECTOR,0.34,OTHER,138,0.00226023731286896,0.0138775164450877,0.000624613400694257,0.00390415645081654
SECTOR,0.36,PIPE,124,0.003698151743001,0.00426639644198471,0.00223104756041091,0.000522449556057504
SECTOR,0.36,MVTX,124,0.02124214362359,0.0178778150285478,0.00828462005919577,0.00463949691159474
SECTOR,0.36,INTT,124,0.0624201464688152,0.0131758390856877,0.027220430825725,0.00586171684966269
SECTOR,0.36,TPC,124,0.0463698284280233,0.00401188483410601,0.0168505453926349,0.00121741351665985
SECTOR,0.36,EMCAL,124,19.8070072489373,1.29532090986609,0.852516890877531,0.0521004107396977
SECTOR,0.36,MAGNET,124,1.44680925678737,3.65002414998886e-08,0.33092862407743,1.66600046865626e-08
SECTOR,0.36,IHCAL,124,1.18637334731251,0.109743675005318,0.312012360824331,0.0254805463238739
SECTOR,0.36,OHCAL,124,38.0568410235417,1.03130759661266,4.16020714743763,0.0955040704985749
SECTOR,0.36,OTHER,124,0.00411720881794613,0.0161717829579369,0.00108703988106393,0.00440239081017963
SECTOR,0.38,PIPE,133,0.00373853475672075,0.00431588514701382,0.0022486300946042,0.000528510242677391
SECTOR,0.38,MVTX,133,0.0236768444280457,0.0229768942616914,0.00903511138089064,0.00554941089863223
SECTOR,0.38,INTT,133,0.0627939445074726,0.0143003872015136,0.0273546601135413,0.00626178781277808
SECTOR,0.38,TPC,133,0.0467868461042285,0.00400435391381676,0.0169943806535703,0.00121365370664523
SECTOR,0.38,EMCAL,133,19.4892380973767,1.64705852859435,0.844939170383364,0.0644569026159995
SECTOR,0.38,MAGNET,133,1.45708847144593,0,0.333279788439694,0
SECTOR,0.38,IHCAL,133,1.16989775069037,0.0996222960969936,0.307605234970359,0.0233563250350002
SECTOR,0.38,OHCAL,133,38.4111434335191,0.991700673145668,4.19652436440238,0.09127190119456
SECTOR,0.38,OTHER,133,0.00350299477782618,0.0148039857722859,0.000909385173583312,0.00400989308650812
SECTOR,0.4,PIPE,129,0.00301629730267707,0.0030833987349235,0.00217354217769258,0.000377587812922382
SECTOR,0.4,MVTX,129,0.0246118123121646,0.0230664569633111,0.00947766038638362,0.00528279555487305
SECTOR,0.4,INTT,129,0.0651754773587892,0.012776335112623,0.0284708771990329,0.00571690511016147
SECTOR,0.4,TPC,129,0.0463229208120649,0.00324706260510825,0.0168777181093156,0.000986215799713173
SECTOR,0.4,EMCAL,129,19.6893891903748,1.48438679571695,0.849781405035041,0.0601246921656833
SECTOR,0.4,MAGNET,129,1.46795054092116,6.98926413032924e-08,0.335764269161123,0
SECTOR,0.4,IHCAL,129,1.1673266896559,0.0949812917369752,0.308578190508487,0.0228841795376378
SECTOR,0.4,OHCAL,129,38.5596363168448,1.12282172006293,4.21354368498222,0.103483685239807
SECTOR,0.4,OTHER,129,0.00187948674318701,0.0108620131493292,0.000463304099245056,0.0028857484533071
SECTOR,0.42,PIPE,128,0.00385210244018405,0.0044572134073552,0.00228995932492582,0.000545809480108957
SECTOR,0.42,MVTX,128,0.019590160583832,0.0147309070601853,0.00805947715919043,0.00429252068186258
SECTOR,0.42,INTT,128,0.0618593931163684,0.016161099563112,0.0269995829452354,0.00676444108812803
SECTOR,0.42,TPC,128,0.0463956009216184,0.00297049846505678,0.0169234538490873,0.000905475610699965
SECTOR,0.42,EMCAL,128,19.5113751204687,1.51332573935711,0.845662697041041,0.0601096838077293
SECTOR,0.42,MAGNET,128,1.4793998101857,2.98023223876953e-08,0.338383060067132,3.72529029846191e-09
SECTOR,0.42,IHCAL,128,1.19471337450582,0.108135593989578,0.314302953114218,0.0254843373731428
SECTOR,0.42,OHCAL,128,38.8910774628328,1.01595927178879,4.24839392573067,0.0899930432741659
SECTOR,0.42,OTHER,128,0.00387214644367345,0.0141007731860661,0.000914548155567106,0.00349671225518872
SECTOR,0.44,PIPE,133,0.00371482965232402,0.00426198372424921,0.00228794829331762,0.000521910367327129
SECTOR,0.44,MVTX,133,0.0220701843972253,0.0166081915866538,0.00878212260139472,0.00463574336224102
SECTOR,0.44,INTT,133,0.0659612804514323,0.0149894034036031,0.0289040582279013,0.00658065894273874
SECTOR,0.44,TPC,133,0.0468769315641994,0.00303008325843166,0.0170901876566765,0.00091901796258992
SECTOR,0.44,EMCAL,133,19.7847987136005,1.46783016090563,0.853236576619238,0.0538562663283293
SECTOR,0.44,MAGNET,133,1.4914408590999,8.42936970217881e-08,0.341137208709003,0
SECTOR,0.44,IHCAL,133,1.19241837644448,0.104865014362518,0.313014012329666,0.0242295255708595
SECTOR,0.44,OHCAL,133,39.0810322064799,1.04204229762081,4.27204549350238,0.0939802344807776
SECTOR,0.44,OTHER,133,0.00320635873739138,0.0128683497906121,0.000828750514588149,0.00355687651698559
SECTOR,0.46,PIPE,132,0.00330193874577998,0.00357947175482285,0.00225291339248712,0.000438326142323891
SECTOR,0.46,MVTX,132,0.023171465012061,0.0213552710765932,0.00898207086714436,0.00506300085131391
SECTOR,0.46,INTT,132,0.0665759795142359,0.0118645073711985,0.0288844024165723,0.00553461071372656
SECTOR,0.46,TPC,132,0.0472224299300681,0.00292319941743791,0.0172193166689643,0.000886600315481017
SECTOR,0.46,EMCAL,132,19.7566946545302,1.41964106135033,0.854264780564018,0.0575131259460394
SECTOR,0.46,MAGNET,132,1.50407850424389,0,0.344027816782914,1.49011611938477e-08
SECTOR,0.46,IHCAL,132,1.21032317891415,0.102432502419659,0.318240163365255,0.0239211432719537
SECTOR,0.46,OHCAL,132,39.225609320348,0.857771966379772,4.291262312712,0.0757887536792401
SECTOR,0.46,OTHER,132,0.00304476548816514,0.0141485123773933,0.000799737918066865,0.00365514536291961
SECTOR,0.48,PIPE,133,0.00298276829694146,0.00287863593601888,0.00223011223473106,0.000352506851451454
SECTOR,0.48,MVTX,133,0.0240428165611267,0.0222688360073577,0.00919587512601908,0.00507597069103035
SECTOR,0.48,INTT,133,0.0667297594750564,0.00996031668721608,0.0288525394375472,0.00478676394092354
SECTOR,0.48,TPC,133,0.0471997489239589,0.00238366935019931,0.0172391593640556,0.000724949025708379
SECTOR,0.48,EMCAL,133,19.6478652348207,1.44428559355903,0.852143189039496,0.0598699428051553
SECTOR,0.48,MAGNET,133,1.51731780084423,0,0.347056040570637,1.66600046865626e-08
SECTOR,0.48,IHCAL,133,1.21083178176212,0.0948878510114878,0.318451329861082,0.0227006792008329
SECTOR,0.48,OHCAL,133,39.8437957905832,1.11527918068468,4.35298098046833,0.100421084602743
SECTOR,0.48,OTHER,133,0.00290135380944338,0.0128852836989257,0.000750858365927676,0.00343675314379828
SECTOR,0.5,PIPE,139,0.00331480891598553,0.00355680457651628,0.00228778547679303,0.000435554387352655
SECTOR,0.5,MVTX,139,0.0226171549648511,0.018373617454246,0.00907321800943788,0.00451058718843173
SECTOR,0.5,INTT,139,0.0666510183933152,0.0134546440563522,0.0289370972563445,0.00591938337467355
SECTOR,0.5,TPC,139,0.0478594289841729,0.0025322051104346,0.017462325491464,0.000768460203228644
SECTOR,0.5,EMCAL,139,19.757396865443,1.50424209573675,0.859263191975424,0.057579118178056
SECTOR,0.5,MAGNET,139,1.53116404479607,0,0.350223091402064,3.72529029846191e-09
SECTOR,0.5,IHCAL,139,1.21846229750761,0.100033102673151,0.320190233648515,0.0244721322133676
SECTOR,0.5,OHCAL,139,40.1877980588011,1.00323214478193,4.39259980161364,0.0882417795085931
SECTOR,0.5,OTHER,139,0.00218902368245082,0.00893546308343957,0.000602926870475225,0.00264957397574987
SECTOR,0.52,PIPE,128,0.00319367106935079,0.00325867793760223,0.00229201679089733,0.00039963778535198
SECTOR,0.52,MVTX,128,0.0240291047564071,0.019601389498678,0.00927182861922107,0.00462761511144158
SECTOR,0.52,INTT,128,0.067249718916583,0.0127402207161173,0.0291573554736377,0.00567615300208653
SECTOR,0.52,TPC,128,0.048374718609588,0.00262182992188953,0.0176493940099098,0.00079581934864659
SECTOR,0.52,EMCAL,128,19.6852094849758,1.45665246909838,0.859711684774458,0.0574623899551465
SECTOR,0.52,MAGNET,128,1.54562277478163,0,0.353530236139755,1.89953279256552e-08
SECTOR,0.52,IHCAL,128,1.2325972668067,0.098640443605997,0.324906164147594,0.0236965242983757
SECTOR,0.52,OHCAL,128,40.8570381692785,1.13889819110191,4.4593299911085,0.102316869443453
SECTOR,0.52,OTHER,128,0.00215412950657124,0.00939760978203744,0.000556093818286058,0.00263914612691619
SECTOR,0.54,PIPE,134,0.00283134013410297,0.00230293613706188,0.00226488323857474,0.000282008917468637
SECTOR,0.54,MVTX,134,0.0253987646092447,0.0211227329123821,0.00969525800288741,0.00482679727503125
SECTOR,0.54,INTT,134,0.070242211911049,0.0112124675070832,0.0305382283341792,0.00542570197686425
SECTOR,0.54,TPC,134,0.0481742617830815,0.00176253711280935,0.0176168332443457,0.000534213087419788
SECTOR,0.54,EMCAL,134,20.0022044560155,1.70594092401764,0.866838363817925,0.0652943332706324
SECTOR,0.54,MAGNET,134,1.56069977448567,8.68879540986613e-08,0.356978797685703,0
SECTOR,0.54,IHCAL,134,1.23305292228239,0.094489602078297,0.325108722103557,0.0236909277477866
SECTOR,0.54,OHCAL,134,41.0747350890325,1.07437334683924,4.48583907153539,0.0945954748683724
SECTOR,0.54,OTHER,134,0.00259735684978394,0.0129363502608337,0.000616082269536043,0.00306457344745089
SECTOR,0.56,PIPE,126,0.00300695860565258,0.0027565846326369,0.00230568905044406,0.000337556568789639
SECTOR,0.56,MVTX,126,0.0276208710979458,0.0239865157591638,0.0101574515979501,0.00542076457234776
SECTOR,0.56,INTT,126,0.0695268312161088,0.0116893046898569,0.0301085443718755,0.00542151906994224
SECTOR,0.56,TPC,126,0.0486942372875562,0.00177384754867185,0.0178041263341911,0.00053689479756549
SECTOR,0.56,EMCAL,126,19.9020100159888,1.81126090139447,0.868481652206685,0.0668379399582781
SECTOR,0.56,MAGNET,126,1.57640107490912,7.30004829997771e-08,0.360570155510504,1.39387599631173e-08
SECTOR,0.56,IHCAL,126,1.25814324199699,0.103856091487186,0.331734674957873,0.0237312355773554
SECTOR,0.56,OHCAL,126,41.38162496537,1.00957576693838,4.52094298975044,0.0890526942692479
SECTOR,0.56,OTHER,126,0.00146375697424411,0.00664213095815499,0.000384454203503197,0.00200598977622914
SECTOR,0.58,PIPE,127,0.00415991625244995,0.00481538648432087,0.00246694996577587,0.000589668775083377
SECTOR,0.58,MVTX,127,0.0255010048309406,0.0276612910310312,0.00933924115189751,0.00647741744499797
SECTOR,0.58,INTT,127,0.0680724757763345,0.0165655068011894,0.0298410475501696,0.00703184825473237
SECTOR,0.58,TPC,127,0.0494361772729159,0.00212247157009669,0.0180614899117957,0.000643741221492594
SECTOR,0.58,EMCAL,127,19.9611340989699,1.71137280044123,0.868133273935538,0.0630928696827555
SECTOR,0.58,MAGNET,127,1.5927329567815,0,0.364305746205176,0
SECTOR,0.58,IHCAL,127,1.25616373251987,0.0989462366051834,0.331043183521746,0.0234733669539367
SECTOR,0.58,OHCAL,127,41.901076442542,1.07839287830001,4.57513316202191,0.0936695977779539
SECTOR,0.58,OTHER,127,0.00683064517854157,0.0192529356154231,0.00155315979486871,0.00446436028585938
SECTOR,0.6,PIPE,128,0.00350619221188675,0.00371269660159414,0.00241462432134132,0.000475007131315938
SECTOR,0.6,MVTX,128,0.02501406572033,0.0219744894034304,0.009615119419629,0.005076875936675
SECTOR,0.6,INTT,128,0.0690871389304693,0.013413955841024,0.029944621177668,0.00590801639579991
SECTOR,0.6,TPC,128,0.0497833589197318,0.00183049259809157,0.018200944510729,0.000557672085271939
SECTOR,0.6,EMCAL,128,20.0388221688001,1.79581909518523,0.872402350222232,0.0670335960496619
SECTOR,0.6,MAGNET,128,1.60970195307331,0,0.368187064055804,2.23517417907715e-08
SECTOR,0.6,IHCAL,128,1.29265340500196,0.103232927131594,0.340256166631604,0.0243236282703154
SECTOR,0.6,OHCAL,128,42.1402899956412,0.964786135799316,4.60564311543929,0.0843676191292089
SECTOR,0.6,OTHER,128,0.00301896115339436,0.013174417252655,0.000727078479596043,0.00317538238755971
SECTOR,0.62,PIPE,134,0.00331558550619104,0.00335680015892304,0.00240606035570091,0.000411066155452121
SECTOR,0.62,MVTX,134,0.0239724111315429,0.0197289653338235,0.00935232764227888,0.00495614975337895
SECTOR,0.62,INTT,134,0.0702194585342254,0.0142263655112697,0.0305833201125962,0.00623113098514223
SECTOR,0.62,TPC,134,0.0499486570178335,0.00118205394890803,0.0182835286034759,0.000358514509056313
SECTOR,0.62,EMCAL,134,20.0557686558504,2.06887350383696,0.869168662780438,0.0786308383311238
SECTOR,0.62,MAGNET,134,1.62731485160933,5.96046447753906e-08,0.372215661641282,0
SECTOR,0.62,IHCAL,134,1.30337120982484,0.105979650241266,0.342510357124325,0.0246077358545867
SECTOR,0.62,OHCAL,134,42.714558610665,0.973628295577371,4.66606925734526,0.0837104952117323
SECTOR,0.62,OTHER,134,0.00292244494625564,0.00946162973780001,0.000713064674089497,0.00256762049899588
SECTOR,0.64,PIPE,131,0.00324433362260065,0.00314483864035191,0.00241977855558524,0.000385112533557655
SECTOR,0.64,MVTX,131,0.023584688305094,0.0180687565375516,0.00946354644362019,0.00447364111100997
SECTOR,0.64,INTT,131,0.0712796859632289,0.0139393550040802,0.0309539524439879,0.00625338103194218
SECTOR,0.64,TPC,131,0.0505299814859175,0.00119243848502198,0.0184951796914497,0.000362053994616241
SECTOR,0.64,EMCAL,131,20.3028326711376,2.01763868111452,0.883052182335202,0.0747678805827798
SECTOR,0.64,MAGNET,131,1.64557869778381,9.8843121241194e-08,0.376393150454357,2.17219885246653e-08
SECTOR,0.64,IHCAL,131,1.31428968489298,0.109593906319218,0.346268714453763,0.0246710169566269
SECTOR,0.64,OHCAL,131,43.3228346810344,1.22952787715289,4.73169568127725,0.113785618050385
SECTOR,0.64,OTHER,131,0.00373387729059398,0.0133927055641868,0.000915923535032505,0.00333749958631619
SECTOR,0.66,PIPE,138,0.0040915979580539,0.00467789368978641,0.0025467851721951,0.000572835547195179
SECTOR,0.66,MVTX,138,0.0226687311910642,0.0165078143874431,0.00923906897442178,0.00473618131198886
SECTOR,0.66,INTT,138,0.069964213105873,0.0172102032622756,0.0304996097077091,0.00733148195526456
SECTOR,0.66,TPC,138,0.0512826649468217,0.00154077713200816,0.0187597504841427,0.00046731450587124
SECTOR,0.66,EMCAL,138,20.2997628479034,2.03956687705741,0.883118764074944,0.0727665973268389
SECTOR,0.66,MAGNET,138,1.66450079737875,9.18569267238524e-08,0.380721201546257,0
SECTOR,0.66,IHCAL,138,1.33502546893555,0.108317498753519,0.351303917442188,0.0251143901665535
SECTOR,0.66,OHCAL,138,43.4216219073419,1.76282362273474,4.74358881464657,0.181950454085504
SECTOR,0.66,OTHER,138,0.00360863821723435,0.0125907142573194,0.000783813479715471,0.00285170337055707
SECTOR,0.68,PIPE,132,0.00433341346080555,0.00500511198918342,0.00260046899593878,0.000612916810233219
SECTOR,0.68,MVTX,132,0.0238831170858537,0.0195316052288113,0.00946684868780125,0.00515193353591174
SECTOR,0.68,INTT,132,0.0719848615673746,0.0188683789960487,0.0316195060505159,0.00807809205526803
SECTOR,0.68,TPC,132,0.0518352727126996,0.00142800367791677,0.0189667744067967,0.000438169109265713
SECTOR,0.68,EMCAL,132,20.4102136605572,1.83354562821126,0.889035240401037,0.0746649272659007
SECTOR,0.68,MAGNET,132,1.68442007883586,0.00303772451701273,0.385277338006048,0.000694818608596606
SECTOR,0.68,IHCAL,132,1.34677793629675,0.110998532234556,0.355388752896292,0.0270581992508356
SECTOR,0.68,OHCAL,132,43.888803593316,2.40186064224464,4.79150804123231,0.255322082265958
SECTOR,0.68,OTHER,132,0.00447020830150778,0.01192459521119,0.0011191492662715,0.00324840707990859
SECTOR,0.7,PIPE,137,0.00395218039421564,0.00442191420381374,0.00257868835936064,0.00054149034556706
SECTOR,0.7,MVTX,137,0.0273400045990869,0.0271027466779995,0.0102083351312887,0.0065040516619851
SECTOR,0.7,INTT,137,0.0725929897011598,0.0170626961882297,0.0318107628478671,0.00737751892265546
SECTOR,0.7,TPC,137,0.0523185259931278,0.00116386911130041,0.019150675037564,0.000352999085557912
SECTOR,0.7,EMCAL,137,20.74669400618,2.0580758902931,0.902086427481852,0.0779835858148186
SECTOR,0.7,MAGNET,137,1.70675242825366,0.0208665671096846,0.390385415405042,0.00477280906964525
SECTOR,0.7,IHCAL,137,1.36736869081765,0.108544836885786,0.359759208434032,0.025643050506316
SECTOR,0.7,OHCAL,137,44.015997148817,2.88408703678908,4.79877364690904,0.309145137116896
SECTOR,0.7,OTHER,137,0.0058186102113824,0.0161539541507948,0.00151591445288143,0.00425269305821978
SECTOR,0.72,PIPE,141,0.00384306178432668,0.00420651342454539,0.00259106111487643,0.000515114375648625
SECTOR,0.72,MVTX,141,0.0288176589492712,0.0275993224021956,0.0105854814227714,0.00621736726702667
SECTOR,0.72,INTT,141,0.0734829309088536,0.0166265107513552,0.0320272802767032,0.0072651739318258
SECTOR,0.72,TPC,141,0.0529683621546942,0.00114981446500274,0.0193887041659737,0.000350283023584575
SECTOR,0.72,EMCAL,141,20.4852291068598,2.03153857265232,0.894508714232891,0.0748554306843569
SECTOR,0.72,MAGNET,141,1.72959969666799,0.0269167342771209,0.395611270205743,0.00615666356651494
SECTOR,0.72,IHCAL,141,1.40541384727148,0.121033904427509,0.369710501642967,0.027209620407648
SECTOR,0.72,OHCAL,141,43.5728257762739,3.21093259761566,4.75500511665046,0.346657195416636
SECTOR,0.72,OTHER,141,0.00479654676587803,0.0134723025142357,0.0011218642580718,0.00325896297543413
SECTOR,0.74,PIPE,139,0.00390726156664049,0.00428770283557372,0.00262551531602996,0.000525057397680061
SECTOR,0.74,MVTX,139,0.0242332936229167,0.0180377741789542,0.00972813336208446,0.00496536130646373
SECTOR,0.74,INTT,139,0.074204979153129,0.0190877101167184,0.0324830884163652,0.00812914667043011
SECTOR,0.74,TPC,139,0.0537023721898611,0.00128501670500278,0.0196518782790127,0.000388931162221387
SECTOR,0.74,EMCAL,139,20.7935613875231,2.02834736170179,0.905734104411568,0.0800541006318127
SECTOR,0.74,MAGNET,139,1.76347391570144,0.05545015467257,0.403359318985393,0.0126831116849297
SECTOR,0.74,IHCAL,139,1.4143482152102,0.129908426717754,0.371331895463569,0.0308521700750063
SECTOR,0.74,OHCAL,139,42.6415970587085,3.39854506036894,4.6495305985442,0.368266895870394
SECTOR,0.74,OTHER,139,0.00428759108331982,0.0123726933610619,0.00116353166522351,0.00354362225814791
SECTOR,0.76,PIPE,131,0.00375756924715677,0.00396870104057884,0.002634634150341,0.000485989537640499
SECTOR,0.76,MVTX,131,0.0289655764847981,0.0281690636930695,0.0107486901727894,0.00633007353739611
SECTOR,0.76,INTT,131,0.0756113208991341,0.0157956529543885,0.0326973191089393,0.0068526497486942
SECTOR,0.76,TPC,131,0.0542161916009043,0.00092249735251702,0.0198512478598405,0.000279791532145142
SECTOR,0.76,EMCAL,131,20.8287972499555,2.05805216878938,0.905205968600422,0.0809981262469539
SECTOR,0.76,MAGNET,131,1.80028331492751,0.0836846784643591,0.4117787314144,0.0191411931950637
SECTOR,0.76,IHCAL,131,1.44116538783973,0.139874421308235,0.378004887203015,0.0325567447849548
SECTOR,0.76,OHCAL,131,41.9579757180019,3.15871096370827,4.57469717977386,0.341046205591389
SECTOR,0.76,OTHER,131,0.00364369909061497,0.0113707888928528,0.000908032385416298,0.00306926431250247
SECTOR,0.78,PIPE,137,0.00387219622736602,0.00410734367877755,0.00267970693495322,0.000512965534216843
SECTOR,0.78,MVTX,137,0.0309957050394485,0.028570062092986,0.0113639424419548,0.00624037601509956
SECTOR,0.78,INTT,137,0.0781827289661269,0.0172748998586287,0.0340709803317898,0.00754851432043027
SECTOR,0.78,TPC,137,0.0548332464898286,0.000631623060704924,0.0200827743224358,0.000191569963221088
SECTOR,0.78,EMCAL,137,20.9644392116033,2.41040657131669,0.915923751437808,0.0866762110463191
SECTOR,0.78,MAGNET,137,1.85789224743156,0.117431246698454,0.42495562026737,0.0268600444124292
SECTOR,0.78,IHCAL,137,1.45942886139322,0.143909051320843,0.38280566573147,0.0336166753727237
SECTOR,0.78,OHCAL,137,41.5980848500026,2.66967182870425,4.53596097469254,0.283312696231809
SECTOR,0.78,OTHER,137,0.00458134345929839,0.011868513850347,0.00105564904732873,0.00288476412167831
SECTOR,0.8,PIPE,131,0.00377112896305675,0.00382227019496086,0.00269937869591339,0.000480928349825141
SECTOR,0.8,MVTX,131,0.0241569312525899,0.0175523846140276,0.00973718209021975,0.00473566058777895
SECTOR,0.8,INTT,131,0.0776529307583979,0.0180963047684137,0.0338860920890988,0.00786770316281988
SECTOR,0.8,TPC,131,0.0556402201563567,0.000890600981648842,0.0203732835878726,0.000270117429071205
SECTOR,0.8,EMCAL,131,21.432060421776,2.41020704531309,0.928824741867064,0.0903844764183829
SECTOR,0.8,MAGNET,131,1.92959019973091,0.146789846672385,0.441355090060838,0.0335752358231991
SECTOR,0.8,IHCAL,131,1.52577015089324,0.159205055060384,0.398453313229041,0.0368877809214387
SECTOR,0.8,OHCAL,131,41.4497883707067,1.99379058205175,4.52099531852992,0.212280701617994
SECTOR,0.8,OTHER,131,0.00462214517745087,0.0128743862482727,0.00118860548126675,0.00344158374762602
SECTOR,0.82,PIPE,144,0.00479594955133419,0.00550188408327972,0.00285464645244046,0.000686190360525995
SECTOR,0.82,MVTX,144,0.0280040583360245,0.0253158595776308,0.0106328773090063,0.00616290371227975
SECTOR,0.82,INTT,144,0.0765485627502237,0.0211279007206929,0.0335380916656895,0.00882751889477847
SECTOR,0.82,TPC,144,0.0563008724846245,0.000595885321585057,0.0206208130299058,0.000180730781127242
SECTOR,0.82,EMCAL,144,21.2600964897846,2.33450997003383,0.927335138362915,0.0902246982887427
SECTOR,0.82,MAGNET,144,2.05419109324473,0.177479466819962,0.469855047505751,0.040594871425656
SECTOR,0.82,IHCAL,144,1.51632507257225,0.166178942319545,0.397755528757861,0.0390812871502133
SECTOR,0.82,OHCAL,144,41.5592471045477,1.16027028809467,4.53434072763332,0.124704753657296
SECTOR,0.82,OTHER,144,0.0055874740902991,0.0125531137818545,0.00135213136938336,0.00331581274680062
SECTOR,0.84,PIPE,137,0.00405479733624053,0.00436358522979184,0.00278963193828558,0.00053434605195125
SECTOR,0.84,MVTX,137,0.0272073391693297,0.0211829147134111,0.0103540422250714,0.0052700588793137
SECTOR,0.84,INTT,137,0.0771399441940909,0.0198089426991548,0.0336534636583658,0.00838496994360448
SECTOR,0.84,TPC,137,0.0570372205658801,0.000426638854941594,0.0208927188340648,0.000129398679107812
SECTOR,0.84,EMCAL,137,21.7292248649418,2.68530476006428,0.948217268592169,0.0988280667109294
SECTOR,0.84,MAGNET,137,2.13646136651308,0.186921400105515,0.488672723856276,0.0427545244525839
SECTOR,0.84,IHCAL,137,1.55186454250228,0.150849982894302,0.406577421607472,0.0349949794454658
SECTOR,0.84,OHCAL,137,41.9392261053851,1.26077066648145,4.57595582542572,0.131835781087178
SECTOR,0.84,OTHER,137,0.00653364767536796,0.0148551031361492,0.00187309941543803,0.00458966238062712
SECTOR,0.86,PIPE,137,0.00438670486023663,0.00490813076646816,0.00286219540929279,0.000601037804777905
SECTOR,0.86,MVTX,137,0.0327366269857416,0.0277347445662611,0.0118018225686094,0.0060856198845983
SECTOR,0.86,INTT,137,0.0810591954099617,0.0189614695107478,0.0354772585321887,0.00821887116711382
SECTOR,0.86,TPC,137,0.0578659902206997,0.000592114993534145,0.0211940933368507,0.000179587248457518
SECTOR,0.86,EMCAL,137,21.6247208750906,2.5187949926203,0.944798761877234,0.0939432596995038
SECTOR,0.86,MAGNET,137,2.24206757746937,0.177651648684769,0.512828028311129,0.0406342545767817
SECTOR,0.86,IHCAL,137,1.56252519029558,0.155780028226156,0.409220348395282,0.03568112089975
SECTOR,0.86,OHCAL,137,42.5467447204914,1.23219530047274,4.64250233231944,0.129954217490574
SECTOR,0.86,OTHER,137,0.00678847181789601,0.0154462705302533,0.00164974182160852,0.00399530558287803
SECTOR,0.88,PIPE,141,0.00454474701930355,0.00513185050242564,0.00291438815563502,0.000628432691805818
SECTOR,0.88,MVTX,141,0.028496629210331,0.0254117988175496,0.0109110083253293,0.00604004380836779
SECTOR,0.88,INTT,141,0.079497416393724,0.0202123158467569,0.0347596058605159,0.00852016816528449
SECTOR,0.88,TPC,141,0.0588137165654643,0.0019870162569289,0.0215111203193466,0.000355226295839488
SECTOR,0.88,EMCAL,141,22.1071129619056,2.5557292850265,0.968122180865779,0.0985987047912266
SECTOR,0.88,MAGNET,141,2.32247468130826,0.169926726279358,0.53121954199175,0.0388673333805445
SECTOR,0.88,IHCAL,141,1.57280774973907,0.149330336648834,0.412779311871587,0.0345018767791576
SECTOR,0.88,OHCAL,141,43.4442967999472,1.83331431820531,4.74151953201877,0.198328782456233
SECTOR,0.88,OTHER,141,0.00653015902342366,0.0165502875028963,0.00156087296819743,0.00415422128101078
SECTOR,0.9,PIPE,122,0.00468658042791424,0.00532414093472474,0.00296554118755761,0.000651975351677743
SECTOR,0.9,MVTX,122,0.0320096213962968,0.0277504843886855,0.0116176936822664,0.00622524427514692
SECTOR,0.9,INTT,122,0.0797682246910139,0.0211154004447571,0.034798909409128,0.00884145038539652
SECTOR,0.9,TPC,122,0.0670289950473549,0.0590962927397794,0.0234076736682099,0.012711120437162
SECTOR,0.9,EMCAL,122,21.6794542626255,2.70466558220443,0.950625063079844,0.101432477635811
SECTOR,0.9,MAGNET,122,2.36547547548665,0.238499889395725,0.541055111943306,0.0545520702677821
SECTOR,0.9,IHCAL,122,1.57922291617553,0.141769977699629,0.414570941809362,0.0328784978642462
SECTOR,0.9,OHCAL,122,44.8027344657077,2.24615328452807,4.89184864741929,0.251267825537556
SECTOR,0.9,OTHER,122,0.00735463443556234,0.0156040568046271,0.00170440981622526,0.00383916095498335
SECTOR,0.92,PIPE,117,0.00516022940504251,0.00597395354381915,0.00305828822972657,0.000731545948641036
SECTOR,0.92,MVTX,117,0.0290342418370833,0.0250071199851227,0.0109118546363917,0.00621148594629362
SECTOR,0.92,INTT,117,0.0796655263314118,0.0222952569438708,0.0349694960392333,0.00919664784895008
SECTOR,0.92,TPC,117,0.0771813755731445,0.082516271298384,0.0256556799101225,0.017676290871073
SECTOR,0.92,EMCAL,117,22.5354989396808,2.93687088392224,0.982838610683583,0.112162719364305
SECTOR,0.92,MAGNET,117,2.38385361685079,0.389678492699739,0.54525874349059,0.0891311462217441
SECTOR,0.92,IHCAL,117,1.59964267959262,0.140730360557288,0.421201175542562,0.0322420977587883
SECTOR,0.92,OHCAL,117,46.1277609554412,2.53765920883322,5.0486063303757,0.293854150300789
SECTOR,0.92,OTHER,117,0.00791169992641534,0.0161076667500617,0.00184376904866641,0.00403546382650279
SECTOR,0.94,PIPE,139,0.00505556315874778,0.00581764775268955,0.0030811810375297,0.000712401957953102
SECTOR,0.94,MVTX,139,0.0274467487895431,0.0235740897209848,0.0106213710288652,0.00628412076617501
SECTOR,0.94,INTT,139,0.0800962151145921,0.0238353520949936,0.0351131786491386,0.00974204832987826
SECTOR,0.94,TPC,139,0.0822032448505716,0.106702771960776,0.0269402319966874,0.0231811229521621
SECTOR,0.94,EMCAL,139,22.7972340483435,3.41118219529463,0.994114573475952,0.124095080073824
SECTOR,0.94,MAGNET,139,2.31048157090812,0.472996382000282,0.528476358324305,0.108188443745873
SECTOR,0.94,IHCAL,139,1.61767242775027,0.130101613915816,0.425508448026456,0.0308968920540875
SECTOR,0.94,OHCAL,139,47.665824904083,2.29490467092024,5.22853721334679,0.276995867490055
SECTOR,0.94,OTHER,139,0.00803592959529354,0.0163657764745551,0.00201829583089446,0.0044259453501664
SECTOR,0.96,PIPE,133,0.00405306616940528,0.00390012259559108,0.00300111158915594,0.000492547029697137
SECTOR,0.96,MVTX,133,0.0334460923997344,0.0308389716648159,0.0121453030350181,0.0068565606831914
SECTOR,0.96,INTT,133,0.084816914542334,0.0210995932598211,0.037001952615421,0.0089525126210485
SECTOR,0.96,TPC,133,0.0686743150839703,0.0496815557250869,0.0241291494664111,0.0105605470412524
SECTOR,0.96,EMCAL,133,22.3706119392863,2.82585508728433,0.978318348425461,0.109614467780768
SECTOR,0.96,MAGNET,133,2.21896941529055,0.550812066014754,0.507544786589599,0.125987222072561
SECTOR,0.96,IHCAL,133,1.63618611394731,0.14337305359918,0.429275507540928,0.0341767168447995
SECTOR,0.96,OHCAL,133,49.2562020626148,1.23424235676027,5.42739441379062,0.167849111517049
SECTOR,0.96,OTHER,133,0.0102105516833193,0.0196163633745659,0.00237063403755017,0.00468694086363466
SECTOR,0.98,PIPE,133,0.00498565585575996,0.005669724213349,0.00314702210166772,0.00069429181104798
SECTOR,0.98,MVTX,133,0.0298258914254462,0.0228978577946015,0.0118283426277433,0.00611740130656623
SECTOR,0.98,INTT,133,0.0861823868461859,0.0251276692902285,0.0380584297337245,0.0104108024651662
SECTOR,0.98,TPC,133,0.152511670079084,0.667094911021573,0.0351643164528744,0.0653375479338087
SECTOR,0.98,EMCAL,133,22.3471081026831,5.22668425724305,0.978140190557359,0.218386719024464
SECTOR,0.98,MAGNET,133,1.9963066769243,0.691931361781726,0.456615147250358,0.158265433011465
SECTOR,0.98,IHCAL,133,1.61367127748136,0.114642889288622,0.423937444025164,0.0335610777234646
SECTOR,0.98,OHCAL,133,49.1312664701502,3.16361613073864,5.44693004942841,0.321384255850945
SECTOR,0.98,OTHER,133,0.00777740442282034,0.014807564077026,0.00196346978152457,0.00437087474005242
SECTOR,1,PIPE,136,0.00486995820127518,0.00545459161425404,0.00317156849824104,0.000667947605959375
SECTOR,1,MVTX,136,0.0336675072373693,0.0309941989585799,0.0122165492693426,0.00741130924916517
SECTOR,1,INTT,136,0.0836714427058606,0.0250216294009804,0.0367421978713078,0.010286606927112
SECTOR,1,TPC,136,0.119684437694561,0.148586956410161,0.03517962835407,0.03193643243569
SECTOR,1,EMCAL,136,23.1543842560663,4.12127515182277,1.00776961330189,0.168776786520847
SECTOR,1,MAGNET,136,1.65694485006187,0.626785653378957,0.378992930015337,0.143364657705294
SECTOR,1,IHCAL,136,1.66443400588054,0.127798622551825,0.438436772762154,0.0321500518667725
SECTOR,1,OHCAL,136,47.9279729684818,4.61883535547543,5.37250577840948,0.463990608158227
SECTOR,1,OTHER,136,0.0123910722049936,0.0202640281805821,0.00273428773607863,0.0046317351804338
SECTOR,1.02,PIPE,141,0.0051853830291797,0.00590411581904215,0.00325057512127361,0.000725050827616034
SECTOR,1.02,MVTX,141,0.0297080565519896,0.0255480072295421,0.0114398777823051,0.00664312392742982
SECTOR,1.02,INTT,141,0.0846625550210337,0.0267061365484694,0.0372315026109202,0.0108725597187983
SECTOR,1.02,TPC,141,0.156657933597311,0.204692138092165,0.0434671687262604,0.0444510695993248
SECTOR,1.02,EMCAL,141,21.6667142727938,4.97393935307332,0.949834554369854,0.20775830526127
SECTOR,1.02,MAGNET,141,1.41408999079792,0.623784672945794,0.323444747661851,0.142678243569518
SECTOR,1.02,IHCAL,141,1.66151069044928,0.145833411356106,0.434560487371912,0.0439455293731721
SECTOR,1.02,OHCAL,141,45.4461148403885,6.68922194707293,5.12449555076563,0.69704752668019
SECTOR,1.02,OTHER,141,0.0110442928557821,0.0174379914185194,0.0025039325695035,0.00423686488396066
SECTOR,1.04,PIPE,134,0.00536758848305948,0.00615402396934206,0.00331303506561584,0.000753605278569301
SECTOR,1.04,MVTX,134,0.0333676355882313,0.0318655573925145,0.0120241365278147,0.00748929984168878
SECTOR,1.04,INTT,134,0.0855320499407214,0.0271459411990979,0.0376916011581678,0.0111586437159315
SECTOR,1.04,TPC,134,0.189557805617567,0.22777295844529,0.0506005577474275,0.0495154568866092
SECTOR,1.04,EMCAL,134,21.7085513555158,6.8075751076238,0.940015167149079,0.290698016954085
SECTOR,1.04,MAGNET,134,1.20983440771299,0.652509909720061,0.276725376222024,0.149248565840689
SECTOR,1.04,IHCAL,134,1.69562028077415,0.181879731891324,0.436942890669387,0.0560369721069517
SECTOR,1.04,OHCAL,134,42.2209616549214,7.42226579216764,4.78308732282243,0.801275419559337
SECTOR,1.04,OTHER,134,0.0118086490536481,0.0191074711356375,0.00281449102440929,0.00478256517453329
SECTOR,1.06,PIPE,151,0.00542176091784465,0.00615187637382273,0.00336633545449333,0.000759474430048834
SECTOR,1.06,MVTX,151,0.033901667968959,0.0312737106177149,0.0122790709095781,0.00763910236869498
SECTOR,1.06,INTT,151,0.0861741819229521,0.0282825768339799,0.0380557232645789,0.011598818052943
SECTOR,1.06,TPC,151,0.233201282380203,0.318192638013791,0.0609697723770886,0.0699048355882052
SECTOR,1.06,EMCAL,151,20.2026813650206,9.08237694333274,0.874137190539645,0.389767776475163
SECTOR,1.06,MAGNET,151,0.93628410338212,0.603524056749101,0.214156225932519,0.138044033628243
SECTOR,1.06,IHCAL,151,1.6641952283223,0.228407900008684,0.424645280692192,0.0728143723697064
SECTOR,1.06,OHCAL,151,36.3701214485516,6.82757731128966,4.13526444540296,0.773560592524247
SECTOR,1.06,OTHER,151,0.0123377993210079,0.0192300093337851,0.00284614139395961,0.00476016857528945
SECTOR,1.08,PIPE,141,0.00544004712572471,0.0062058846462268,0.00340668640706248,0.0007599506203022
SECTOR,1.08,MVTX,141,0.0354887083065113,0.0342374191581741,0.0128429808593408,0.00820055241789604
SECTOR,1.08,INTT,141,0.0869020699392926,0.0290777237582311,0.0384153501415642,0.0118323138866604
SECTOR,1.08,TPC,141,0.265194223919883,0.299732908600967,0.0683540971121513,0.069066765238645
SECTOR,1.08,EMCAL,141,18.882528466372,10.2198714922331,0.814011821862762,0.437323572397878
SECTOR,1.08,MAGNET,141,0.715797964383383,0.586584313117676,0.163724440080515,0.134169406737467
SECTOR,1.08,IHCAL,141,1.62683799504445,0.282680631645328,0.409984013081944,0.086189279653261
SECTOR,1.08,OHCAL,141,32.8771574522802,6.81881699408245,3.73042673974921,0.790474727394793
SECTOR,1.08,OTHER,141,0.0143950140789465,0.0213090771667433,0.00344886621059417,0.00549399928670266
SECTOR,1.1,PIPE,133,0.00644447290436405,0.00743871632989475,0.00357941523017178,0.000923423634416169
SECTOR,1.1,MVTX,133,0.0340012970848369,0.0338257426212367,0.0122863778816694,0.00825194150495235
SECTOR,1.1,INTT,133,0.0866565083698342,0.030808225765043,0.0383637534314901,0.0125608485301877
SECTOR,1.1,TPC,133,0.271543520301638,0.306409128961952,0.0697956149318238,0.0732637420103513
SECTOR,1.1,EMCAL,133,16.6590917837613,11.8353310941972,0.713890383179414,0.502673344570142
SECTOR,1.1,MAGNET,133,0.541547707122006,0.560020353561416,0.123868185629469,0.128093433318883
SECTOR,1.1,IHCAL,133,1.55241983059034,0.399059993241028,0.385339960536715,0.114496237043617
SECTOR,1.1,OHCAL,133,28.5652712891528,6.84126409507779,3.22648413674313,0.776541620897091
SECTOR,1.1,OTHER,133,0.0124533258814704,0.0189502600438608,0.00285016916290614,0.00463519362952326
CHIMNEY,-1.1,PIPE,200,0.00408656270593515,0.00284332062508567,0.00338646154137369,0.000347799028222641
CHIMNEY,-1.1,MVTX,200,0.0394181145535544,0.0450506013247556,0.0154260794160781,0.0185477362791266
CHIMNEY,-1.1,INTT,200,0.0801858044229231,0.0205754544603836,0.035307290559899,0.00879177402433432
CHIMNEY,-1.1,TPC,200,0.324951815509045,0.303310229031109,0.0814214723161494,0.0700570437731179
CHIMNEY,-1.1,EMCAL,200,16.6720018603131,10.8482008769622,0.717930256708804,0.464728729630895
CHIMNEY,-1.1,MAGNET,200,0.917121497557292,1.36188559084081,0.163243889048577,0.184725613172975
CHIMNEY,-1.1,IHCAL,200,1.58657548158455,0.28970693818358,0.390480814425623,0.0907126126330785
CHIMNEY,-1.1,OHCAL,200,2.69344259231011,3.81265243699291,0.294314902994936,0.408649366273713
CHIMNEY,-1.1,OTHER,200,0.0134297371855328,0.019934192363348,0.00306083310092691,0.00494113808871147
CHIMNEY,-1.08,PIPE,200,0.00402194204817857,0.00279838242178572,0.00333290968410628,0.000342304815249558
CHIMNEY,-1.08,MVTX,200,0.0322116502678168,0.0326081651573841,0.0132795657670398,0.0126565935091182
CHIMNEY,-1.08,INTT,200,0.0833456405813841,0.0206455472151549,0.0368310112567488,0.00903360007209495
CHIMNEY,-1.08,TPC,200,0.221565502982749,0.252958415009157,0.0579656241410944,0.0563468563604934
CHIMNEY,-1.08,EMCAL,200,21.2208590675849,8.38923592555203,0.913989922392328,0.356532563207937
CHIMNEY,-1.08,MAGNET,200,1.16525873965848,1.1165264084721,0.229249005089072,0.152521852194914
CHIMNEY,-1.08,IHCAL,200,1.66862377744927,0.226915338681508,0.425346600618372,0.0749319975356675
CHIMNEY,-1.08,OHCAL,200,6.6708525262368,5.4745302232436,0.724173039427715,0.586292176023464
CHIMNEY,-1.08,OTHER,200,0.00932094369751384,0.0155485994233556,0.00211920167169875,0.00398315425449301
CHIMNEY,-1.06,PIPE,200,0.00373233270672539,0.00159840636678998,0.00325298620300745,0.000195522291714953
CHIMNEY,-1.06,MVTX,200,0.0322133211091597,0.0257831217456254,0.0131283421625519,0.00807765218467647
CHIMNEY,-1.06,INTT,200,0.0771824788246952,0.0211308143895576,0.0340357184233053,0.00894828846031999
CHIMNEY,-1.06,TPC,200,0.200356084918456,0.222268679415743,0.0529192923211253,0.0487556302463397
CHIMNEY,-1.06,EMCAL,200,21.0086903886532,8.01211933627776,0.915357505898851,0.341131475397829
CHIMNEY,-1.06,MAGNET,200,1.41482752369554,1.25059495424886,0.266991584098287,0.154493055964582
CHIMNEY,-1.06,IHCAL,200,1.68907316512873,0.189506882990641,0.434414689282621,0.062646897143208
CHIMNEY,-1.06,OHCAL,200,9.30633582858348,6.56319008374996,1.01387109572735,0.702493342569993
CHIMNEY,-1.06,OTHER,200,0.0117676693134024,0.0179828329866429,0.00261205682663839,0.00427593603138058
CHIMNEY,-1.04,PIPE,200,0.00412061258514802,0.00348304755614551,0.00325709578065981,0.000426046598099327
CHIMNEY,-1.04,MVTX,200,0.0343443103394803,0.0321391333465556,0.0136394886869595,0.0104729776313232
CHIMNEY,-1.04,INTT,200,0.0779510925855125,0.0215885576630209,0.034443109775437,0.00930514980016237
CHIMNEY,-1.04,TPC,200,0.149329900938747,0.207638764512147,0.0419797618374762,0.0455717677589933
CHIMNEY,-1.04,EMCAL,200,22.3179771972506,6.371491030072,0.970682574439722,0.27078207404842
CHIMNEY,-1.04,MAGNET,200,1.94145845717369,1.45565700383043,0.349169628031485,0.1686088638747
CHIMNEY,-1.04,IHCAL,200,1.6979430322518,0.173811688357196,0.442434746888683,0.053852321871252
CHIMNEY,-1.04,OHCAL,200,14.7416042377303,7.39844069300555,1.60155980883525,0.79211891762566
CHIMNEY,-1.04,OTHER,200,0.00839649479326118,0.015798493385167,0.00200923865970223,0.00414464994506455
CHIMNEY,-1.02,PIPE,200,0.00383765902430762,0.0026700803302156,0.00318020434791725,0.000326601068582968
CHIMNEY,-1.02,MVTX,200,0.0303610913338172,0.024932617602325,0.0125488646884303,0.00857113159726596
CHIMNEY,-1.02,INTT,200,0.0775916097322472,0.0196721329445755,0.0341818889837014,0.00867067216635454
CHIMNEY,-1.02,TPC,200,0.120998750658354,0.166754769415485,0.0357489510665732,0.036241209583773
CHIMNEY,-1.02,EMCAL,200,23.3533194002497,3.41321725944482,1.02084381861788,0.141114505323646
CHIMNEY,-1.02,MAGNET,200,1.79392078891208,1.1089904675091,0.355794640014118,0.134470246377129
CHIMNEY,-1.02,IHCAL,200,1.68864505155223,0.117521958426376,0.443748405766424,0.0331188306907972
CHIMNEY,-1.02,OHCAL,200,18.7789718770806,6.14410583356647,2.04210662479232,0.654796517622615
CHIMNEY,-1.02,OTHER,200,0.00799760272623352,0.0155743982765504,0.00188272405659922,0.003965011143825
CHIMNEY,-1,PIPE,200,0.00345483844877242,9.10437596214518e-08,0.00309217482913026,8.14866090617317e-08
CHIMNEY,-1,MVTX,200,0.0365774629836354,0.0368782293901649,0.0141252230124801,0.0106270539490261
CHIMNEY,-1,INTT,200,0.0752760060592529,0.0201523703721271,0.0333443325700224,0.00875200608075547
CHIMNEY,-1,TPC,200,0.114898318549319,0.170464553577121,0.0342791826416396,0.0373322361543348
CHIMNEY,-1,EMCAL,200,22.9741929383401,3.79150333392411,1.00484553503419,0.153005157952172
CHIMNEY,-1,MAGNET,200,1.89513274753229,1.00889994022165,0.386029067617538,0.133193133783566
CHIMNEY,-1,IHCAL,200,1.66520432302077,0.127281881392828,0.439233490741853,0.033779511319515
CHIMNEY,-1,OHCAL,200,21.3411648197281,4.69500616286718,2.31828045731019,0.499072161452392
CHIMNEY,-1,OTHER,200,0.0104467601717621,0.0182826535700684,0.00239231480754741,0.00438636374444548
CHIMNEY,-0.98,PIPE,200,0.00398296445197743,0.00338566656695666,0.00311103663235501,0.00040689254125199
CHIMNEY,-0.98,MVTX,200,0.0373659035899254,0.0392043318897035,0.0140574958806211,0.0109073858496157
CHIMNEY,-0.98,INTT,200,0.0747921697117976,0.0191133246035939,0.0329942424112589,0.0082667610072097
CHIMNEY,-0.98,TPC,200,0.0862541411194378,0.103567840621961,0.0280008258204259,0.0223755193888962
CHIMNEY,-0.98,EMCAL,200,23.0696041602619,4.39402627351927,1.0068725216197,0.180913014806802
CHIMNEY,-0.98,MAGNET,200,1.96348887452166,0.766433188244529,0.429949521776383,0.142792041727033
CHIMNEY,-0.98,IHCAL,200,1.64647748316166,0.121384088256396,0.433961276213818,0.0327400279942129
CHIMNEY,-0.98,OHCAL,200,23.2461821874635,2.98406704334116,2.52420081746443,0.306344948492759
CHIMNEY,-0.98,OTHER,200,0.00828227326402703,0.0162324766396308,0.00199677757893642,0.00416792526275908
CHIMNEY,-0.96,PIPE,200,0.00356224669742848,0.00208857178288623,0.00302610955606094,0.000255473231106811
CHIMNEY,-0.96,MVTX,200,0.028535649824146,0.025261135163076,0.0114952591381026,0.00739357126325253
CHIMNEY,-0.96,INTT,200,0.0736269144804498,0.0166450800663948,0.0322994791492128,0.00754104793232121
CHIMNEY,-0.96,TPC,200,0.0746491287391498,0.0731677204892885,0.0254023882830323,0.0156731411159195
CHIMNEY,-0.96,EMCAL,200,22.9367946186516,3.45830007468806,1.00474948496326,0.132699031924229
CHIMNEY,-0.96,MAGNET,200,2.15129695999833,0.620675442838439,0.489643002456344,0.135243806648854
CHIMNEY,-0.96,IHCAL,200,1.63322815239879,0.106690413891907,0.431996994816608,0.0273965013096895
CHIMNEY,-0.96,OHCAL,200,24.0063938461447,2.22566248932288,2.60397427641374,0.219600820713845
CHIMNEY,-0.96,OTHER,200,0.0059792057132016,0.0139292869415072,0.00126963450938704,0.00310591178849413
CHIMNEY,-0.94,PIPE,200,0.0038201501775653,0.00322904819311961,0.0030196010942677,0.000394974150795783
CHIMNEY,-0.94,MVTX,200,0.0329517531935288,0.0331825570582564,0.0127649805783122,0.00909302832602882
CHIMNEY,-0.94,INTT,200,0.0743241323477157,0.0196453751803566,0.0328801082630202,0.00866668777155351
CHIMNEY,-0.94,TPC,200,0.073419005484948,0.0875870709748183,0.0250525787296442,0.0192073013116253
CHIMNEY,-0.94,EMCAL,200,22.5116988703516,2.90916949687493,0.985064450172981,0.110374061762292
CHIMNEY,-0.94,MAGNET,200,2.31366653866809,0.5686776059115,0.523404041518535,0.118261419713027
CHIMNEY,-0.94,IHCAL,200,1.60896305686849,0.123555313589289,0.424588939464069,0.0299850839600216
CHIMNEY,-0.94,OHCAL,200,23.9235247867913,2.02270902708986,2.59335284599787,0.196449953411131
CHIMNEY,-0.94,OTHER,200,0.00745701747484348,0.015950489997637,0.00184249395632852,0.00420681862454858
CHIMNEY,-0.92,PIPE,200,0.00325518797856419,8.52893797224394e-08,0.00291348220203469,7.63362792854089e-08
CHIMNEY,-0.92,MVTX,200,0.0272966647159624,0.0226592494321598,0.0112570925279312,0.00728681521432973
CHIMNEY,-0.92,INTT,200,0.0729031324801226,0.0167176448769965,0.0320937202824572,0.00762373081044701
CHIMNEY,-0.92,TPC,200,0.0611813373783034,0.012584775396759,0.0222488002267404,0.00227443672796588
CHIMNEY,-0.92,EMCAL,200,22.0982590939439,2.86206179020815,0.970895832994774,0.109006493196465
CHIMNEY,-0.92,MAGNET,200,2.44814604606994,0.357318240409888,0.559964348282844,0.0817293869954745
CHIMNEY,-0.92,IHCAL,200,1.591012629639,0.131040310155072,0.419473892551098,0.0309354563550789
CHIMNEY,-0.92,OHCAL,200,23.2474275054827,1.85292516140916,2.52039422118595,0.178012189341801
CHIMNEY,-0.92,OTHER,200,0.00570723056881995,0.0139456356506998,0.00136409351477092,0.003532518220098
CHIMNEY,-0.9,PIPE,200,0.00391177102851752,0.0036923684826872,0.00295778008441981,0.00045165877256471
CHIMNEY,-0.9,MVTX,200,0.0282556127079684,0.02516392389835,0.0114787842122115,0.00806810393656844
CHIMNEY,-0.9,INTT,200,0.0712882077652258,0.0177462258551923,0.0315646178876115,0.00799020194098331
CHIMNEY,-0.9,TPC,200,0.0649702959434666,0.0532449671795514,0.0229895233255712,0.0115360996204951
CHIMNEY,-0.9,EMCAL,200,22.4002922055681,2.76845957337249,0.979832761861337,0.102996320877284
CHIMNEY,-0.9,MAGNET,200,2.41585798905658,0.301162923755487,0.552577750759688,0.0688900084968817
CHIMNEY,-0.9,IHCAL,200,1.57107498237614,0.136160915180635,0.413288911975354,0.0324179924615171
CHIMNEY,-0.9,OHCAL,200,22.4640422379192,1.82709417149366,2.43886093248121,0.171825105903654
CHIMNEY,-0.9,OTHER,200,0.00632363455376348,0.014557616949573,0.00147788116965238,0.0036105264343552
CHIMNEY,-0.88,PIPE,200,0.00336131164548261,0.00197083645800014,0.00285541136995657,0.000241080307888038
CHIMNEY,-0.88,MVTX,200,0.0272004234031091,0.0244684199517674,0.0108946743798493,0.00700717496565369
CHIMNEY,-0.88,INTT,200,0.0715630869023395,0.014332962962274,0.0312287962291867,0.00656492679312075
CHIMNEY,-0.88,TPC,200,0.0592939582385222,0.00921076157800954,0.0216102804440335,0.00181654042326379
CHIMNEY,-0.88,EMCAL,200,22.0946827618396,2.79346263983317,0.966554537919614,0.103947418807839
CHIMNEY,-0.88,MAGNET,200,2.39177127575778,0.194525280908216,0.547069749299209,0.0444937598078328
CHIMNEY,-0.88,IHCAL,200,1.57018354634139,0.146817810094814,0.41324857867918,0.0350725184181067
CHIMNEY,-0.88,OHCAL,200,21.9650927651648,1.61715537345198,2.38411016979931,0.15018672288013
CHIMNEY,-0.88,OTHER,200,0.00443460117651065,0.0119035248579506,0.00105400204421147,0.00307824588621994
CHIMNEY,-0.86,PIPE,200,0.0036074635495282,0.00304927414956608,0.00285148467392997,0.000372984729321639
CHIMNEY,-0.86,MVTX,200,0.0249730859086953,0.0220250348327342,0.0103195620250657,0.00657106187240642
CHIMNEY,-0.86,INTT,200,0.06952467492346,0.0154425003460705,0.0305590312671497,0.00699824215951143
CHIMNEY,-0.86,TPC,200,0.057905455576048,0.000712575126292485,0.0212061860530448,0.000216551559050828
CHIMNEY,-0.86,EMCAL,200,21.9011791593876,2.63111208476963,0.959129703185464,0.0998925628584676
CHIMNEY,-0.86,MAGNET,200,2.30233460506176,0.159008199120995,0.526612903148513,0.0363699390954902
CHIMNEY,-0.86,IHCAL,200,1.55121314547817,0.13579854011904,0.408281625323535,0.0327034973125113
CHIMNEY,-0.86,OHCAL,200,21.3805087304519,1.91380547850115,2.32275764207667,0.185420205972117
CHIMNEY,-0.86,OTHER,200,0.00464684609411087,0.0127311639200097,0.00114111763674793,0.00329879172795562
CHIMNEY,-0.84,PIPE,200,0.00326899323639791,0.0019166414341829,0.00277699188586734,0.000234443500286175
CHIMNEY,-0.84,MVTX,200,0.0288346745181631,0.027048978259023,0.0115069353137204,0.00809163355950486
CHIMNEY,-0.84,INTT,200,0.0681177153429594,0.0158895498633019,0.029905471178798,0.00706573499080529
CHIMNEY,-0.84,TPC,200,0.0570758166647736,0.000609221557820545,0.0209044249507436,0.000184775633897789
CHIMNEY,-0.84,EMCAL,200,21.6411267366205,2.55604777446677,0.947978291094684,0.0973462228132978
CHIMNEY,-0.84,MAGNET,200,2.20720690090773,0.185023477808055,0.504854347140075,0.0423204127605409
CHIMNEY,-0.84,IHCAL,200,1.54369914231154,0.138780937616684,0.405793150891568,0.0325988162805558
CHIMNEY,-0.84,OHCAL,200,20.8522234094452,2.46861090829276,2.26807975307413,0.249092174585666
CHIMNEY,-0.84,OTHER,200,0.00507910111678924,0.0132016219213822,0.001097688478849,0.00295473636738165
CHIMNEY,-0.82,PIPE,200,0.00360485640308221,0.00324153603028587,0.00278594893468087,0.000396496694877797
CHIMNEY,-0.82,MVTX,200,0.0272259385617404,0.0234984980433414,0.011066067772013,0.00749988004325977
CHIMNEY,-0.82,INTT,200,0.0676524225538388,0.0160547229442663,0.029782530057277,0.00714470343859277
CHIMNEY,-0.82,TPC,200,0.0563829060339519,0.000868585358214383,0.0206456936351352,0.000263440136180383
CHIMNEY,-0.82,EMCAL,200,21.3292490227623,2.49282446046939,0.934651612064337,0.0954424009893375
CHIMNEY,-0.82,MAGNET,200,2.10377483646017,0.183788633464354,0.481196335130167,0.0420379668626622
CHIMNEY,-0.82,IHCAL,200,1.52972043126244,0.154363730592345,0.402114826006401,0.036705183616784
CHIMNEY,-0.82,OHCAL,200,20.8227651782123,4.94375858018705,2.26231147603423,0.51956741964964
CHIMNEY,-0.82,OTHER,200,0.00434414533994773,0.0110762371344435,0.00108752645324775,0.00306280110553956
CHIMNEY,-0.8,PIPE,200,0.00327566756960316,0.00227908625814524,0.00271449008089537,0.00027877696793677
CHIMNEY,-0.8,MVTX,200,0.0280930951375741,0.0268761522117689,0.0110724665036497,0.00751444006052626
CHIMNEY,-0.8,INTT,200,0.0666022828175533,0.0152779998688045,0.0293358126414886,0.00688782595165714
CHIMNEY,-0.8,TPC,200,0.0555856907964455,0.000724687290353699,0.0203567449462017,0.000219796150896188
CHIMNEY,-0.8,EMCAL,200,20.9795297767185,2.2680564091535,0.921043796398691,0.0858708383806797
CHIMNEY,-0.8,MAGNET,200,2.00724387227971,0.174401965681699,0.459116811511387,0.0398909547120278
CHIMNEY,-0.8,IHCAL,200,1.48861992562141,0.145587746571694,0.392085453330905,0.0341186643515494
CHIMNEY,-0.8,OHCAL,200,20.4147324064814,6.07674241025758,2.22241474441388,0.646791723774603
CHIMNEY,-0.8,OTHER,200,0.00471929379571057,0.0126067571307035,0.00102643593479967,0.00289006632220935
CHIMNEY,-0.78,PIPE,200,0.00323281404915163,0.00224930629806445,0.00267897518816827,0.000275138474150071
CHIMNEY,-0.78,MVTX,200,0.0283859105653962,0.0299902666886502,0.0108231777324591,0.00805501421636506
CHIMNEY,-0.78,INTT,200,0.066860862474142,0.0136794530121844,0.0291352999354236,0.00638125291762125
CHIMNEY,-0.78,TPC,200,0.0549518770159444,0.000942740540301037,0.0201182244715696,0.00028513142610483
CHIMNEY,-0.78,EMCAL,200,21.3378085507232,2.42071677933627,0.932269440557334,0.0909511117604185
CHIMNEY,-0.78,MAGNET,200,1.89687256186173,0.138082437186952,0.433871586045142,0.03158359039603
CHIMNEY,-0.78,IHCAL,200,1.4722031933675,0.138265556499771,0.386742441911066,0.0326549403825564
CHIMNEY,-0.78,OHCAL,200,23.2733445652036,10.9996257743003,2.52941265590857,1.18498682605108
CHIMNEY,-0.78,OTHER,200,0.00310431563811232,0.010802693122065,0.000798921805858327,0.00302085224256338
CHIMNEY,-0.76,PIPE,200,0.00316664433638221,0.00204080726175204,0.00263890983479872,0.000235140908447365
CHIMNEY,-0.76,MVTX,200,0.0242503087481587,0.0183716346526451,0.00995974941835336,0.00554851710700678
CHIMNEY,-0.76,INTT,200,0.0642621174690607,0.0151057990202171,0.028150687409386,0.00667765287607608
CHIMNEY,-0.76,TPC,200,0.0542133265567908,0.000914641836402992,0.0198503788979093,0.000277408970415494
CHIMNEY,-0.76,EMCAL,200,21.2512550824204,2.43385369550384,0.92490457543425,0.0929127942649379
CHIMNEY,-0.76,MAGNET,200,1.83281592375711,0.121241051498989,0.419219913745189,0.0277314609137552
CHIMNEY,-0.76,IHCAL,200,1.43909775979631,0.118092174007927,0.379343846171215,0.027273344626823
CHIMNEY,-0.76,OHCAL,200,29.2352415526246,13.3953922210624,3.17120221923026,1.44081440979922
CHIMNEY,-0.76,OTHER,200,0.00386373686468685,0.0122967186253778,0.000906443720505885,0.00302736742355656
CHIMNEY,-0.74,PIPE,200,0.00324115891548443,0.00252511982869984,0.00262218699655317,0.000308879588747835
CHIMNEY,-0.74,MVTX,200,0.0289529466731022,0.0292926385888178,0.0110489774314008,0.00785942858950108
CHIMNEY,-0.74,INTT,200,0.0647809179432808,0.0141299918066923,0.0283748490977615,0.00641501868648181
CHIMNEY,-0.74,TPC,200,0.0535737424827031,0.00101667909723416,0.0196130226094087,0.000307597453238765
CHIMNEY,-0.74,EMCAL,200,20.9416250523965,2.14700156707976,0.913083254866268,0.0843725859188975
CHIMNEY,-0.74,MAGNET,200,1.78267860729462,0.0841405990992649,0.407752007333872,0.0192454759038408
CHIMNEY,-0.74,IHCAL,200,1.41592955590774,0.1244058993669,0.372824232515692,0.0295804371850784
CHIMNEY,-0.74,OHCAL,200,32.3337461343082,14.0270026464127,3.50642847701694,1.51583922983861
CHIMNEY,-0.74,OTHER,200,0.0053546446836737,0.014809104984426,0.00121769763759364,0.00345298612381051
CHIMNEY,-0.72,PIPE,200,0.00315524639718374,0.00224053217840188,0.00257901070452271,0.000264833065238704
CHIMNEY,-0.72,MVTX,200,0.0247602091483992,0.0240524815557808,0.00969362632926809,0.00633923871387444
CHIMNEY,-0.72,INTT,200,0.0646194031358296,0.012967568560253,0.0282384451993398,0.00602568411910179
CHIMNEY,-0.72,TPC,200,0.0529600108274955,0.00115505153312844,0.0193855728858603,0.00035032473239999
CHIMNEY,-0.72,EMCAL,200,20.7750377036627,2.07921711153789,0.908818142836134,0.0814700150667267
CHIMNEY,-0.72,MAGNET,200,1.73170532655903,0.0280068760497418,0.396092890847434,0.00640601165104324
CHIMNEY,-0.72,IHCAL,200,1.37631753275633,0.0944059874834279,0.363427750706679,0.0238271730208065
CHIMNEY,-0.72,OHCAL,200,38.4365536452737,12.3478667223334,4.18421781655509,1.34425346142858
CHIMNEY,-0.72,OTHER,200,0.0029054215196156,0.010778474285151,0.000760647483115226,0.00291184686868924
CHIMNEY,-0.7,PIPE,200,0.00333811258610837,0.00300167143164104,0.00257980129585857,0.000367156426603317
CHIMNEY,-0.7,MVTX,200,0.0251423566535901,0.0264704375656721,0.00983239608096673,0.00718369899388868
CHIMNEY,-0.7,INTT,200,0.063159235431871,0.0138025165556524,0.0276598494002767,0.00632256578931718
CHIMNEY,-0.7,TPC,200,0.052439123687811,0.00140209009157555,0.019187252068031,0.000425251014388098
CHIMNEY,-0.7,EMCAL,200,20.7130262222273,2.26719243425416,0.903887806534263,0.0850083441923672
CHIMNEY,-0.7,MAGNET,200,1.70698126464036,0.0199865455688778,0.39043775714272,0.00457152177746125
CHIMNEY,-0.7,IHCAL,200,1.36838740617078,0.101349177094637,0.360975198932481,0.0247589365332898
CHIMNEY,-0.7,OHCAL,200,42.5198333654045,8.40789759035113,4.63128717594767,0.917497588771716
CHIMNEY,-0.7,OTHER,200,0.00307722620274808,0.0113053771541329,0.000776431754311938,0.00295496586181771
CHIMNEY,-0.68,PIPE,200,0.00303761768509434,0.00211344761567022,0.00251722319616459,0.00025851465900597
CHIMNEY,-0.68,MVTX,200,0.0227877757834354,0.0174221450044421,0.00943795741737494,0.0055842505898401
CHIMNEY,-0.68,INTT,200,0.0630720148291481,0.0131871549471907,0.0275323497221414,0.00600205053855346
CHIMNEY,-0.68,TPC,200,0.0516372891851847,0.000961846382927527,0.0189044962026548,0.000290560484771565
CHIMNEY,-0.68,EMCAL,200,20.4801479095817,1.99581067664601,0.895130303301245,0.0776274862029591
CHIMNEY,-0.68,MAGNET,200,1.68547719140637,0.0126095691769313,0.385519131322488,0.00288418625918397
CHIMNEY,-0.68,IHCAL,200,1.3540695373905,0.10052608291732,0.357370121398559,0.024777203941434
CHIMNEY,-0.68,OHCAL,200,43.6368217347293,5.55018504608197,4.7605223226578,0.609005163856791
CHIMNEY,-0.68,OTHER,200,0.00381180767338641,0.013275521145186,0.000965934878150133,0.00341534549407926
CHIMNEY,-0.66,PIPE,200,0.00317414801427271,0.00268305318140189,0.00250896972435316,0.000328194647281701
CHIMNEY,-0.66,MVTX,200,0.0238769230871652,0.0218779533443077,0.00956472273902003,0.00642995472717402
CHIMNEY,-0.66,INTT,200,0.0627034514263524,0.0141950294191085,0.0275137919015476,0.00640854288053865
CHIMNEY,-0.66,TPC,200,0.0512075632150824,0.00137839095183785,0.0187366959602644,0.000417977662584546
CHIMNEY,-0.66,EMCAL,200,20.30986413337,2.05068784458708,0.889037111479036,0.0771492929111066
CHIMNEY,-0.66,MAGNET,200,1.66450079737875,0,0.380721201546257,7.45058059692383e-09
CHIMNEY,-0.66,IHCAL,200,1.32572385434937,0.0899888803076095,0.34992723753082,0.022444718067616
CHIMNEY,-0.66,OHCAL,200,43.6040208514273,3.60132138240523,4.76055715329617,0.392445960959906
CHIMNEY,-0.66,OTHER,200,0.00197341775594771,0.00788393041374277,0.000485228740837189,0.00212491226489333
CHIMNEY,-0.64,PIPE,200,0.00306386520618777,0.00238186004093026,0.00247010309661865,0.000290940488397129
CHIMNEY,-0.64,MVTX,200,0.0228934277145553,0.023319255608987,0.00914257452971707,0.00619907985715116
CHIMNEY,-0.64,INTT,200,0.0612300957253153,0.0136442098777925,0.0268355276777226,0.00621285142217179
CHIMNEY,-0.64,TPC,200,0.050639003036378,0.00144505061321272,0.018528085243073,0.000438280851426031
CHIMNEY,-0.64,EMCAL,200,20.5431309760831,1.92351465928823,0.894342826765342,0.0746554257195791
CHIMNEY,-0.64,MAGNET,200,1.64557869778381,0,0.376393150454358,0
CHIMNEY,-0.64,IHCAL,200,1.31698727786514,0.0945859619322429,0.347463028997886,0.0230289808095325
CHIMNEY,-0.64,OHCAL,200,43.1052958025601,2.19342737457707,4.70988777915793,0.23378853221548
CHIMNEY,-0.64,OTHER,200,0.00272238826115427,0.0110926181994494,0.000670660299484388,0.00278915899983167
CHIMNEY,-0.62,PIPE,200,0.00307112558291198,0.0024563770477416,0.0024455779336606,0.000290264828872767
CHIMNEY,-0.62,MVTX,200,0.027027527442282,0.0271401166524405,0.0104078357665604,0.00782660170711762
CHIMNEY,-0.62,INTT,200,0.0614932450454751,0.0119004469038733,0.0269468565124675,0.00568061764479435
CHIMNEY,-0.62,TPC,200,0.0502596215773863,0.001745696008867,0.0183772954269514,0.000528841749174316
CHIMNEY,-0.62,EMCAL,200,20.3652199773789,1.84072519686996,0.889713180454275,0.0722047782160542
CHIMNEY,-0.62,MAGNET,200,1.62731485160933,0,0.372215661641282,1.29047841397589e-08
CHIMNEY,-0.62,IHCAL,200,1.29535559242086,0.0871387141639437,0.342314170051386,0.0212470735920983
CHIMNEY,-0.62,OHCAL,200,42.6097350856096,1.00937140844613,4.65746049642352,0.0901074939668258
CHIMNEY,-0.62,OTHER,200,0.00179912996359541,0.00811797881969251,0.000426816334672712,0.00207364315228696
CHIMNEY,-0.6,PIPE,200,0.00282036209976241,0.00165361680218134,0.00239588139084647,0.000202271696571978
CHIMNEY,-0.6,MVTX,200,0.0233551932804076,0.0233160856782097,0.00923256624390207,0.00638943592871982
CHIMNEY,-0.6,INTT,200,0.0616979567909967,0.0124510587966215,0.0270711050995459,0.00589789433293455
CHIMNEY,-0.6,TPC,200,0.049780296455081,0.00181553536836493,0.0181975048901743,0.000550397228061911
CHIMNEY,-0.6,EMCAL,200,20.3813373696025,1.86530016589613,0.886641123399005,0.0735687833529325
CHIMNEY,-0.6,MAGNET,200,1.60970195307331,6.3220272766341e-08,0.368187064055804,2.47107803102985e-08
CHIMNEY,-0.6,IHCAL,200,1.28185503105148,0.0873059178371671,0.338482095286547,0.0214184670417618
CHIMNEY,-0.6,OHCAL,200,42.1837283547866,1.04002433387505,4.60945659722249,0.0916836465532406
CHIMNEY,-0.6,OTHER,200,0.00156085889608307,0.00838629496681708,0.000361653437764198,0.00203542211299206
CHIMNEY,-0.58,PIPE,200,0.00287285085611104,0.00199885289739374,0.00238068017252544,0.000244502579638941
CHIMNEY,-0.58,MVTX,200,0.0216124607835808,0.0218136201855654,0.00872907888598791,0.00585036640466081
CHIMNEY,-0.58,INTT,200,0.0589607140096346,0.0130789642209804,0.025795997192769,0.00588974544878275
CHIMNEY,-0.58,TPC,200,0.049182803220513,0.00174967339095473,0.0179839045360944,0.000529833552112094
CHIMNEY,-0.58,EMCAL,200,19.9041815101641,1.73379039226448,0.868607091516786,0.0658434435882426
CHIMNEY,-0.58,MAGNET,200,1.5927329567815,0,0.364305746205176,0
CHIMNEY,-0.58,IHCAL,200,1.27822227563372,0.0922181218843132,0.336975710470429,0.0226231708246383
CHIMNEY,-0.58,OHCAL,200,41.5801035123479,1.08086627537575,4.54692063346293,0.0978789517561696
CHIMNEY,-0.58,OTHER,200,0.00176195319454887,0.008367655654765,0.000402227098328864,0.00203938758031172
CHIMNEY,-0.56,PIPE,200,0.00284338701964064,0.00197829016058316,0.00235626908659548,0.000241980030595886
CHIMNEY,-0.56,MVTX,200,0.0241585629486975,0.0272880740613033,0.00914894537768242,0.00670604247718776
CHIMNEY,-0.56,INTT,200,0.0594650041361417,0.0118915926001538,0.0260646721945959,0.00560188272514493
CHIMNEY,-0.56,TPC,200,0.0486668998679794,0.0017158453362762,0.0177964260311291,0.000520555192455834
CHIMNEY,-0.56,EMCAL,200,20.1136204389513,1.74436220441813,0.87183246470854,0.0671544983532501
CHIMNEY,-0.56,MAGNET,200,1.57640107490913,0,0.360570155510503,2.41426404506261e-08
CHIMNEY,-0.56,IHCAL,200,1.26393358255486,0.0951279474876646,0.332448755942462,0.0230535979185033
CHIMNEY,-0.56,OHCAL,200,41.0738722165474,1.32044534077213,4.49269138977013,0.126464656185127
CHIMNEY,-0.56,OTHER,200,0.00218948516077382,0.0105467084332116,0.000585875593989478,0.00283407508802384
CHIMNEY,-0.54,PIPE,200,0.00273450923064932,0.00160325694734659,0.00232295140650926,0.00019610902234527
CHIMNEY,-0.54,MVTX,200,0.0216333671382465,0.0185063313438002,0.00886500200263586,0.00562590355900653
CHIMNEY,-0.54,INTT,200,0.0571638148036341,0.0120810073341738,0.0249613321288572,0.00555897735292266
CHIMNEY,-0.54,TPC,200,0.0482371967247841,0.00185704879075319,0.017635774929843,0.000562715024746214
CHIMNEY,-0.54,EMCAL,200,19.7765149722485,1.75550329695642,0.860660818211598,0.0662368189551315
CHIMNEY,-0.54,MAGNET,200,1.56069977448567,1.03238273118071e-07,0.356978797685703,0
CHIMNEY,-0.54,IHCAL,200,1.24716069092449,0.0926287231810447,0.328521629700258,0.0224685602053203
CHIMNEY,-0.54,OHCAL,200,41.0356109052429,1.31851966311475,4.48226603854197,0.123231330884619
CHIMNEY,-0.54,OTHER,200,0.00160513471116981,0.00599473169120552,0.000459850958778258,0.00209636747562059
CHIMNEY,-0.52,PIPE,200,0.00310702242476599,0.00293271328309455,0.00234929643270376,0.000358730451092437
CHIMNEY,-0.52,MVTX,200,0.0247703443946231,0.0261500309892743,0.0094809106271604,0.00721823390018815
CHIMNEY,-0.52,INTT,200,0.0594640030553405,0.0114186838451843,0.025994243165785,0.00543237023304157
CHIMNEY,-0.52,TPC,200,0.048103829906216,0.00234813494407167,0.0175672517428659,0.000713031846025221
CHIMNEY,-0.52,EMCAL,200,19.974739301134,1.67003991894673,0.868346288897341,0.0622638006538011
CHIMNEY,-0.52,MAGNET,200,1.54562277478163,0,0.353530236139756,1.49011611938477e-08
CHIMNEY,-0.52,IHCAL,200,1.22309125367397,0.0820301992217851,0.322866726201668,0.020563134713541
CHIMNEY,-0.52,OHCAL,200,40.3546310513885,1.58280226479017,4.41010228195442,0.15259596237737
CHIMNEY,-0.52,OTHER,200,0.00185656256036321,0.00929104101482253,0.000466019452987824,0.00242964645090132
CHIMNEY,-0.5,PIPE,200,0.00284082898023702,0.00221311930852367,0.00229831945715488,0.000270701447233748
CHIMNEY,-0.5,MVTX,200,0.0254036970508599,0.0292458221741221,0.00955843432667044,0.00765189857248179
CHIMNEY,-0.5,INTT,200,0.0575075967779343,0.0123568000252119,0.025155996089658,0.00566415305007237
CHIMNEY,-0.5,TPC,200,0.0475594479079918,0.00228017831800821,0.0173737002100692,0.000691573350774622
CHIMNEY,-0.5,EMCAL,200,19.9011298341755,1.48325286110529,0.863984164304377,0.056600534749173
CHIMNEY,-0.5,MAGNET,200,1.53116404479607,0,0.350223091402065,1.49011611938477e-08
CHIMNEY,-0.5,IHCAL,200,1.22200170285883,0.0797670468629167,0.32306833244902,0.0193395011657989
CHIMNEY,-0.5,OHCAL,200,40.0569090948162,1.55219975484663,4.37654129568771,0.150985800261006
CHIMNEY,-0.5,OTHER,200,0.00159805128898755,0.008753232652006,0.000465888690983903,0.00254794573877811
CHIMNEY,-0.48,PIPE,200,0.00305014152472795,0.00287903333471657,0.00230628617378387,0.000352165578309402
CHIMNEY,-0.48,MVTX,200,0.0231971431207043,0.0260216958369911,0.0090140058058114,0.00698365445151055
CHIMNEY,-0.48,INTT,200,0.056915456044373,0.0117082152776382,0.0250025226742183,0.00550015760165018
CHIMNEY,-0.48,TPC,200,0.0473732274670707,0.0025944714621552,0.0172897967158272,0.000786308410677894
CHIMNEY,-0.48,EMCAL,200,19.9026355287711,1.71161814176387,0.863166929041307,0.0634770436329019
CHIMNEY,-0.48,MAGNET,200,1.51731780084423,0,0.347056040570637,2.52661480871039e-08
CHIMNEY,-0.48,IHCAL,200,1.21786487334368,0.0906655576670408,0.321320841657029,0.0226888828044564
CHIMNEY,-0.48,OHCAL,200,39.7572295431095,1.44878108218899,4.34379456388791,0.137172674062421
CHIMNEY,-0.48,OTHER,200,0.00272897097120867,0.0122363282140977,0.000729626073072469,0.00329610542314585
CHIMNEY,-0.46,PIPE,200,0.00302352121730314,0.00285387856796764,0.00228616131843207,0.00034908501894945
CHIMNEY,-0.46,MVTX,200,0.0258735570614195,0.0296942640368007,0.00948654492453439,0.00762964557397692
CHIMNEY,-0.46,INTT,200,0.0558124042263122,0.0114557476674595,0.0243804875665729,0.0052797943868902
CHIMNEY,-0.46,TPC,200,0.0474434585584035,0.00305019231905488,0.0172847363232166,0.000924069584555049
CHIMNEY,-0.46,EMCAL,200,19.8948956612339,1.48274663944169,0.86339827386712,0.0586328224463175
CHIMNEY,-0.46,MAGNET,200,1.50407850424389,0,0.344027816782914,2.17219885246653e-08
CHIMNEY,-0.46,IHCAL,200,1.20480683912949,0.0875075085053835,0.318308654254546,0.0223013582744147
CHIMNEY,-0.46,OHCAL,200,39.3141866853732,1.38129911912073,4.29746304806381,0.131050975686056
CHIMNEY,-0.46,OTHER,200,0.00153116187640863,0.00960733450968241,0.000412130993077046,0.002582612576288
CHIMNEY,-0.44,PIPE,200,0.00261315046696761,0.00153210617261573,0.00221985760074162,0.000187406203626869
CHIMNEY,-0.44,MVTX,200,0.024286613061736,0.0269257377220594,0.00916009455757032,0.00708354157712499
CHIMNEY,-0.44,INTT,200,0.0561732114094899,0.0114751065361691,0.0245477703447759,0.0053477885815306
CHIMNEY,-0.44,TPC,200,0.0471953552635414,0.00323498528785106,0.0171838930211005,0.000979668286652064
CHIMNEY,-0.44,EMCAL,200,19.8109441176196,1.72956984207713,0.861720995499038,0.0643693446025363
CHIMNEY,-0.44,MAGNET,200,1.4914408590999,9.8843121241194e-08,0.341137208709003,9.12506037497214e-09
CHIMNEY,-0.44,IHCAL,200,1.19412997873736,0.0850713472038388,0.315450975206162,0.0212336514439689
CHIMNEY,-0.44,OHCAL,200,38.981247140244,1.10237475922928,4.2618317844298,0.101976911528619
CHIMNEY,-0.44,OTHER,200,0.00144698057062801,0.00785291251800011,0.000335265081726143,0.00190367721625912
CHIMNEY,-0.42,PIPE,200,0.00259204059004296,0.00151972104290571,0.00220192542004254,0.000185890326867682
CHIMNEY,-0.42,MVTX,200,0.0213750157861117,0.0215382050661244,0.00843786247602088,0.00561556445366129
CHIMNEY,-0.42,INTT,200,0.0578176462904516,0.0117514331580693,0.0254316632230966,0.0054574050760073
CHIMNEY,-0.42,TPC,200,0.0470134044152092,0.00349909901390024,0.0171078176694002,0.00106097854377722
CHIMNEY,-0.42,EMCAL,200,19.8136022240387,1.42124036739671,0.860347381827005,0.0555575165139914
CHIMNEY,-0.42,MAGNET,200,1.4793998101857,0,0.338383060067131,2.17219885246653e-08
CHIMNEY,-0.42,IHCAL,200,1.17384857584191,0.0865116985787828,0.309822978700123,0.0212997342083341
CHIMNEY,-0.42,OHCAL,200,38.744813654888,1.12395463322348,4.23663564086639,0.105937821204869
CHIMNEY,-0.42,OTHER,200,0.00142917201942187,0.0079666990353916,0.000333764159589182,0.00199077138553002
CHIMNEY,-0.4,PIPE,200,0.00295088955987903,0.0027853516406781,0.00223123905712414,0.000340706671955248
CHIMNEY,-0.4,MVTX,200,0.0225057448247769,0.0258901952529013,0.00870939646119878,0.00682355630346092
CHIMNEY,-0.4,INTT,200,0.0558895402952009,0.0117917546311435,0.0245281092207968,0.00544592245870408
CHIMNEY,-0.4,TPC,200,0.0463876296303339,0.00331058753522613,0.0168970162652991,0.0010057060939311
CHIMNEY,-0.4,EMCAL,200,19.7162244303448,1.46603646974596,0.854121264155218,0.0558144799070448
CHIMNEY,-0.4,MAGNET,200,1.46795054092116,8.94069671630859e-08,0.335764269161123,0
CHIMNEY,-0.4,IHCAL,200,1.17946234656503,0.097604766544778,0.311266794571942,0.023461777237598
CHIMNEY,-0.4,OHCAL,200,38.6463953686342,1.14088735010632,4.22560892304984,0.108910491021918
CHIMNEY,-0.4,OTHER,200,0.00166597663906392,0.00935888494906453,0.000486260289963903,0.00271337756253734
CHIMNEY,-0.38,PIPE,200,0.00270339267190181,0.00210610185667216,0.00218712443676334,0.000257617524503383
CHIMNEY,-0.38,MVTX,200,0.025366887440597,0.0330793746613126,0.00919460520880818,0.00774592444727942
CHIMNEY,-0.38,INTT,200,0.0556570929789051,0.01077571467293,0.0242473188060782,0.00494381923288308
CHIMNEY,-0.38,TPC,200,0.0461850542692963,0.00355172900680505,0.0168158686582642,0.00108027630520503
CHIMNEY,-0.38,EMCAL,200,19.6686858096435,1.31633078038469,0.854258266397488,0.0523595191014066
CHIMNEY,-0.38,MAGNET,200,1.45708847144592,0,0.333279788439695,0
CHIMNEY,-0.38,IHCAL,200,1.17277250432953,0.0986540780434572,0.308736216256767,0.0235381316713869
CHIMNEY,-0.38,OHCAL,200,38.7208226130134,1.23478386910871,4.22893359848025,0.120190302325428
CHIMNEY,-0.38,OTHER,200,0.00119459415519623,0.00769034976596464,0.000253126661599394,0.00172047128822331
CHIMNEY,-0.36,PIPE,200,0.00268433814904472,0.00209126648503721,0.00217170790532307,0.000255803971244963
CHIMNEY,-0.36,MVTX,200,0.0225160306955529,0.0259382122650157,0.00857502531117895,0.00676112217029336
CHIMNEY,-0.36,INTT,200,0.0550146916786564,0.0106424212745726,0.0241412029364322,0.00517591244938747
CHIMNEY,-0.36,TPC,200,0.0466549318768083,0.0041894953750341,0.0169340076565554,0.00126976682649993
CHIMNEY,-0.36,EMCAL,200,19.845105524613,1.35688718541981,0.859466580522521,0.0493325545258448
CHIMNEY,-0.36,MAGNET,200,1.44680925678737,4.71216091538724e-08,0.33092862407743,1.39387599631173e-08
CHIMNEY,-0.36,IHCAL,200,1.18746945192136,0.117135696421315,0.311920057304824,0.0276875905078679
CHIMNEY,-0.36,OHCAL,200,38.5374791108733,1.33020788386931,4.210530803899,0.129443990117245
CHIMNEY,-0.36,OTHER,200,0.000491532652066773,0.00258096435944907,9.45817103586184e-05,0.000496634399494924
CHIMNEY,-0.34,PIPE,200,0.00266633818220672,0.00207727374893211,0.00215714257478994,0.000254096012992494
CHIMNEY,-0.34,MVTX,200,0.022953458543088,0.0263902306545087,0.00864542507507676,0.00691991722234272
CHIMNEY,-0.34,INTT,200,0.0548998363464299,0.0109962035519811,0.0240885707873096,0.00522051884137575
CHIMNEY,-0.34,TPC,200,0.0463363235846399,0.00433553124990271,0.0168262061768911,0.00131925117149116
CHIMNEY,-0.34,EMCAL,200,20.0154288079124,1.31823354612932,0.862315079821574,0.0494261060806606
CHIMNEY,-0.34,MAGNET,200,1.43710878512258,1.19209289550781e-07,0.32870983557724,9.12506037497214e-09
CHIMNEY,-0.34,IHCAL,200,1.1785818993138,0.115905082638794,0.309574748197652,0.027997543041342
CHIMNEY,-0.34,OHCAL,200,38.4598607439949,1.30795267510093,4.19977049044689,0.128534381159626
CHIMNEY,-0.34,OTHER,200,0.000999608004567177,0.00854518689792983,0.000273375989717009,0.00240333322454704
CHIMNEY,-0.32,PIPE,200,0.00287054491431255,0.00270948209747978,0.00217049244859351,0.00033142208528983
CHIMNEY,-0.32,MVTX,200,0.0212066078506436,0.0245116839083199,0.00829361467159338,0.00697184941860182
CHIMNEY,-0.32,INTT,200,0.0550135929687747,0.0104997242154985,0.0240979473380475,0.00502045737427846
CHIMNEY,-0.32,TPC,200,0.0465959310427968,0.00477404173998981,0.0168824698746242,0.00144922001837714
CHIMNEY,-0.32,EMCAL,200,20.0193040382468,1.38324629031296,0.864604110750543,0.0545390361736824
CHIMNEY,-0.32,MAGNET,200,1.42798317613355,4.2146848510894e-08,0.326622535394136,0
CHIMNEY,-0.32,IHCAL,200,1.18648624945064,0.122741592523092,0.311015453665726,0.0287943537620662
CHIMNEY,-0.32,OHCAL,200,37.9184877285888,1.17733623067883,4.14012451846037,0.113788014768112
CHIMNEY,-0.32,OTHER,200,0.0019048184051215,0.0119239462570291,0.000536853255717861,0.00344209692845273
CHIMNEY,-0.3,PIPE,200,0.00270679489588358,0.00228796187758619,0.00213956044205886,0.000279860930192182
CHIMNEY,-0.3,MVTX,200,0.0195359904388038,0.020183741287533,0.00784760082596063,0.00555557563431032
CHIMNEY,-0.3,INTT,200,0.0540292520078824,0.0102534698412875,0.0236313899924586,0.00485364938448924
CHIMNEY,-0.3,TPC,200,0.0455176143426401,0.00449964301450994,0.0165390567502877,0.00136477975840178
CHIMNEY,-0.3,EMCAL,200,19.8881230753518,1.29809236561504,0.859632494098896,0.0491499136968605
CHIMNEY,-0.3,MAGNET,200,1.419428779455,0,0.324665888580213,1.29047841397589e-08
CHIMNEY,-0.3,IHCAL,200,1.17230057489904,0.116993174681753,0.308029299987818,0.0280131201548116
CHIMNEY,-0.3,OHCAL,200,37.3612038162039,1.03324248537444,4.08399433132488,0.0968046509570491
CHIMNEY,-0.3,OTHER,200,0.00186484128357197,0.0126149115982507,0.000533336409857414,0.00362279332365552
CHIMNEY,-0.28,PIPE,200,0.00269157562224917,0.00227513933327636,0.00212752616359024,0.000278297633054042
CHIMNEY,-0.28,MVTX,200,0.0202063798927979,0.0216089162273918,0.00793552762250685,0.00598145627241236
CHIMNEY,-0.28,INTT,200,0.0548532256555102,0.00959502383393637,0.0240004313765658,0.00476496515763125
CHIMNEY,-0.28,TPC,200,0.0465757515611421,0.00554936236786961,0.0168424121040872,0.00168259516992325
CHIMNEY,-0.28,EMCAL,200,20.0541369928484,1.37777068760966,0.866401952111365,0.050841677434736
CHIMNEY,-0.28,MAGNET,200,1.4114421732142,7.74287048385535e-08,0.322839112450659,1.89953279256552e-08
CHIMNEY,-0.28,IHCAL,200,1.16747269014397,0.118762807841421,0.306904428086237,0.0281815626456529
CHIMNEY,-0.28,OHCAL,200,37.0010678742454,0.889867582908433,4.04414125836522,0.0792183629447662
CHIMNEY,-0.28,OTHER,200,0.000360971508506632,0.00423271144524137,8.58229953625425e-05,0.00104055032877088
CHIMNEY,-0.26,PIPE,200,0.00267741424005468,0.00226317005269162,0.00211633234390988,0.000276833669518565
CHIMNEY,-0.26,MVTX,200,0.0197313320981003,0.0200364615691318,0.00784685232609241,0.00551542036582292
CHIMNEY,-0.26,INTT,200,0.0535927598997725,0.0115616827422517,0.0234626105069212,0.00527160211851631
CHIMNEY,-0.26,TPC,200,0.0467266414808497,0.00603690648426334,0.0168800065793357,0.00183368615273982
CHIMNEY,-0.26,EMCAL,200,19.8849212350876,1.46649407981496,0.8561853007708,0.0530195614797561
CHIMNEY,-0.26,MAGNET,200,1.40402016266217,8.56006539842193e-08,0.321141476270667,0
CHIMNEY,-0.26,IHCAL,200,1.16646935627211,0.119353345957378,0.305899815426477,0.0281942384373555
CHIMNEY,-0.26,OHCAL,200,36.7392332781242,0.837465244935232,4.0157979062742,0.0731237726524329
CHIMNEY,-0.26,OTHER,200,0.00187609093616945,0.013950496606155,0.00051924573968545,0.00400152466617007
CHIMNEY,-0.24,PIPE,200,0.00266432587398661,0.00225206897588752,0.00210599071395111,0.000275471131481112
CHIMNEY,-0.24,MVTX,200,0.0222258028025954,0.0224152238753343,0.00854667451128378,0.00636318680305907
CHIMNEY,-0.24,INTT,200,0.0540402495540819,0.0106972761592179,0.0236329687204988,0.00507671212590685
CHIMNEY,-0.24,TPC,200,0.0468024793666295,0.00654885161217043,0.0168845795479991,0.00198589331673155
CHIMNEY,-0.24,EMCAL,200,19.9757639699768,1.4420342301472,0.862497452966359,0.053527986188505
CHIMNEY,-0.24,MAGNET,200,1.39715977889572,7.59813117026208e-08,0.319572300963124,1.39387599631173e-08
CHIMNEY,-0.24,IHCAL,200,1.14281359311223,0.109846601905477,0.300649312488395,0.0256231793852275
CHIMNEY,-0.24,OHCAL,200,36.5469619267141,0.787283338246855,3.99621966485375,0.068027424487371
CHIMNEY,-0.24,OTHER,200,0.000451374019129871,0.00315667560250645,0.000119335883622616,0.00101174081977964
CHIMNEY,-0.22,PIPE,200,0.0027959063196179,0.00263901255650053,0.0021140586032789,0.000322799854339943
CHIMNEY,-0.22,MVTX,200,0.0193474447622835,0.0215370596021845,0.00772471567373871,0.00595301323960829
CHIMNEY,-0.22,INTT,200,0.054066231273286,0.00977062080482756,0.0236437882071423,0.00471680943609428
CHIMNEY,-0.22,TPC,200,0.047093249658189,0.0071594654462008,0.0169613889616126,0.00217185519994661
CHIMNEY,-0.22,EMCAL,200,20.0494230050809,1.08656508403589,0.865424880003315,0.0442608442311765
CHIMNEY,-0.22,MAGNET,200,1.39085827766987,0,0.318130958836988,0
CHIMNEY,-0.22,IHCAL,200,1.13496190315105,0.110442927511993,0.29818882403841,0.026193771445716
CHIMNEY,-0.22,OHCAL,200,36.3695035688186,0.801841147537179,3.97453556334164,0.0682072109468416
CHIMNEY,-0.22,OTHER,200,0.00105632369438113,0.00790694285559285,0.000305868852378965,0.00234556227157141
CHIMNEY,-0.2,PIPE,200,0.00256986219518148,0.00200207341124099,0.00207909437403123,0.000244892764934389
CHIMNEY,-0.2,MVTX,200,0.0237157124540131,0.0310850800255064,0.00882319852049638,0.00810393995174854
CHIMNEY,-0.2,INTT,200,0.0522458774072654,0.0099800366724586,0.0227615936856829,0.00467314436772358
CHIMNEY,-0.2,TPC,200,0.047119850720407,0.00763808335055164,0.0169629165710989,0.00232043564849022
CHIMNEY,-0.2,EMCAL,200,19.803145440401,1.43739507025285,0.855018042996868,0.0583312197705555
CHIMNEY,-0.2,MAGNET,200,1.38511313830012,0,0.316816873336188,2.26600562419676e-08
CHIMNEY,-0.2,IHCAL,200,1.13235231317289,0.104073200165885,0.297896235235572,0.024725648723353
CHIMNEY,-0.2,OHCAL,200,36.2967409204835,0.832685736702145,3.96555862136991,0.0722460856152487
CHIMNEY,-0.2,OTHER,200,0.00113673187108559,0.00898746748366517,0.000333347262682524,0.00267840927141319
CHIMNEY,-0.18,PIPE,200,0.00277393769082401,0.00261828373045601,0.00209744668305055,0.000320265248010078
CHIMNEY,-0.18,MVTX,200,0.0191155688359263,0.0214756893395926,0.0075498243119849,0.00587741510928351
CHIMNEY,-0.18,INTT,200,0.0518934157444971,0.010306341692242,0.0227267129857172,0.00485165436345239
CHIMNEY,-0.18,TPC,200,0.0469399464048436,0.00808009166948005,0.0168958285795618,0.00245361397819341
CHIMNEY,-0.18,EMCAL,200,19.8828481790788,0.974608678967502,0.860816736169222,0.0400234340435963
CHIMNEY,-0.18,MAGNET,200,1.37992206265411,0,0.315629518809005,1.53597653866472e-08
CHIMNEY,-0.18,IHCAL,200,1.1164992995997,0.0912626580491977,0.294824537522978,0.0227429679959965
CHIMNEY,-0.18,OHCAL,200,36.1386506871897,0.804902514501556,3.94936713539602,0.0690517904046845
CHIMNEY,-0.18,OTHER,200,0.000615969419344689,0.00691983812960186,0.00016675148239122,0.00200338518827428
CHIMNEY,-0.16,PIPE,200,0.0023386326908794,0.00100154450331553,0.00203828005560139,0.000122512550022084
CHIMNEY,-0.16,MVTX,200,0.023715159544614,0.0317543690483384,0.0086824362003472,0.00763178597092485
CHIMNEY,-0.16,INTT,200,0.0531100053815411,0.00953203789929072,0.0231276569241367,0.00459218141242974
CHIMNEY,-0.16,TPC,200,0.0473202534667975,0.00906422128813294,0.0169998365573262,0.00275144330413948
CHIMNEY,-0.16,EMCAL,200,19.7971632043505,1.09622225823373,0.85597387478074,0.0399295568873917
CHIMNEY,-0.16,MAGNET,200,1.37528297423236,0,0.314568420297796,0
CHIMNEY,-0.16,IHCAL,200,1.105352248895,0.0973459000384919,0.2909764368276,0.0235231267678368
CHIMNEY,-0.16,OHCAL,200,35.9246963408267,0.809513948745156,3.92786494670221,0.0694526269955461
CHIMNEY,-0.16,OTHER,200,0.000222738690015806,0.0018235585807158,5.06021030650454e-05,0.000433096102346452
CHIMNEY,-0.14,PIPE,200,0.00261482167941124,0.00221024386850112,0.00206685860345082,0.00027035748215782
CHIMNEY,-0.14,MVTX,200,0.0184539112142756,0.0201769879325691,0.00728691620363028,0.00546759073332579
CHIMNEY,-0.14,INTT,200,0.0520254661148453,0.00982807571498913,0.0226818534496906,0.00462613966830323
CHIMNEY,-0.14,TPC,200,0.0477000163820934,0.0103336361765561,0.0171086181279642,0.00313559713311921
CHIMNEY,-0.14,EMCAL,200,19.9421251607972,1.08877079107598,0.857883640663208,0.040243452346629
CHIMNEY,-0.14,MAGNET,200,1.37119401733766,0,0.313633153349007,0
CHIMNEY,-0.14,IHCAL,200,1.09655881458575,0.0814337471743257,0.289069945300584,0.0199081767448613
CHIMNEY,-0.14,OHCAL,200,35.9675313208109,0.846413204980551,3.92903610581738,0.0723438671311604
CHIMNEY,-0.14,OTHER,200,0.000332745329409811,0.00207799391614069,6.40275315120823e-05,0.000399851806135344
CHIMNEY,-0.12,PIPE,200,0.00274927498640545,0.00259504911261087,0.00207879315756528,0.000317428950804939
CHIMNEY,-0.12,MVTX,200,0.0193738038309082,0.0236895785772444,0.00742526680021438,0.00560566414650778
CHIMNEY,-0.12,INTT,200,0.0516568240701551,0.010574493658906,0.022589353306153,0.00486945084249041
CHIMNEY,-0.12,TPC,200,0.0476794955489864,0.0115275270187337,0.0170941861223295,0.00349604899113881
CHIMNEY,-0.12,EMCAL,200,19.7331007452306,1.3219026643819,0.853210346748217,0.045072878655193
CHIMNEY,-0.12,MAGNET,200,1.36765355633272,0,0.312823343843389,0
CHIMNEY,-0.12,IHCAL,200,1.08935344930419,0.0724093767006891,0.287731329564647,0.0180506993331126
CHIMNEY,-0.12,OHCAL,200,35.7418007049076,0.923192543398087,3.90669779935396,0.0829438528025487
CHIMNEY,-0.12,OTHER,200,0.00197335994147203,0.0170676918636196,0.000558234432852554,0.00505355850830254
CHIMNEY,-0.1,PIPE,200,0.0026023643439447,0.00219973905392708,0.0020570092249824,0.000269075615339344
CHIMNEY,-0.1,MVTX,200,0.0241321590966345,0.0331033706093037,0.00875982623280985,0.0081742271303749
CHIMNEY,-0.1,INTT,200,0.0517184103200179,0.0105776813479437,0.0225554601293553,0.004911366378425
CHIMNEY,-0.1,TPC,200,0.0488429082386353,0.013496668965936,0.0174409933399981,0.00409405607596002
CHIMNEY,-0.1,EMCAL,200,19.8322442686781,1.3381299759356,0.853228471264004,0.0494065656742877
CHIMNEY,-0.1,MAGNET,200,1.36466017498594,2.98023223876953e-08,0.312138667846341,0
CHIMNEY,-0.1,IHCAL,200,1.09119023862862,0.0863289928990296,0.287576940038092,0.0207125458124015
CHIMNEY,-0.1,OHCAL,200,35.7314987239313,0.961971455605031,3.9059167632548,0.087140581086558
CHIMNEY,-0.1,OTHER,200,0.00141695675372343,0.0163381671122093,0.00037020316766526,0.00451373850557289
CHIMNEY,-0.0800000000000001,PIPE,200,0.00316025910197692,0.00346717260580336,0.00212213341194246,0.000424104493227473
CHIMNEY,-0.0800000000000001,MVTX,200,0.0193322328621974,0.0227702074961651,0.00750346561644827,0.00663874633956335
CHIMNEY,-0.0800000000000001,INTT,200,0.0520850882235093,0.0100799721733017,0.0227885641783977,0.0047643724726937
CHIMNEY,-0.0800000000000001,TPC,200,0.0483908261472092,0.0148548242238404,0.0172984195373689,0.00451313762640443
CHIMNEY,-0.0800000000000001,EMCAL,200,19.7686038777444,1.50552240839542,0.85549620531868,0.0513050322955651
CHIMNEY,-0.0800000000000001,MAGNET,200,1.36221267590487,2.1073424255447e-08,0.311578851478337,0
CHIMNEY,-0.0800000000000001,IHCAL,200,1.0856289870798,0.0711683100011615,0.286366048233807,0.0181411910146439
CHIMNEY,-0.0800000000000001,OHCAL,200,35.8503200007446,1.26011685330969,3.91699896551282,0.121020741431776
CHIMNEY,-0.0800000000000001,OTHER,200,0.00079859273734137,0.00774080951403892,0.000200989881188071,0.00214366013210089
CHIMNEY,-0.0600000000000001,PIPE,200,0.00259406785635904,0.00219272510030489,0.00205045147119096,0.000268217527463777
CHIMNEY,-0.0600000000000001,MVTX,200,0.0182162282958461,0.0193141329354408,0.00737016320235782,0.00579449994356112
CHIMNEY,-0.0600000000000001,INTT,200,0.051870566092528,0.0104658302513218,0.0227417108844524,0.00486651908497311
CHIMNEY,-0.0600000000000001,TPC,200,0.0468750499782187,0.0162620925449545,0.0168399758149969,0.0049394896768233
CHIMNEY,-0.0600000000000001,EMCAL,200,19.6759960359423,2.12573785657807,0.851456265077862,0.0681539865803573
CHIMNEY,-0.0600000000000001,MAGNET,200,1.36031008005724,0,0.311143670805364,0
CHIMNEY,-0.0600000000000001,IHCAL,200,1.07982979018618,0.0706994886831356,0.285183192978589,0.017765290443032
CHIMNEY,-0.0600000000000001,OHCAL,200,35.7994067189783,1.35789650887562,3.91099578474818,0.132781322509161
CHIMNEY,-0.0600000000000001,OTHER,200,0.000885950849265586,0.00808498318592393,0.000246202013486558,0.00260295347160943
CHIMNEY,-0.04,PIPE,200,0.00238100615391706,0.00139596984392232,0.00202265412782994,0.000170750855729795
CHIMNEY,-0.04,MVTX,200,0.0196086337349318,0.0214599652456517,0.00767202303573186,0.00598021182069177
CHIMNEY,-0.04,INTT,200,0.0533804960677809,0.00969936012935362,0.0233404064354809,0.00469498200188511
CHIMNEY,-0.04,TPC,200,0.0506530498800673,0.0254825631118828,0.0179981425945327,0.00777923811815438
CHIMNEY,-0.04,EMCAL,200,19.4140034305782,2.2685450908954,0.842093004212094,0.0734097532788247
CHIMNEY,-0.04,MAGNET,200,1.35895162637934,5.57550398524693e-08,0.310832951749349,2.4990007029844e-08
CHIMNEY,-0.04,IHCAL,200,1.07413327881132,0.0708317357431262,0.283789277765726,0.0177405344296797
CHIMNEY,-0.04,OHCAL,200,36.0320031430669,1.51628793574272,3.93513477678271,0.149698769035649
CHIMNEY,-0.04,OTHER,200,0.000131909795653739,0.00131248589506772,2.53823505590669e-05,0.000252551199305078
CHIMNEY,-0.02,PIPE,200,0.00273014107371419,0.00257697564635495,0.00206432712496711,0.000315216511932962
CHIMNEY,-0.02,MVTX,200,0.0189752729093935,0.0259350136220592,0.00732678673179145,0.00683958687770281
CHIMNEY,-0.02,INTT,200,0.0514059826901682,0.00988406323024673,0.022374298885096,0.00461660111421438
CHIMNEY,-0.02,TPC,200,0.0511422021563593,0.0313411452542108,0.0181798002474213,0.00972536751030551
CHIMNEY,-0.02,EMCAL,200,19.4972721713676,2.40649143791512,0.846453984848752,0.0721097850474327
CHIMNEY,-0.02,MAGNET,200,1.35813677147159,6.14390615465888e-08,0.31064657001853,1.53597653866472e-08
CHIMNEY,-0.02,IHCAL,200,1.08402587366135,0.0768749195379931,0.286006157920131,0.018830097535897
CHIMNEY,-0.02,OHCAL,200,36.1899529511758,1.63835172431968,3.95127103133895,0.164584123079945
CHIMNEY,-0.02,OTHER,200,0.000263661399739399,0.00184562979817579,5.0734261575591e-05,0.000355139831029137
CHIMNEY,0,PIPE,200,0.00265950671994212,0.00239154590068244,0.00205534307501652,0.000292538261305322
CHIMNEY,0,MVTX,200,0.019552064562493,0.0212601348324786,0.00789642243300729,0.00674562549759695
CHIMNEY,0,INTT,200,0.0518044747012194,0.0103030746641415,0.0226268968755468,0.00485032944515794
CHIMNEY,0,TPC,200,0.05883659160205,0.21763862943712,0.022406317019149,0.0862359566135037
CHIMNEY,0,EMCAL,200,19.5786439575009,5.69855427296639,0.845710541972086,0.201205299122432
CHIMNEY,0,MAGNET,200,1.35786518938116,0,0.310584451057728,0
CHIMNEY,0,IHCAL,200,1.08707690992741,0.0791990779252051,0.286601205571151,0.0188329058261843
CHIMNEY,0,OHCAL,200,36.2089401701591,1.56163621633938,3.95280858758638,0.154604696309913
CHIMNEY,0,OTHER,200,0.000385579615512155,0.00308487388053729,0.000138852438511719,0.00145248413337705
CHIMNEY,0.02,PIPE,200,0.00237959047190115,0.00139521722272037,0.00202144638195457,0.000170667546107257
CHIMNEY,0.02,MVTX,200,0.0189698251626878,0.02039797967487,0.00744141548556462,0.00569287253379591
CHIMNEY,0.02,INTT,200,0.0526235720940217,0.0100429922929369,0.0229909034510546,0.00479999769021543
CHIMNEY,0.02,TPC,200,0.0479102544808212,0.0251390279606496,0.0172278289677063,0.00799042223363671
CHIMNEY,0.02,EMCAL,200,19.7415326591688,2.30735228337212,0.852153216052804,0.0730094910731432
CHIMNEY,0.02,MAGNET,200,1.35813677147159,4.9421560620597e-08,0.31064657001853,1.44279872857311e-08
CHIMNEY,0.02,IHCAL,200,1.07842445751224,0.071930795857392,0.285028049013841,0.017611686358071
CHIMNEY,0.02,OHCAL,200,36.0789658739261,1.5402608806086,3.94015308432169,0.151312291466506
CHIMNEY,0.02,OTHER,200,0.000197746049804534,0.0016024345584162,3.80506961816918e-05,0.000308343709488048
CHIMNEY,0.04,PIPE,200,0.00266162783759665,0.00239341561499837,0.00205698661937981,0.000292762204586682
CHIMNEY,0.04,MVTX,200,0.0200048400363692,0.0241943780896602,0.00751711876087624,0.00625927761177467
CHIMNEY,0.04,INTT,200,0.0521783037977201,0.00982741968100126,0.0228175993864711,0.00476678331258893
CHIMNEY,0.04,TPC,200,0.0485138004370399,0.0221148108949426,0.0173055192417355,0.0066851592390538
CHIMNEY,0.04,EMCAL,200,19.5254918275475,2.46018682975249,0.848021691694984,0.0759787178069261
CHIMNEY,0.04,MAGNET,200,1.35895162637934,4.4703483581543e-08,0.310832951749348,2.63417803193088e-08
CHIMNEY,0.04,IHCAL,200,1.08041678674264,0.0758167731205664,0.285165970161632,0.0186785700569271
CHIMNEY,0.04,OHCAL,200,35.9982119061954,1.52240111737433,3.93243310078265,0.14917848013056
CHIMNEY,0.04,OTHER,200,0.000131909795653739,0.00131248589506772,2.53823505590671e-05,0.00025255119930508
CHIMNEY,0.0599999999999998,PIPE,200,0.00259407089987767,0.00219272278013763,0.00205045438587914,0.000268216641451282
CHIMNEY,0.0599999999999998,MVTX,200,0.0181878783830634,0.0191716223916389,0.0073473499546819,0.00564128004725257
CHIMNEY,0.0599999999999998,INTT,200,0.0509244306053969,0.00965996919523486,0.0221514572228411,0.00452813749683236
CHIMNEY,0.0599999999999998,TPC,200,0.049139849574104,0.0184575182579878,0.0175189649440395,0.00559943050929588
CHIMNEY,0.0599999999999998,EMCAL,200,19.4951589196154,2.23559614295038,0.842115023991841,0.0749643894119132
CHIMNEY,0.0599999999999998,MAGNET,200,1.36031008005724,0,0.311143670805364,0
CHIMNEY,0.0599999999999998,IHCAL,200,1.09233478926418,0.0781367023875001,0.287727863022586,0.0197535340149845
CHIMNEY,0.0599999999999998,OHCAL,200,35.9687123743839,1.27855170945211,3.92611743035439,0.121249286803996
CHIMNEY,0.0599999999999998,OTHER,200,0.000198062485672303,0.00160499879558067,3.81115854134981e-05,0.000308837125206735
CHIMNEY,0.0799999999999998,PIPE,200,0.00266801170201997,0.00239918401998061,0.00206191709852584,0.000293471314185801
CHIMNEY,0.0799999999999998,MVTX,200,0.0198093298725073,0.0243798616082674,0.00750238140697055,0.00602177731308214
CHIMNEY,0.0799999999999998,INTT,200,0.0521614956506716,0.00998898871148732,0.0226833200929368,0.00474390503847379
CHIMNEY,0.0799999999999998,TPC,200,0.0474774548306405,0.0141511068229261,0.0170294998517239,0.00431102750490432
CHIMNEY,0.0799999999999998,EMCAL,200,19.6463158520134,1.95704555356501,0.852640782881241,0.0648588227656701
CHIMNEY,0.0799999999999998,MAGNET,200,1.36221267590487,5.16191365590357e-08,0.311578851478337,0
CHIMNEY,0.0799999999999998,IHCAL,200,1.08932493023453,0.0714176180829685,0.288142832502128,0.017608792454081
CHIMNEY,0.0799999999999998,OHCAL,200,35.7056195020529,1.08291806820805,3.90071669612214,0.0994374459113918
CHIMNEY,0.0799999999999998,OTHER,200,0.000390309582821366,0.0038623090508119,0.000114804424746092,0.00128399355227567
CHIMNEY,0.0999999999999999,PIPE,200,0.00274325273182996,0.00258930977019587,0.00207424631028647,0.000316719783591257
CHIMNEY,0.0999999999999999,MVTX,200,0.0162702746347761,0.0141449757272743,0.0067212556679962,0.00392645303067883
CHIMNEY,0.0999999999999999,INTT,200,0.0510535975581382,0.0116935842317579,0.022451783191536,0.00534673665834424
CHIMNEY,0.0999999999999999,TPC,200,0.0482099484608416,0.0130594890242935,0.0172411078426829,0.00395728893480637
CHIMNEY,0.0999999999999999,EMCAL,200,19.8184529275204,1.46006184205283,0.855216856259786,0.05142901004307
CHIMNEY,0.0999999999999999,MAGNET,200,1.36466017498594,5.16191365590357e-08,0.312138667846341,0
CHIMNEY,0.0999999999999999,IHCAL,200,1.08963805877146,0.0914529475367261,0.286667806795261,0.0218624003308456
CHIMNEY,0.0999999999999999,OHCAL,200,35.8465948002904,0.948744690412093,3.91571417168023,0.0855567477663152
CHIMNEY,0.0999999999999999,OTHER,200,0.00226807925067395,0.0146104997615461,0.000627769193632157,0.00429289067897034
CHIMNEY,0.12,PIPE,200,0.00274928128627943,0.00259505124677332,0.00207879838777559,0.00031742871690116
CHIMNEY,0.12,MVTX,200,0.0163739898412729,0.0150208895060784,0.00673264874663041,0.00458756678048891
CHIMNEY,0.12,INTT,200,0.0514201977405833,0.00980589491507292,0.0224893038924896,0.00467270360065896
CHIMNEY,0.12,TPC,200,0.0496180149752444,0.012363756635329,0.0176810004703673,0.00375310661203575
CHIMNEY,0.12,EMCAL,200,19.8894398538741,1.23423725429014,0.859554769250084,0.0445644136207753
CHIMNEY,0.12,MAGNET,200,1.36765355633272,0,0.312823343843389,0
CHIMNEY,0.12,IHCAL,200,1.10238388873901,0.0913304746010697,0.290233261919378,0.0225189869429823
CHIMNEY,0.12,OHCAL,200,35.8102515936802,0.903842975118086,3.91285258346304,0.0796971767913321
CHIMNEY,0.12,OTHER,200,0.00144646029740048,0.013234377206558,0.000428301562663937,0.00403737436632811
CHIMNEY,0.14,PIPE,200,0.00275638714340064,0.00260173122046617,0.00208417463679848,0.00031824228100917
CHIMNEY,0.14,MVTX,200,0.0202921608997733,0.0242797457572017,0.00768283404418404,0.00621289925401416
CHIMNEY,0.14,INTT,200,0.0515756852108587,0.0106706896289596,0.0225482616999678,0.00493165295524871
CHIMNEY,0.14,TPC,200,0.0480055136113494,0.010557720718894,0.0172003596579316,0.00320338436176103
CHIMNEY,0.14,EMCAL,200,19.9467070929449,1.15663275248082,0.860660835527252,0.0448943315295832
CHIMNEY,0.14,MAGNET,200,1.37119401733766,0,0.313633153349007,0
CHIMNEY,0.14,IHCAL,200,1.10237275646558,0.0838756327653131,0.290613369247992,0.0201192566184396
CHIMNEY,0.14,OHCAL,200,35.8394851746604,0.884587368076206,3.91730853492971,0.0775134799488923
CHIMNEY,0.14,OTHER,200,0.00213064117309041,0.0156150711503593,0.000608722952248635,0.00451913034470598
CHIMNEY,0.16,PIPE,200,0.00276461260853336,0.0026095045926623,0.00209039296690217,0.000319194337381138
CHIMNEY,0.16,MVTX,200,0.0207472741600216,0.0266509077463632,0.00785657891404714,0.0066943826354687
CHIMNEY,0.16,INTT,200,0.0520085494152535,0.00972886412970051,0.0226229406202217,0.00466230919637728
CHIMNEY,0.16,TPC,200,0.0477564225829343,0.0095012733530176,0.0171328914584277,0.00288275062868413
CHIMNEY,0.16,EMCAL,200,19.8620162276436,1.19007473587931,0.855864233909113,0.0464419911016616
CHIMNEY,0.16,MAGNET,200,1.37528297423236,0,0.314568420297796,0
CHIMNEY,0.16,IHCAL,200,1.10853988470641,0.0946038937826589,0.291770658965057,0.0227731666315023
CHIMNEY,0.16,OHCAL,200,36.0187747937966,0.892165904295705,3.93556681019576,0.0758178340083609
CHIMNEY,0.16,OTHER,200,0.000133495035861143,0.00132825883597935,2.56873856966406e-05,0.000255586260602697
CHIMNEY,0.18,PIPE,200,0.0028451723797981,0.00279186183442698,0.00210615253805346,0.000341504993105061
CHIMNEY,0.18,MVTX,200,0.0189744750108942,0.0210147363247655,0.00745678555365591,0.0059079726910626
CHIMNEY,0.18,INTT,200,0.0532626366194436,0.00973913486762647,0.0232672220582472,0.00465667560669869
CHIMNEY,0.18,TPC,200,0.0465890447197357,0.00785906738349586,0.0167988433163197,0.00239379255704281
CHIMNEY,0.18,EMCAL,200,20.0180853496435,0.923785238598496,0.861088575120801,0.041429574081155
CHIMNEY,0.18,MAGNET,200,1.37992206265411,1.49011611938477e-08,0.315629518809005,1.74731603258231e-08
CHIMNEY,0.18,IHCAL,200,1.12347381701402,0.101765964409304,0.295527444624967,0.0245756015605497
CHIMNEY,0.18,OHCAL,200,36.0805335390808,0.744552465344471,3.94357816773515,0.062951685295886
CHIMNEY,0.18,OTHER,200,0.00197349458567244,0.0163256850561605,0.000561895278660609,0.00470018962938575
CHIMNEY,0.2,PIPE,200,0.00264136227571843,0.00223269985447292,0.00208783506584826,0.000273106996240063
CHIMNEY,0.2,MVTX,200,0.0176742045885889,0.0179342592274811,0.00704968771446728,0.0050147340520771
CHIMNEY,0.2,INTT,200,0.0533163241868831,0.0102432997713201,0.0232539382271261,0.00486516806792438
CHIMNEY,0.2,TPC,200,0.0477184119962541,0.00800931376010802,0.0171415129924325,0.0024302415293198
CHIMNEY,0.2,EMCAL,200,19.9304087925017,1.04132583360072,0.859968557543893,0.0403037716880633
CHIMNEY,0.2,MAGNET,200,1.38511313830012,0,0.316816873336187,2.47107803102985e-08
CHIMNEY,0.2,IHCAL,200,1.11619504484515,0.0965497370938012,0.293845094597055,0.0236908125370637
CHIMNEY,0.2,OHCAL,200,36.1749238038457,0.805634989176498,3.95503547357431,0.0682794227512342
CHIMNEY,0.2,OTHER,200,0.000830259762018752,0.00989690806179917,0.000229980155853932,0.00288897041720464
CHIMNEY,0.22,PIPE,200,0.00272412655043488,0.00244965038751124,0.00210528364716002,0.000299645137365584
CHIMNEY,0.22,MVTX,200,0.018095051333964,0.0185017457049013,0.00725333453618265,0.00515949126672826
CHIMNEY,0.22,INTT,200,0.0520959771288675,0.0107497106764831,0.0227599521742114,0.004964582686336
CHIMNEY,0.22,TPC,200,0.0468198382057374,0.00686899325153918,0.0168796478267806,0.00208603032229045
CHIMNEY,0.22,EMCAL,200,19.9087284932774,1.05646099161579,0.857841336677595,0.0435709886022478
CHIMNEY,0.22,MAGNET,200,1.39085827766987,0,0.318130958836988,0
CHIMNEY,0.22,IHCAL,200,1.15427450106552,0.114920281506915,0.302820224635992,0.0268966412610351
CHIMNEY,0.22,OHCAL,200,36.4034266380383,0.861090708877047,3.97843735690161,0.0731521613931006
CHIMNEY,0.22,OTHER,200,0.000755856492710376,0.00709102825489385,0.000194050867501088,0.00203358670727924
CHIMNEY,0.24,PIPE,200,0.00331346127499301,0.00368045932476353,0.00218540384001627,0.000450189983742025
CHIMNEY,0.24,MVTX,200,0.0185947469510309,0.0251585083244063,0.00723087264034701,0.00649678619606959
CHIMNEY,0.24,INTT,200,0.0504253132298263,0.0110156458272147,0.022034475170132,0.00493322025360782
CHIMNEY,0.24,TPC,200,0.0464547471663255,0.00620441818571932,0.0167819822629795,0.00188575059145186
CHIMNEY,0.24,EMCAL,200,19.8873868887821,1.3198096155829,0.85758376472408,0.0525843979127904
CHIMNEY,0.24,MAGNET,200,1.39715977889572,8.56006539842193e-08,0.319572300963124,1.17804022884681e-08
CHIMNEY,0.24,IHCAL,200,1.16577363539473,0.115309583411852,0.306754150828069,0.026863675488097
CHIMNEY,0.24,OHCAL,200,36.5470902796856,0.78979196890887,3.99539021176492,0.0673516868073969
CHIMNEY,0.24,OTHER,200,0.00202501707861921,0.0124545403274048,0.000524013772740727,0.00346874647134106
CHIMNEY,0.26,PIPE,200,0.00289485042898487,0.00284054696487042,0.00214293755318627,0.000347464185881148
CHIMNEY,0.26,MVTX,200,0.020226934792522,0.0210623717418612,0.00791898441104922,0.00610877100566932
CHIMNEY,0.26,INTT,200,0.0530280493006725,0.0111740272807621,0.0232216960783446,0.00515110680613425
CHIMNEY,0.26,TPC,200,0.0461564518743664,0.00572582243194561,0.0166991369201379,0.00173518631655491
CHIMNEY,0.26,EMCAL,200,19.8357646528738,1.1912545696702,0.854584501170624,0.044611086906831
CHIMNEY,0.26,MAGNET,200,1.40402016266217,9.18569267238524e-08,0.321141476270667,0
CHIMNEY,0.26,IHCAL,200,1.16095732732903,0.122260646033286,0.304626372007385,0.0287175926047526
CHIMNEY,0.26,OHCAL,200,36.7215864685708,0.861287572331688,4.01482640182622,0.0755762207962043
CHIMNEY,0.26,OTHER,200,0.00115494996809645,0.0068255765439808,0.000304182100055208,0.00204907684307861
CHIMNEY,0.28,PIPE,200,0.00269157039846405,0.00227511086251686,0.00212752453694381,0.000278291190319721
CHIMNEY,0.28,MVTX,200,0.0197247683998848,0.0233969905660592,0.00764302023519976,0.00609980405783125
CHIMNEY,0.28,INTT,200,0.0534553925011146,0.0106003499500764,0.0232970189256548,0.00495302665237187
CHIMNEY,0.28,TPC,200,0.0457473076882277,0.00505956612385727,0.0165969864175667,0.00153797299862296
CHIMNEY,0.28,EMCAL,200,19.95505787426,1.23775932390683,0.861309512115421,0.0474836954206549
CHIMNEY,0.28,MAGNET,200,1.4114421732142,8.02452088465468e-08,0.322839112450659,1.93571762096384e-08
CHIMNEY,0.28,IHCAL,200,1.15870709306964,0.121442802056606,0.304168185547126,0.0293694646809271
CHIMNEY,0.28,OHCAL,200,37.047095123125,0.991897727213815,4.04839060728718,0.0889392640786056
CHIMNEY,0.28,OTHER,200,0.000804593102866418,0.00627795940896534,0.000231717834256537,0.00194953267124014
CHIMNEY,0.3,PIPE,200,0.00285334687220735,0.00269324470245025,0.00215748909733224,0.000329435377610616
CHIMNEY,0.3,MVTX,200,0.0196327087044221,0.0252594498916107,0.0075540395434433,0.00618373832268991
CHIMNEY,0.3,INTT,200,0.0542377302478113,0.0118512460888918,0.0239236375520015,0.00549145705370019
CHIMNEY,0.3,TPC,200,0.0466469374613071,0.00520581575173794,0.0168838334217873,0.00158118699801687
CHIMNEY,0.3,EMCAL,200,19.8525082487193,1.50329789755044,0.858172198255326,0.0572729772303591
CHIMNEY,0.3,MAGNET,200,1.419428779455,3.65002414998886e-08,0.324665888580213,1.29047841397589e-08
CHIMNEY,0.3,IHCAL,200,1.16619311739774,0.117046657392015,0.306753313174773,0.0276161981309126
CHIMNEY,0.3,OHCAL,200,37.277741205546,0.993377719181379,4.07529522627424,0.0926525531750156
CHIMNEY,0.3,OTHER,200,0.00181100439730473,0.010446224845355,0.000517887336883658,0.0031170431204218
CHIMNEY,0.32,PIPE,200,0.00264939345956998,0.00206401893691156,0.00214343882003644,0.000252468239218421
CHIMNEY,0.32,MVTX,200,0.0218028091437009,0.0283003241041374,0.00819131487240291,0.0068428838148006
CHIMNEY,0.32,INTT,200,0.0546297899571869,0.0101183255720402,0.0238156707831236,0.00486471874484112
CHIMNEY,0.32,TPC,200,0.0465038147419458,0.0048235694571502,0.0168578264109385,0.00146691296048532
CHIMNEY,0.32,EMCAL,200,19.836263224281,1.24121078741676,0.856262203344602,0.047381098522483
CHIMNEY,0.32,MAGNET,200,1.42798317613355,6.66400187462506e-08,0.326622535394136,0
CHIMNEY,0.32,IHCAL,200,1.16823885087438,0.115887830676054,0.307494688898897,0.0272748264477112
CHIMNEY,0.32,OHCAL,200,37.7802129482923,1.1357645240325,4.12825001789578,0.107918238951246
CHIMNEY,0.32,OTHER,200,0.000607519212386682,0.00461896683643711,0.000160686738759532,0.00141368522719456
CHIMNEY,0.34,PIPE,200,0.002592154769964,0.00180354074375618,0.00214807325768844,0.000220610397031859
CHIMNEY,0.34,MVTX,200,0.0233919240574256,0.0290394906458478,0.0084981120475117,0.00704565603334026
CHIMNEY,0.34,INTT,200,0.0537081398163437,0.0105395554984143,0.0234578314045232,0.00498280108390396
CHIMNEY,0.34,TPC,200,0.0462502017754743,0.00428005920922279,0.0167919351123969,0.00129767524641587
CHIMNEY,0.34,EMCAL,200,19.8186861557694,1.29204016255061,0.859614262096332,0.0440088357206914
CHIMNEY,0.34,MAGNET,200,1.43710878512258,1.31603492294667e-07,0.328709835577239,5.26835606386175e-09
CHIMNEY,0.34,IHCAL,200,1.18418238264259,0.114827939791975,0.310995264768572,0.0273345749978647
CHIMNEY,0.34,OHCAL,200,38.2194077178292,1.20738817355458,4.17482974738918,0.117541910648252
CHIMNEY,0.34,OTHER,200,0.00100039276671105,0.00884606233976917,0.00023495508215096,0.00219410906694244
CHIMNEY,0.36,PIPE,200,0.00298307808986936,0.00292715823347241,0.00220824121247375,0.000358051292599024
CHIMNEY,0.36,MVTX,200,0.0214090260384536,0.0262536941922203,0.00814047918730838,0.00698495197539138
CHIMNEY,0.36,INTT,200,0.0541831436081064,0.0111460516856885,0.0236176928362983,0.00506641027194301
CHIMNEY,0.36,TPC,200,0.0461194290756814,0.0039109795937043,0.0167748506242051,0.00118652123778706
CHIMNEY,0.36,EMCAL,200,19.7684360858214,1.20188835307525,0.858165239688198,0.0506423232917382
CHIMNEY,0.36,MAGNET,200,1.44680925678737,6.66400187462506e-08,0.33092862407743,1.53597653866472e-08
CHIMNEY,0.36,IHCAL,200,1.17729800349006,0.101741097824387,0.310488050610458,0.0244569960471956
CHIMNEY,0.36,OHCAL,200,38.5786830587529,1.26533537110091,4.21458933322281,0.125429995847455
CHIMNEY,0.36,OTHER,200,0.000741576905828647,0.00446945753930233,0.000210599446423455,0.00148407445704411
CHIMNEY,0.38,PIPE,200,0.00307950448860674,0.00311863239253032,0.00223314190082809,0.000381471582824771
CHIMNEY,0.38,MVTX,200,0.0194546664544849,0.0213259007865264,0.00761820947934718,0.00586421554549265
CHIMNEY,0.38,INTT,200,0.0542149894060737,0.0119948491909404,0.0238279456390058,0.00555904797727932
CHIMNEY,0.38,TPC,200,0.0462660878106078,0.00358608594404255,0.0168380917726598,0.00108791100805478
CHIMNEY,0.38,EMCAL,200,19.8061236744786,1.4051372960684,0.856346778783863,0.0529572672163318
CHIMNEY,0.38,MAGNET,200,1.45708847144592,0,0.333279788439695,0
CHIMNEY,0.38,IHCAL,200,1.18472226389179,0.102558484229626,0.311596073615954,0.024719357813056
CHIMNEY,0.38,OHCAL,200,38.8808028096277,1.26730281044975,4.24511583830201,0.122117878410942
CHIMNEY,0.38,OTHER,200,0.00198326366449844,0.0128113076194661,0.00048490936179182,0.00329093442548037
CHIMNEY,0.4,PIPE,200,0.0030266592092417,0.0029698854429676,0.00224050721872104,0.000363272786326223
CHIMNEY,0.4,MVTX,200,0.0196599063073458,0.0229508941219906,0.00764235223065817,0.00592790664462337
CHIMNEY,0.4,INTT,200,0.0553643369538282,0.0117550784290399,0.0242025620275768,0.00539357551891287
CHIMNEY,0.4,TPC,200,0.0463854769795048,0.003338567813783,0.0168959752656985,0.00101327804657543
CHIMNEY,0.4,EMCAL,200,19.784374249169,1.51229818239013,0.856643637369212,0.0564082767686025
CHIMNEY,0.4,MAGNET,200,1.46795054092115,8.94069671630859e-08,0.335764269161123,0
CHIMNEY,0.4,IHCAL,200,1.17232549268662,0.0913077045380685,0.309175853579877,0.0223406549298368
CHIMNEY,0.4,OHCAL,200,38.8904455015233,1.15942921369894,4.24745531565561,0.110403040573429
CHIMNEY,0.4,OTHER,200,0.00103221816469251,0.00793510066991754,0.000215405147393825,0.00175213146274738
CHIMNEY,0.42,PIPE,200,0.00335576594085057,0.00362741226933818,0.00229535562709395,0.00044370812558271
CHIMNEY,0.42,MVTX,200,0.019596507559369,0.0211815428057374,0.00767175488772768,0.00608041560895841
CHIMNEY,0.42,INTT,200,0.0548280531545161,0.0129606162639539,0.0240590700079911,0.00586959179356849
CHIMNEY,0.42,TPC,200,0.0465641639386422,0.0031129831986232,0.016973012871133,0.000945228122615351
CHIMNEY,0.42,EMCAL,200,19.8485324331776,1.46854867464632,0.855511973426117,0.0607574708911386
CHIMNEY,0.42,MAGNET,200,1.4793998101857,0,0.338383060067131,2.14001634960548e-08
CHIMNEY,0.42,IHCAL,200,1.18899464411961,0.0944211190266891,0.314103852990448,0.0226477260440161
CHIMNEY,0.42,OHCAL,200,38.9118040940202,1.32937139148905,4.25178251288711,0.125859103300884
CHIMNEY,0.42,OTHER,200,0.0034343439529151,0.0163418370898986,0.000856159953532171,0.00411289161567515
CHIMNEY,0.44,PIPE,200,0.00284413054983849,0.00240407044619449,0.00224811367747179,0.000294066078875788
CHIMNEY,0.44,MVTX,200,0.022231237715952,0.0268305712541321,0.00832269318582387,0.00638095848277362
CHIMNEY,0.44,INTT,200,0.0569434975329219,0.0113224513495399,0.0249523045234056,0.00535094176425747
CHIMNEY,0.44,TPC,200,0.0468944257580487,0.00304640176637961,0.0170954936093574,0.000923967332177164
CHIMNEY,0.44,EMCAL,200,19.8764204747324,1.55340941261546,0.857898252455241,0.061860922892309
CHIMNEY,0.44,MAGNET,200,1.4914408590999,9.8843121241194e-08,0.341137208709003,1.66600046865626e-08
CHIMNEY,0.44,IHCAL,200,1.18733848020605,0.0830279372055097,0.312920802974119,0.0205230933876323
CHIMNEY,0.44,OHCAL,200,39.0593322271439,1.23653172395927,4.26987151254793,0.116657463508925
CHIMNEY,0.44,OTHER,200,0.00050669559752606,0.00266058271572741,9.7499395093465e-05,0.00051195472517641
CHIMNEY,0.46,PIPE,200,0.00333409284222194,0.00354022664867143,0.0023241520553994,0.000433034774321689
CHIMNEY,0.46,MVTX,200,0.0226712668479498,0.0285341302352676,0.00822940555262884,0.00689623386907179
CHIMNEY,0.46,INTT,200,0.0542118204618698,0.0122954240172421,0.0237140800157698,0.0054601840773411
CHIMNEY,0.46,TPC,200,0.0474501710909076,0.00310716612361938,0.0172885762561132,0.000942558579668385
CHIMNEY,0.46,EMCAL,200,19.8505009425384,1.65372772806773,0.859955165061625,0.0656814703331024
CHIMNEY,0.46,MAGNET,200,1.50407850424389,0,0.344027816782914,2.14001634960548e-08
CHIMNEY,0.46,IHCAL,200,1.20737239022457,0.0867947196530217,0.318831499740906,0.0216797029435112
CHIMNEY,0.46,OHCAL,200,39.7078377519279,1.11517284119097,4.33310603655069,0.0995781369734881
CHIMNEY,0.46,OTHER,200,0.002207240458864,0.0106102486137844,0.000555048525134685,0.00275285969285162
CHIMNEY,0.48,PIPE,200,0.00273682456634102,0.00190413294667415,0.00226796381181047,0.000232907393005111
CHIMNEY,0.48,MVTX,200,0.0226993146710294,0.0262212923841003,0.00853352369589553,0.0064688450871118
CHIMNEY,0.48,INTT,200,0.0578166209192483,0.0109837271817558,0.0254099113828464,0.00537686858437698
CHIMNEY,0.48,TPC,200,0.0474162281347374,0.002612545777555,0.0173040446899818,0.000793184351183613
CHIMNEY,0.48,EMCAL,200,19.9887746144597,1.56219446895737,0.867345555525742,0.0606721857109363
CHIMNEY,0.48,MAGNET,200,1.51731780084423,0,0.347056040570637,2.38534966015549e-08
CHIMNEY,0.48,IHCAL,200,1.2095303148964,0.0866278667059676,0.319022640112095,0.0217261254981524
CHIMNEY,0.48,OHCAL,200,39.7086553670347,1.50127359516812,4.33819432590518,0.143900926453203
CHIMNEY,0.48,OTHER,200,0.00101197545369107,0.00703202385955275,0.000289133036793418,0.00198674121390029
CHIMNEY,0.5,PIPE,200,0.00311459736877483,0.00294403116691482,0.00233570047878114,0.000373007638034676
CHIMNEY,0.5,MVTX,200,0.0224756692993871,0.025710702666967,0.00841495487310336,0.00637872277319229
CHIMNEY,0.5,INTT,200,0.0581409635640718,0.0119081005424928,0.0254437037752386,0.00553008856734722
CHIMNEY,0.5,TPC,200,0.0477613391636803,0.0024777823794934,0.0174342193791823,0.00075104415143768
CHIMNEY,0.5,EMCAL,200,19.93850423754,1.46834814256329,0.866413013451735,0.0567920788946571
CHIMNEY,0.5,MAGNET,200,1.53116404479607,0,0.350223091402064,1.39387599631173e-08
CHIMNEY,0.5,IHCAL,200,1.22371511906588,0.0879358008639386,0.323174070794346,0.0214085813505541
CHIMNEY,0.5,OHCAL,200,40.0634891614418,1.54912606604188,4.37705656324462,0.146972329307926
CHIMNEY,0.5,OTHER,200,0.00325465900046097,0.0142566897178625,0.000878247912826831,0.00374886104112715
CHIMNEY,0.52,PIPE,200,0.00318681553384279,0.00312707361350207,0.00235905943538304,0.000382504649262879
CHIMNEY,0.52,MVTX,200,0.0202902039085517,0.0221482804579706,0.00795218750008943,0.00563046751825141
CHIMNEY,0.52,INTT,200,0.0581131900552061,0.0124944718489154,0.0253531710637354,0.00564760832699957
CHIMNEY,0.52,TPC,200,0.047953996599923,0.00210286192222405,0.0175202155530232,0.00063715490875036
CHIMNEY,0.52,EMCAL,200,19.7177416411295,1.63259071841659,0.857234077934571,0.0591294238628179
CHIMNEY,0.52,MAGNET,200,1.54562277478163,0,0.353530236139756,1.05367121277235e-08
CHIMNEY,0.52,IHCAL,200,1.24210205417709,0.0918626254847879,0.327553854126136,0.0213658112195875
CHIMNEY,0.52,OHCAL,200,40.4252408230569,1.23280785691738,4.42019965312961,0.115249847107989
CHIMNEY,0.52,OTHER,200,0.00208712921720668,0.0104374131661921,0.000577916086146638,0.00286787531193951
CHIMNEY,0.54,PIPE,200,0.00305678415973918,0.00274877280119392,0.00236237303500994,0.000336232061097084
CHIMNEY,0.54,MVTX,200,0.0217778677197614,0.0244379237337551,0.00846262356721282,0.00655775762727649
CHIMNEY,0.54,INTT,200,0.0585138420223961,0.012451828390984,0.0257716530138153,0.00574381886731997
CHIMNEY,0.54,TPC,200,0.0483783044555495,0.00203322810386964,0.0176790190092809,0.000616834957666126
CHIMNEY,0.54,EMCAL,200,20.2014581109127,1.80146646350096,0.876192102697987,0.069095212487257
CHIMNEY,0.54,MAGNET,200,1.56069977448567,1.01064592348416e-07,0.356978797685702,5.26835606386175e-09
CHIMNEY,0.54,IHCAL,200,1.24094934200771,0.0929047226202413,0.327451888787458,0.0226929446992397
CHIMNEY,0.54,OHCAL,200,40.909284853268,1.477843698448,4.46984641191134,0.139631038840772
CHIMNEY,0.54,OTHER,200,0.00134487115323475,0.00747464488907593,0.000344436582767171,0.00202998324221675
CHIMNEY,0.56,PIPE,200,0.00316890921814539,0.00299117199357058,0.00239608519444433,0.00036588683094804
CHIMNEY,0.56,MVTX,200,0.0225373723737384,0.0263286522888622,0.00863136859082693,0.00675942648047575
CHIMNEY,0.56,INTT,200,0.0595759829223457,0.0125831120103007,0.0260965221391886,0.00582416724759333
CHIMNEY,0.56,TPC,200,0.0487344399634981,0.00185500246330961,0.0178168769720561,0.000562374067563999
CHIMNEY,0.56,EMCAL,200,20.0157682586473,1.69778769795422,0.872642932658703,0.0655269687387295
CHIMNEY,0.56,MAGNET,200,1.57640107490913,0,0.360570155510503,2.52661480871039e-08
CHIMNEY,0.56,IHCAL,200,1.26969051399764,0.0881088494864528,0.335454698059104,0.0211816461617614
CHIMNEY,0.56,OHCAL,200,41.2233272195409,1.37744240188539,4.50628410970029,0.12860233929294
CHIMNEY,0.56,OTHER,200,0.0022153316999309,0.0113499358702376,0.000546353562884713,0.00279108625095086
CHIMNEY,0.58,PIPE,200,0.00333647296263018,0.0032959695029276,0.00244090767446462,0.000416428037481761
CHIMNEY,0.58,MVTX,200,0.0219363180484503,0.0238491693220187,0.00845244195386679,0.00636498573944007
CHIMNEY,0.58,INTT,200,0.0597741411732247,0.0135985642061996,0.0263304706045739,0.00625435079799982
CHIMNEY,0.58,TPC,200,0.0493480846930789,0.00198681124740737,0.0180342679985351,0.000602112530343344
CHIMNEY,0.58,EMCAL,200,20.1815634624677,1.72200679088888,0.878212508590004,0.0670539854582924
CHIMNEY,0.58,MAGNET,200,1.5927329567815,0,0.364305746205176,0
CHIMNEY,0.58,IHCAL,200,1.2643531888953,0.0887323490519031,0.333729856128466,0.0225148511285026
CHIMNEY,0.58,OHCAL,200,41.6521500966222,1.16203986438412,4.55268724130212,0.10534111190597
CHIMNEY,0.58,OTHER,200,0.0034868070374502,0.0140914115612754,0.000837217266776507,0.00340613458495524
CHIMNEY,0.6,PIPE,200,0.00306965669475556,0.00259472639289008,0.002426375946067,0.000317390143349588
CHIMNEY,0.6,MVTX,200,0.024834216640417,0.0267499868751736,0.00929775979191793,0.00695769890449088
CHIMNEY,0.6,INTT,200,0.0604968668754087,0.0124045186555674,0.0265303606326843,0.00578312852802829
CHIMNEY,0.6,TPC,200,0.0497913876663047,0.00183125700621387,0.018202982183503,0.000558200454014063
CHIMNEY,0.6,EMCAL,200,20.0500470017206,1.8191486717531,0.87432087182535,0.0657012163946037
CHIMNEY,0.6,MAGNET,200,1.60970195307331,8.16170211889097e-08,0.368187064055804,2.58095682795178e-08
CHIMNEY,0.6,IHCAL,200,1.28663460998814,0.0877651028905641,0.339827682330613,0.02123544917621
CHIMNEY,0.6,OHCAL,200,42.2115738466961,1.06047390791054,4.61288094892323,0.0918556527533511
CHIMNEY,0.6,OTHER,200,0.00198284682209308,0.00957106044402439,0.000452351335606702,0.00229400300315454
CHIMNEY,0.62,PIPE,200,0.00318724743225397,0.00286607204224419,0.0024632009646701,0.000350577904981992
CHIMNEY,0.62,MVTX,200,0.0233785875979181,0.0268219242421659,0.00881086551779925,0.00699304708467315
CHIMNEY,0.62,INTT,200,0.0599253831437169,0.0123921563440307,0.0262030394106754,0.00571213839550158
CHIMNEY,0.62,TPC,200,0.050076217437948,0.00143843943931091,0.0183226637420129,0.000437278843523177
CHIMNEY,0.62,EMCAL,200,20.4848968542215,1.85262569408097,0.892363344674298,0.0718588522864149
CHIMNEY,0.62,MAGNET,200,1.62731485160933,2.98023223876953e-08,0.372215661641282,1.66600046865626e-08
CHIMNEY,0.62,IHCAL,200,1.30013914209493,0.0904951154364294,0.342466776289824,0.0227569486516039
CHIMNEY,0.62,OHCAL,200,42.5733555997736,0.992710120273237,4.65452730650835,0.0877570371098276
CHIMNEY,0.62,OTHER,200,0.00321979805070467,0.0131059065533978,0.000831868744047991,0.0033381410899921
CHIMNEY,0.64,PIPE,200,0.0033929110614777,0.00332929111523217,0.00251162477886978,0.000407238036996131
CHIMNEY,0.64,MVTX,200,0.022831178386525,0.0241599150529419,0.00883722232907388,0.00625781958329296
CHIMNEY,0.64,INTT,200,0.0610583283414644,0.0131592438468586,0.0266958760641459,0.00604413418210086
CHIMNEY,0.64,TPC,200,0.0508215458588694,0.00174134754313948,0.018583450102222,0.000528147095233586
CHIMNEY,0.64,EMCAL,200,20.5378221567057,1.88695031903499,0.894362559871287,0.0728651897936091
CHIMNEY,0.64,MAGNET,200,1.64557869778381,0,0.376393150454357,0
CHIMNEY,0.64,IHCAL,200,1.31666915088279,0.0959096520849962,0.347147972466524,0.0229725908766108
CHIMNEY,0.64,OHCAL,200,43.1928978220299,1.3339781796159,4.72031522069764,0.126914561580607
CHIMNEY,0.64,OTHER,200,0.0030408664932754,0.0115752039131415,0.000673894603692804,0.00265078239648739
CHIMNEY,0.66,PIPE,200,0.0034319339636506,0.00336763813868504,0.0025405044492532,0.000411936064240685
CHIMNEY,0.66,MVTX,200,0.0227497893975093,0.0262250710552079,0.00863682451689523,0.00641613189126963
CHIMNEY,0.66,INTT,200,0.0624640055931437,0.0134155281169456,0.0273467300802425,0.00614361923355359
CHIMNEY,0.66,TPC,200,0.0511924478196792,0.00136512648581759,0.0187320422565408,0.000413467400015346
CHIMNEY,0.66,EMCAL,200,20.4342651980513,1.92858825086606,0.891810128020074,0.0733737846971121
CHIMNEY,0.66,MAGNET,200,1.66450079737875,0,0.380721201546257,0
CHIMNEY,0.66,IHCAL,200,1.32175300001371,0.088069066101683,0.348899891096025,0.0221123009482685
CHIMNEY,0.66,OHCAL,200,44.1276569554053,1.71731993550065,4.8193046372154,0.176736502726094
CHIMNEY,0.66,OTHER,200,0.00238599899360234,0.00905554552281302,0.000579742498300762,0.00238167798303904
CHIMNEY,0.68,PIPE,200,0.00329844270463505,0.0029660695490965,0.00254913520045763,0.000362810516974836
CHIMNEY,0.68,MVTX,200,0.0255550592634085,0.0264329547161468,0.00967799977911084,0.00691911890162388
CHIMNEY,0.68,INTT,200,0.0637677803755868,0.0135933321464008,0.0280705125959103,0.00628280667518689
CHIMNEY,0.68,TPC,200,0.051826468982622,0.00136986116015054,0.0189619612612319,0.000415108728119535
CHIMNEY,0.68,EMCAL,200,20.5407327358652,1.94571652576428,0.897824214016941,0.0785465719859582
CHIMNEY,0.68,MAGNET,200,1.68410528017322,0.000233617221166644,0.385205334120394,5.34352648535723e-05
CHIMNEY,0.68,IHCAL,200,1.34429967750227,0.0964769638816993,0.35418493032288,0.0235261147119725
CHIMNEY,0.68,OHCAL,200,44.4969755861612,2.02100516353312,4.85827427216656,0.213529544447063
CHIMNEY,0.68,OTHER,200,0.00257672980746652,0.0103221568794808,0.00061612908256554,0.00259079332075938
CHIMNEY,0.7,PIPE,200,0.00386600646285057,0.00417888449478173,0.00264437329174876,0.000511154159467935
CHIMNEY,0.7,MVTX,200,0.0235899858607954,0.0257912803668384,0.00905724717926966,0.00696630632604124
CHIMNEY,0.7,INTT,200,0.0627504767255789,0.0149525397939766,0.0276460766301692,0.00666203016488603
CHIMNEY,0.7,TPC,200,0.0523965517204666,0.001308802892973,0.0191743625197343,0.000397000760877862
CHIMNEY,0.7,EMCAL,200,20.7200750372204,2.21389452372747,0.906598779946897,0.0815510739703338
CHIMNEY,0.7,MAGNET,200,1.70781610377932,0.0240914946848425,0.390628709865952,0.00551044662633569
CHIMNEY,0.7,IHCAL,200,1.35775852074866,0.100708443393826,0.358510235375893,0.0243436834171651
CHIMNEY,0.7,OHCAL,200,44.8597822210069,2.79623336400245,4.89211988657135,0.299013660495925
CHIMNEY,0.7,OTHER,200,0.00336727337313379,0.0121606456027103,0.000701119657418301,0.00263716283000091
CHIMNEY,0.72,PIPE,200,0.00397987139415869,0.00431616474870052,0.0026876768771095,0.000536788289453003
CHIMNEY,0.72,MVTX,200,0.0269297788114053,0.0316253039685337,0.00983508638534121,0.00846266364123041
CHIMNEY,0.72,INTT,200,0.062482165261206,0.0152463498966385,0.0275225659492785,0.00673480674532111
CHIMNEY,0.72,TPC,200,0.0529186732701529,0.00104118955594316,0.0193731564299036,0.00031610535408084
CHIMNEY,0.72,EMCAL,200,20.6768515661056,2.21532275122184,0.903422617051913,0.082987741147969
CHIMNEY,0.72,MAGNET,200,1.73203931686878,0.0382735117596665,0.396169284437772,0.00875429883089175
CHIMNEY,0.72,IHCAL,200,1.38118535511208,0.10973984365877,0.364612388244334,0.0272659260369317
CHIMNEY,0.72,OHCAL,200,43.9986214436412,3.35022896850216,4.79738911724748,0.361882775219234
CHIMNEY,0.72,OTHER,200,0.00480247679803619,0.0138690841358983,0.00115205156296223,0.00346148734563739
CHIMNEY,0.74,PIPE,200,0.00387242997573255,0.00411190860853955,0.0026994104042168,0.000502970790672339
CHIMNEY,0.74,MVTX,200,0.0237840700407754,0.0263505119683754,0.00922014594869979,0.00703729736004089
CHIMNEY,0.74,INTT,200,0.0631963041444017,0.0151211368145257,0.0277793294282754,0.00674895255731336
CHIMNEY,0.74,TPC,200,0.0536821473673826,0.00125324675691659,0.0196456695587968,0.000379263126852029
CHIMNEY,0.74,EMCAL,200,20.932227632622,2.10349477245734,0.914734646153097,0.082924609979207
CHIMNEY,0.74,MAGNET,200,1.75809247211317,0.045943416804079,0.402128421606307,0.0105086359083069
CHIMNEY,0.74,IHCAL,200,1.41837327117139,0.116213309631604,0.374228608165718,0.0274149328471658
CHIMNEY,0.74,OHCAL,200,43.4664777420202,3.45281388943403,4.73982483302998,0.37401846876465
CHIMNEY,0.74,OTHER,200,0.00307949878325328,0.00995804381778892,0.000816282372480878,0.00277435264127872
CHIMNEY,0.76,PIPE,200,0.00407964309549336,0.00442161921172774,0.00275615318390953,0.000550453674664617
CHIMNEY,0.76,MVTX,200,0.025505304227117,0.0275020341806623,0.00959453367246553,0.0075585362906965
CHIMNEY,0.76,INTT,200,0.0639624133169043,0.016566669379412,0.0281554653631845,0.00716884589858915
CHIMNEY,0.76,TPC,200,0.0541865179297933,0.00083709910991604,0.0198422478969874,0.000253890422430013
CHIMNEY,0.76,EMCAL,200,20.835565229572,2.28279564544435,0.91353859158401,0.0858279339147019
CHIMNEY,0.76,MAGNET,200,1.80563784867418,0.0869292878411864,0.413003473706483,0.0198833325694825
CHIMNEY,0.76,IHCAL,200,1.436984447539,0.12922388740023,0.378800452806396,0.0309871176895923
CHIMNEY,0.76,OHCAL,200,41.7463034506026,3.11375752561757,4.5531202841836,0.335774389774915
CHIMNEY,0.76,OTHER,200,0.00492018053972621,0.0136519858719689,0.00122680097127066,0.00353829088188977
CHIMNEY,0.78,PIPE,200,0.00332534790467606,0.00259070426749876,0.00269029872116694,0.000316901402437339
CHIMNEY,0.78,MVTX,200,0.026227265274918,0.0293621847311692,0.00968643754427874,0.00713732848273718
CHIMNEY,0.78,INTT,200,0.0670429363083457,0.0140490360602378,0.0294645578849836,0.00657446979887615
CHIMNEY,0.78,TPC,200,0.0547826987375381,0.00037144387849992,0.0200674432940905,0.000112658157322135
CHIMNEY,0.78,EMCAL,200,21.3859895930088,2.28151966492966,0.931559128860381,0.0871183642122773
CHIMNEY,0.78,MAGNET,200,1.84570005128147,0.10331305667047,0.422166899724213,0.0236307913657805
CHIMNEY,0.78,IHCAL,200,1.47536640511539,0.140278094177578,0.387847961825533,0.032501665310367
CHIMNEY,0.78,OHCAL,200,41.4705653232866,2.56999383876453,4.52356976878817,0.275414301160407
CHIMNEY,0.78,OTHER,200,0.00473189764813371,0.0143245700166539,0.00121096885874327,0.00378463903843603
CHIMNEY,0.8,PIPE,200,0.00365498079527363,0.00344552610195473,0.0027613401909341,0.000421531403187378
CHIMNEY,0.8,MVTX,200,0.0284050985740657,0.0336722502686334,0.0103361356594075,0.00834247331770952
CHIMNEY,0.8,INTT,200,0.0672444795415247,0.0157730704190754,0.0296273976469294,0.00705829510939933
CHIMNEY,0.8,TPC,200,0.0556374541743321,0.000883017078733408,0.0203724446712661,0.000267817247056851
CHIMNEY,0.8,EMCAL,200,21.3068935669082,2.39654655038821,0.928590117991308,0.091925672127269
CHIMNEY,0.8,MAGNET,200,1.93087719357611,0.150919272961234,0.441649464112143,0.0345197593349144
CHIMNEY,0.8,IHCAL,200,1.48039153870823,0.145214462957378,0.388741655143759,0.0351667716353287
CHIMNEY,0.8,OHCAL,200,41.3839107975295,1.90972546097961,4.51475470276465,0.204170517559418
CHIMNEY,0.8,OTHER,200,0.00513182771245415,0.0146261089713752,0.00119184175896221,0.00347100805081122
CHIMNEY,0.82,PIPE,200,0.00379489991503145,0.00372381187845917,0.00280919059773189,0.000455504969790203
CHIMNEY,0.82,MVTX,200,0.0266424221898551,0.028526640880596,0.0100390506479544,0.00729239483732718
CHIMNEY,0.82,INTT,200,0.0677037627838669,0.0169501844223198,0.0298868155866422,0.00745291016450622
CHIMNEY,0.82,TPC,200,0.0564083647216727,0.00093575830129839,0.0206534152022752,0.000283813550384141
CHIMNEY,0.82,EMCAL,200,21.1224149166821,2.37004108009676,0.927328046387899,0.0877241077882995
CHIMNEY,0.82,MAGNET,200,2.02054686916207,0.176453109617922,0.462159605462098,0.0403601127834262
CHIMNEY,0.82,IHCAL,200,1.49927994708945,0.137607516496491,0.394692767760522,0.0333007926372784
CHIMNEY,0.82,OHCAL,200,41.6314128296987,1.5265450503423,4.54128510392509,0.161432965781255
CHIMNEY,0.82,OTHER,200,0.00620538525408278,0.0159982319273524,0.00141893102420729,0.0037328198166329
CHIMNEY,0.84,PIPE,200,0.00365425535032936,0.00328607011340385,0.00282411308601771,0.000401958388842779
CHIMNEY,0.84,MVTX,200,0.0298322280616586,0.0317761106317582,0.0108040455859223,0.00795342518203002
CHIMNEY,0.84,INTT,200,0.0696065548216748,0.0148517577020938,0.0304735048787578,0.00667051634101174
CHIMNEY,0.84,TPC,200,0.057062061201657,0.000522482165723968,0.0208999235998744,0.000157143882461366
CHIMNEY,0.84,EMCAL,200,21.7888957571022,2.61589302192064,0.953436719483428,0.0999448700506119
CHIMNEY,0.84,MAGNET,200,2.1342272874982,0.168188819630291,0.488161723051572,0.0384698220614301
CHIMNEY,0.84,IHCAL,200,1.53710677386435,0.145122092514227,0.404306529246149,0.0341728397060363
CHIMNEY,0.84,OHCAL,200,41.8548841650576,1.30063767512175,4.56739662289859,0.136090351279933
CHIMNEY,0.84,OTHER,200,0.00634890272026728,0.0158797778495659,0.00151781410987931,0.00397250265881427
CHIMNEY,0.86,PIPE,200,0.00429105842159994,0.00463841614427154,0.00293509890658457,0.000567375012961573
CHIMNEY,0.86,MVTX,200,0.0295898665986712,0.0327173321400575,0.0109836440613145,0.00896758257984201
CHIMNEY,0.86,INTT,200,0.0686300023390658,0.016794925741247,0.0301415493716792,0.00731393828180389
CHIMNEY,0.86,TPC,200,0.0579296315298329,0.000788096548678571,0.0212133820410665,0.000238988120716668
CHIMNEY,0.86,EMCAL,200,21.9117289953873,2.67707140726995,0.958485094087001,0.0994493171711316
CHIMNEY,0.86,MAGNET,200,2.22174007415437,0.183304821259239,0.508178519281929,0.0419273045161341
CHIMNEY,0.86,IHCAL,200,1.55332679930361,0.141703418834065,0.408698881585092,0.034101609264724
CHIMNEY,0.86,OHCAL,200,42.3579977540433,1.65799344608598,4.62195245572592,0.172481332057526
CHIMNEY,0.86,OTHER,200,0.00453375876424818,0.0107953454695962,0.00108078383340397,0.0029249436971509
CHIMNEY,0.88,PIPE,200,0.00415360101447739,0.00431685847608092,0.00295233220544425,0.00052804051925587
CHIMNEY,0.88,MVTX,200,0.0274913862618376,0.0301899389273836,0.0102516455083757,0.00751280204850797
CHIMNEY,0.88,INTT,200,0.0698636494015157,0.0176507700555501,0.0308035682417552,0.00777159404877039
CHIMNEY,0.88,TPC,200,0.0587199979796476,0.000701456690282598,0.021504632530497,0.000212928702857484
CHIMNEY,0.88,EMCAL,200,21.9096986878275,2.44616429538005,0.958038573219863,0.0929945973669243
CHIMNEY,0.88,MAGNET,200,2.3249440338442,0.16921189883285,0.53178435689962,0.0387038309269901
CHIMNEY,0.88,IHCAL,200,1.55999168383517,0.133776595096905,0.411049880702855,0.0316405608407827
CHIMNEY,0.88,OHCAL,200,43.1181573162792,1.52502829094181,4.70440424008719,0.158941105880019
CHIMNEY,0.88,OTHER,200,0.00546659301857303,0.012938035112379,0.0013183612255842,0.00339913546667065
CHIMNEY,0.9,PIPE,200,0.00411264872673221,0.0041649172146863,0.00298233773209632,0.000509455147800056
CHIMNEY,0.9,MVTX,200,0.0311244776527569,0.0327024099005807,0.0114705979300873,0.00829915373878958
CHIMNEY,0.9,INTT,200,0.0719282783492101,0.0167713897080332,0.0315139281257822,0.00741816440433808
CHIMNEY,0.9,TPC,200,0.06342327368826,0.0418462290854807,0.0226271889148628,0.00897227310992357
CHIMNEY,0.9,EMCAL,200,22.4774814833233,2.82134509188372,0.982796923915337,0.107885914452087
CHIMNEY,0.9,MAGNET,200,2.39294267953345,0.232230674989357,0.547337684438485,0.0531181131045821
CHIMNEY,0.9,IHCAL,200,1.57168261933301,0.129489737505457,0.413633434855904,0.0307656286318978
CHIMNEY,0.9,OHCAL,200,43.6844437178458,2.01247018134014,4.76422851825891,0.209019649733332
CHIMNEY,0.9,OTHER,200,0.00652712383989031,0.0147088008490497,0.00157534835061785,0.00378980592048306
CHIMNEY,0.92,PIPE,200,0.00356092349455886,0.00247757678774594,0.00295087518610397,0.000303058605911827
CHIMNEY,0.92,MVTX,200,0.0296702796391847,0.0312425803468748,0.0109634138828904,0.00770538308821491
CHIMNEY,0.92,INTT,200,0.0719104042118106,0.0154583637221045,0.0314450260277037,0.00695009984298522
CHIMNEY,0.92,TPC,200,0.0603611491814019,0.000471147710610645,0.0221097285653423,0.000142898122644145
CHIMNEY,0.92,EMCAL,200,22.4958892609351,2.77274994600846,0.982855013806421,0.104916720222116
CHIMNEY,0.92,MAGNET,200,2.46642874901092,0.178460611532167,0.564146150203374,0.0408192886168643
CHIMNEY,0.92,IHCAL,200,1.60962710047553,0.130100605911194,0.423311945549961,0.0296111888939386
CHIMNEY,0.92,OHCAL,200,45.0495453192404,2.05682144704842,4.91102351358437,0.215993049654815
CHIMNEY,0.92,OTHER,200,0.00673483066566877,0.0163414439894896,0.00159442376509392,0.00405264233953007
CHIMNEY,0.94,PIPE,200,0.00433723713256007,0.00450770407162862,0.00308285987496392,0.000551383691795155
CHIMNEY,0.94,MVTX,200,0.0266146078284906,0.0269270537696265,0.00988105279960682,0.00681418191791855
CHIMNEY,0.94,INTT,200,0.0699219800784216,0.0198233068387945,0.0309967924145701,0.0083170780667013
CHIMNEY,0.94,TPC,200,0.0722090271805924,0.0660721742383508,0.0247219293416492,0.0140833533639603
CHIMNEY,0.94,EMCAL,200,22.440718085932,2.86341666531544,0.983893806048333,0.108444322547449
CHIMNEY,0.94,MAGNET,200,2.34330664278897,0.457763008805684,0.53598443571724,0.104704114897623
CHIMNEY,0.94,IHCAL,200,1.60097976743323,0.123980501161257,0.42270403445204,0.0288981618426561
CHIMNEY,0.94,OHCAL,200,46.1262491919704,1.81832991711913,5.02660088679179,0.191390651715417
CHIMNEY,0.94,OTHER,200,0.00881714744244598,0.0166392872600308,0.0021158358007653,0.00424655308919028
CHIMNEY,0.96,PIPE,200,0.0035622285234733,0.00208849949106187,0.00302609820365886,0.000255457420270485
CHIMNEY,0.96,MVTX,200,0.0317496250423203,0.0333467263833679,0.0116066236475884,0.00820770016956625
CHIMNEY,0.96,INTT,200,0.0750131793595217,0.0162884975607422,0.0329076141543499,0.00734894957533421
CHIMNEY,0.96,TPC,200,0.0640493262064349,0.0255179283037182,0.0231626158696564,0.00537424758520076
CHIMNEY,0.96,EMCAL,200,22.7520663496515,2.99653449100849,0.999268321331434,0.11122342590977
CHIMNEY,0.96,MAGNET,200,2.30027230831296,0.498590464971644,0.526141194094735,0.114042577331558
CHIMNEY,0.96,IHCAL,200,1.62026383322022,0.109308469036309,0.428519171160095,0.0266064189112141
CHIMNEY,0.96,OHCAL,200,46.786279746669,1.54337731171446,5.10028899187553,0.163796561126781
CHIMNEY,0.96,OTHER,200,0.00664914312398173,0.0151572234701443,0.00160874631641833,0.00379262591301906
CHIMNEY,0.98,PIPE,200,0.00521404327459728,0.00594229522144402,0.00326722620101733,0.00072686066574102
CHIMNEY,0.98,MVTX,200,0.0265231552792298,0.0268196863918627,0.0102956350973733,0.00739785057654203
CHIMNEY,0.98,INTT,200,0.0746583496650791,0.0209116960528556,0.0331174302810564,0.00895067613534924
CHIMNEY,0.98,TPC,200,0.104875482210414,0.138805128442223,0.0320530268244921,0.0299705349544468
CHIMNEY,0.98,EMCAL,200,22.7908403367529,3.68214603593571,0.997234839898464,0.151828931235446
CHIMNEY,0.98,MAGNET,200,2.01673097904783,0.636382058621482,0.461286797067202,0.145559643096838
CHIMNEY,0.98,IHCAL,200,1.6418272946313,0.11426624272044,0.433090791064709,0.0302515213032131
CHIMNEY,0.98,OHCAL,200,46.0403761576923,2.61069050100583,5.02166571895959,0.280801080261209
CHIMNEY,0.98,OTHER,200,0.00658052265960049,0.0134793237725427,0.00148450648224376,0.00333360348918371
CHIMNEY,1,PIPE,200,0.00453101269371241,0.00469151568014687,0.00322446389948572,0.000576636695361886
CHIMNEY,1,MVTX,200,0.0301535788204498,0.0283154738852626,0.0115091156229737,0.00774885402702429
CHIMNEY,1,INTT,200,0.078520891049087,0.0195652279624929,0.0348686569431217,0.00867576835097908
CHIMNEY,1,TPC,200,0.103224536438008,0.161392785921306,0.0319049665824817,0.0354528758295135
CHIMNEY,1,EMCAL,200,23.2878488694201,4.35557553301905,1.01446060473068,0.176682350708103
CHIMNEY,1,MAGNET,200,1.74331110718757,0.628761262429033,0.398747480591541,0.143816538685175
CHIMNEY,1,IHCAL,200,1.65771303291833,0.120142783722016,0.435973705248223,0.0326835395157956
CHIMNEY,1,OHCAL,200,45.2900925953947,3.42960490534393,4.9413458988172,0.367651169735839
CHIMNEY,1,OTHER,200,0.00870566376079487,0.0156701627491156,0.00195425558288517,0.00383960213534603
CHIMNEY,1.02,PIPE,200,0.00474888295896699,0.00502117550048369,0.0032951264438172,0.000619747109277205
CHIMNEY,1.02,MVTX,200,0.0334006924005858,0.034905980329808,0.0121741038064852,0.00897356870122215
CHIMNEY,1.02,INTT,200,0.0760859240786555,0.021370893350236,0.0338094125707757,0.00915620273235607
CHIMNEY,1.02,TPC,200,0.128693821146981,0.201531187593264,0.0377766519489204,0.0463759394967187
CHIMNEY,1.02,EMCAL,200,22.7193717876141,5.3191047314282,0.990131141646038,0.223673763403344
CHIMNEY,1.02,MAGNET,200,1.50455985037934,0.628416313981586,0.344137915065436,0.143737638640433
CHIMNEY,1.02,IHCAL,200,1.67559586869394,0.15888686131814,0.439301639521562,0.0466254745826224
CHIMNEY,1.02,OHCAL,200,42.6679117464595,5.30702245388326,4.65407280408777,0.576682488144989
CHIMNEY,1.02,OTHER,200,0.0093470260198662,0.015601023156873,0.00232555277613136,0.00434856032357904
CHIMNEY,1.04,PIPE,200,0.00478988293704953,0.00508604630217257,0.00333896047496858,0.000622120329099047
CHIMNEY,1.04,MVTX,200,0.0384567913306569,0.0395810964260781,0.0133806280021582,0.00975473080959195
CHIMNEY,1.04,INTT,200,0.075837548346907,0.0204580950481883,0.0335406919359828,0.0086599374046651
CHIMNEY,1.04,TPC,200,0.165295851982832,0.194132623998763,0.0457562206259136,0.044626748942638
CHIMNEY,1.04,EMCAL,200,22.2008914767517,6.062017495628,0.965663786464526,0.259797517399333
CHIMNEY,1.04,MAGNET,200,1.23355905660945,0.576467063177543,0.282151914225699,0.131855288558842
CHIMNEY,1.04,IHCAL,200,1.6898644049769,0.16639897937204,0.439913905444535,0.0522177968404831
CHIMNEY,1.04,OHCAL,200,38.9331030710591,5.85768268667535,4.2478713930024,0.641658627433115
CHIMNEY,1.04,OTHER,200,0.0131087196659591,0.02039366681748,0.00310306459678922,0.00513883343811455
CHIMNEY,1.06,PIPE,200,0.00407223971548924,0.00317245349453657,0.00329456774582051,0.000388045954833307
CHIMNEY,1.06,MVTX,200,0.0329246709910741,0.0314762830796372,0.0123083407657943,0.00827126324104519
CHIMNEY,1.06,INTT,200,0.0785327706901987,0.0192833183972992,0.0345889704706977,0.00848474195925351
CHIMNEY,1.06,TPC,200,0.188303006310921,0.213964613895658,0.0501880498223773,0.046390379489953
CHIMNEY,1.06,EMCAL,200,22.4040134628755,6.5946766505545,0.969989544646249,0.279504068932423
CHIMNEY,1.06,MAGNET,200,1.02929027543554,0.530069810307576,0.235429523987503,0.121242846745105
CHIMNEY,1.06,IHCAL,200,1.70350117304726,0.178328837212068,0.439176456664305,0.0573648300893174
CHIMNEY,1.06,OHCAL,200,36.1594833246541,5.80558900439367,3.94099530689889,0.641286571632497
CHIMNEY,1.06,OTHER,200,0.0117474948156316,0.0191688629399609,0.00269350317436285,0.00469976809734891
CHIMNEY,1.08,PIPE,200,0.00477608149587598,0.00484219753016909,0.00343128757487322,0.000612845581306791
CHIMNEY,1.08,MVTX,200,0.0337278828392852,0.0366074325102689,0.0123436578761819,0.00937510161763822
CHIMNEY,1.08,INTT,200,0.0782763200120649,0.0208866116622854,0.034697809139741,0.00917874079048828
CHIMNEY,1.08,TPC,200,0.204925394719433,0.248316188043407,0.0539950898028493,0.0543333512148803
CHIMNEY,1.08,EMCAL,200,20.7010589338403,8.84759828169477,0.894422482533055,0.377739178162071
CHIMNEY,1.08,MAGNET,200,0.847992708084177,0.541694235202306,0.193961338578326,0.12390170099148
CHIMNEY,1.08,IHCAL,200,1.70949737281025,0.220323498411533,0.434849208304137,0.0711770519655534
CHIMNEY,1.08,OHCAL,200,32.0804655085741,5.6769084480097,3.47818970650646,0.652375318355381
CHIMNEY,1.08,OTHER,200,0.00916165867820208,0.0164817582467091,0.00206994983185702,0.00392667858092243
CHIMNEY,1.1,PIPE,200,0.00443742046399158,0.00399022220926456,0.00342937743410173,0.000488078341436885
CHIMNEY,1.1,MVTX,200,0.0325965542085102,0.0319991481300752,0.012237993940583,0.00797707182548304
CHIMNEY,1.1,INTT,200,0.0812729195952943,0.0193810632048519,0.0355717893352763,0.00850234152912712
CHIMNEY,1.1,TPC,200,0.247361656616788,0.306553195861742,0.0626061398857735,0.0618760227885606
CHIMNEY,1.1,EMCAL,200,19.4900426207796,9.53771129515186,0.847347290253179,0.407739008585193
CHIMNEY,1.1,MAGNET,200,0.650539848437444,0.54627761164068,0.14879795380144,0.124950056502937
CHIMNEY,1.1,IHCAL,200,1.66661882774282,0.27715069003147,0.419613674482554,0.0883658660031596
CHIMNEY,1.1,OHCAL,200,28.669426942276,5.17607443324368,3.08143653863882,0.605016273049139
CHIMNEY,1.1,OTHER,200,0.00902761168997601,0.0176953163639085,0.0020907010880576,0.00430246513182279
