phi,eta,subsystem,sumX0,sumLambdaI
0,-1.1,EMCAL,24.9267202540465,1.13412055951897
0,-1.1,IHCAL,1.95652857773899,0.514058817573704
0,-1.1,INTT,0.0913385764822513,0.0376441976737786
0,-1.1,MAGNET,0.482167250843284,0.11028609621359
0,-1.1,MVTX,0.0246907833624361,0.0109569020528339
0,-1.1,OHCAL,29.7969856371498,3.30288661618791
0,-1.1,OTHER,2.98678081881764e-25,5.37991795572163e-25
0,-1.1,PIPE,0.00359698263539662,0.00321939776082558
0,-1.1,TPC,0.0716021867289335,0.0254394718340524
0,-1.095,EMCAL,27.5824041887126,1.21658647098267
0,-1.095,IHCAL,1.96368648725208,0.520996913373031
0,-1.095,INTT,0.0909745454229059,0.0374941662447246
0,-1.095,MAGNET,0.649509014205864,0.148562171128425
0,-1.095,MVTX,0.0254448208026731,0.0113673762427366
0,-1.095,OHCAL,29.9742697064118,3.46429115850147
0,-1.095,OTHER,2.9109019099562e-25,5.24324160449013e-25
0,-1.095,PIPE,0.0035826468153122,0.00320656681006557
0,-1.095,TPC,0.063956359401321,0.0238265631836934
0,-1.09,EMCAL,29.6170974554989,1.27420612095095
0,-1.09,IHCAL,1.95587833014264,0.518925273127191
0,-1.09,INTT,0.0906127887319344,0.0373450721717795
0,-1.09,MAGNET,0.81696355223783,0.186864040988927
0,-1.09,MVTX,0.0246380161117521,0.0109462495266125
0,-1.09,OHCAL,31.2176733157882,3.59457833591154
0,-1.09,OTHER,2.83443749819952e-25,5.10551062028411e-25
0,-1.09,PIPE,0.00356840056158487,0.00319381602364292
0,-1.09,TPC,0.0685296290106922,0.0251051560522883
0,-1.085,EMCAL,23.2037517074978,1.01909817312845
0,-1.085,IHCAL,1.94811906574713,0.516866605046103
0,-1.085,INTT,0.0902532973654006,0.0371969117275838
0,-1.085,MAGNET,0.98454507697389,0.225194956513235
0,-1.085,MVTX,0.0258870150030064,0.0116203076168912
0,-1.085,OHCAL,32.4801894371419,3.72687931506746
0,-1.085,OTHER,2.78014401484014e-25,5.00771486501357e-25
0,-1.085,PIPE,0.00355424351805739,0.00318114508278717
0,-1.085,TPC,0.0682577489557257,0.0250055554662939
0,-1.08,EMCAL,20.9005144393811,0.897252101990278
0,-1.08,IHCAL,1.92018701880325,0.510195599049564
0,-1.08,INTT,0.0898960623360017,0.0370496812081187
0,-1.08,MAGNET,1.15226799902068,0.263558213838832
0,-1.08,MVTX,0.0238453757584322,0.0105412080476447
0,-1.08,OHCAL,33.7444653603426,3.85937366401456
0,-1.08,OTHER,2.73419612892328e-25,4.92495155847491e-25
0,-1.08,PIPE,0.00354017533080301,0.0031685536707242
0,-1.08,TPC,0.0679875753480469,0.0249065800204894
0,-1.075,EMCAL,20.1709573326287,0.928095849300466
0,-1.075,IHCAL,1.9122270980479,0.508094591472294
0,-1.075,INTT,0.0895410747128431,0.0369033769326133
0,-1.075,MAGNET,1.21108218608902,0.277010780520619
0,-1.075,MVTX,0.0225357945934949,0.00985206189736559
0,-1.075,OHCAL,35.0106152646647,3.99207342598762
0,-1.075,OTHER,2.68806915372957e-25,4.84186566863516e-25
0,-1.075,PIPE,0.00352619564811626,0.003156041472668
0,-1.075,TPC,0.0677191014332754,0.0248082272404811
0,-1.07,EMCAL,21.1838703205532,0.956337334048073
0,-1.07,IHCAL,1.92513240788483,0.510767855040846
0,-1.07,INTT,0.0891883256212159,0.0367579952434533
0,-1.07,MAGNET,1.20991110926026,0.276742920163897
0,-1.07,MVTX,0.0224470143203359,0.00981324947640574
0,-1.07,OHCAL,36.0591997186952,4.0938799499344
0,-1.07,OTHER,2.65096309370378e-25,4.77502863883334e-25
0,-1.07,PIPE,0.0035123041205043,0.00314360817581294
0,-1.07,TPC,0.0674523204995663,0.0247104946674456
0,-1.065,EMCAL,19.9842131457363,0.921469283633498
0,-1.065,IHCAL,1.91756658305667,0.50876051760073
0,-1.065,INTT,0.0888378062423748,0.036613532506089
0,-1.065,MAGNET,1.20877336944915,0.276482684981905
0,-1.065,MVTX,0.0242288445071154,0.0107709601870028
0,-1.065,OHCAL,37.4288474417504,4.23260553074723
0,-1.065,OTHER,2.63349720787071e-25,4.74356833474477e-25
0,-1.065,PIPE,0.00349850040067841,0.00313125346932612
0,-1.065,TPC,0.0671872258774011,0.0246133798580658
0,-1.06,EMCAL,21.7557368423201,0.966389607052004
0,-1.06,IHCAL,1.91004869578077,0.506765898808421
0,-1.06,INTT,0.0884895078133165,0.0364699851089442
0,-1.06,MAGNET,1.20766916784025,0.276230120991577
0,-1.06,MVTX,0.0229206058977376,0.0100823683750676
0,-1.06,OHCAL,38.7171608823991,4.36766390713305
0,-1.06,OTHER,2.61586382030704e-25,4.71180631934133e-25
0,-1.06,PIPE,0.00348478414354469,0.00311897704433906
0,-1.06,TPC,0.0669238109393731,0.0245168803844635
0,-1.055,EMCAL,24.8416412406739,1.12244470185419
0,-1.055,IHCAL,1.87837759638719,0.490241343237844
0,-1.055,INTT,0.0881434216265623,0.0363273494633266
0,-1.055,MAGNET,1.20659871103231,0.275985275448237
0,-1.055,MVTX,0.0221840317520682,0.00969828035340664
0,-1.055,OHCAL,40.0142557004572,4.50640011774542
0,-1.055,OTHER,2.59806001581744e-25,4.67973734164792e-25
0,-1.055,PIPE,0.00347115500619606,0.00310677859394055
0,-1.055,TPC,0.0666620691001041,0.0244209938341476
0,-1.05,EMCAL,27.3820882301966,1.19615763751344
0,-1.05,IHCAL,1.86959063056154,0.487452135924374
0,-1.05,INTT,0.0877995390299399,0.0361856220033377
0,-1.05,MAGNET,1.35269685290617,0.309402297660234
0,-1.05,MVTX,0.0220974830079681,0.00966044349877632
0,-1.05,OHCAL,41.5084006064497,4.68990920341889
0,-1.05,OTHER,2.58008282541764e-25,4.64735605380251e-25
0,-1.05,PIPE,0.00345761264790337,0.00309465781316871
0,-1.05,TPC,0.0664019938160347,0.0243257178099496
0,-1.045,EMCAL,25.5949398144263,1.1357132688434
0,-1.045,IHCAL,1.862314925273,0.485555161017364
0,-1.045,INTT,0.0874578514263659,0.0360447991857836
0,-1.045,MAGNET,1.3663313850863,0.312520923666492
0,-1.045,MVTX,0.0243339843534408,0.0108601700117275
0,-1.045,OHCAL,43.0053974195003,4.87375660396684
0,-1.045,OTHER,2.56192922503948e-25,4.61465700872355e-25
0,-1.045,PIPE,0.00344415673010693,0.00308261439900334
0,-1.045,TPC,0.0661435785852602,0.0242310499299627
0,-1.04,EMCAL,20.1148309977359,0.890813976254079
0,-1.04,IHCAL,1.85508577631152,0.483670324638853
0,-1.04,INTT,0.0871183502736326,0.0359048774900863
0,-1.04,MAGNET,1.36519898437149,0.312261909695784
0,-1.04,MVTX,0.0223949159699602,0.00983528896032219
0,-1.04,OHCAL,44.7107049664491,5.07307359597685
0,-1.04,OTHER,2.54359613419868e-25,4.58163465771042e-25
0,-1.04,PIPE,0.00343078691640819,0.00307064805035856
0,-1.04,TPC,0.0658868169474131,0.0241369878274882
0,-1.035,EMCAL,20.2118019427884,0.861057298523136
0,-1.035,IHCAL,1.84790300296487,0.481797579671687
0,-1.035,INTT,0.0867810270841935,0.0357658534181963
0,-1.035,MAGNET,1.251842404595,0.28633386368725
0,-1.035,MVTX,0.0218411428191334,0.00954837825090122
0,-1.035,OHCAL,47.1242730064309,5.33045188056036
0,-1.035,OTHER,2.51992724851664e-25,4.53900124374497e-25
0,-1.035,PIPE,0.00341750287256099,0.00305875846807492
0,-1.035,TPC,0.0656317024834124,0.0240435291509654
0,-1.03,EMCAL,20.2360430851536,0.923396738750532
0,-1.03,IHCAL,1.84076632684469,0.479936856694362
0,-1.03,INTT,0.0864458734249516,0.0356277234945048
0,-1.03,MAGNET,1.13751390013819,0.260183509385028
0,-1.03,MVTX,0.0217567909834406,0.00951150182735403
0,-1.03,OHCAL,49.5739073456557,5.59553846702271
0,-1.03,OTHER,2.47248059549607e-25,4.45353829349564e-25
0,-1.03,PIPE,0.00340430426646366,0.00304694535491234
0,-1.03,TPC,0.0653782288153833,0.0239506715639227
0,-1.025,EMCAL,19.970200973441,0.914649288804077
0,-1.025,IHCAL,1.83434549782314,0.478490648233636
0,-1.025,INTT,0.0861128809170476,0.0354904842657561
0,-1.025,MAGNET,1.02552883493195,0.234569169849897
0,-1.025,MVTX,0.0227205892795156,0.0100329804671948
0,-1.025,OHCAL,51.062172923286,5.74714599648977
0,-1.025,OTHER,2.424805152345e-25,4.36766323663192e-25
0,-1.025,PIPE,0.00339119076815026,0.0030352084155423
0,-1.025,TPC,0.0651263896064973,0.0238584127449186
0,-1.02,EMCAL,20.3302784692614,0.925187299698
0,-1.02,IHCAL,1.85160870349569,0.491260823950837
0,-1.02,INTT,0.0857820412356516,0.0353541323009625
0,-1.02,MAGNET,0.92158931594004,0.210795087782134
0,-1.02,MVTX,0.0244253151446568,0.0109491400645927
0,-1.02,OHCAL,50.7066480456488,5.70583989074818
0,-1.02,OTHER,2.37689480936109e-25,4.28136506809542e-25
0,-1.02,PIPE,0.00337816204978273,0.00302354735654076
0,-1.02,TPC,0.0648761785607347,0.0237667503874747
0,-1.015,EMCAL,21.8550187369893,0.998552756055216
0,-1.015,IHCAL,1.84451381920819,0.489378439426218
0,-1.015,INTT,0.0854533461097544,0.0352186641913179
0,-1.015,MAGNET,0.92233975749951,0.210966736250348
0,-1.015,MVTX,0.0233000590058299,0.010357561473582
0,-1.015,OHCAL,50.3694087583579,5.67501596934829
0,-1.015,OTHER,2.32874334930914e-25,4.19463258913492e-25
0,-1.015,PIPE,0.00336521778564232,0.00301196188638056
0,-1.015,TPC,0.0646275894228064,0.0236756822000273
0,-1.01,EMCAL,25.7627685396147,1.14411956907259
0,-1.01,IHCAL,1.83746504771511,0.48750828935442
0,-1.01,INTT,0.0851267873219603,0.0350840765501123
0,-1.01,MAGNET,0.92311987981568,0.211145173596869
0,-1.01,MVTX,0.0231254505668349,0.0102723936507017
0,-1.01,OHCAL,50.0168388849267,5.63448390093701
0,-1.01,OTHER,2.28034444467539e-25,4.10745440236076e-25
0,-1.01,PIPE,0.00335235765212186,0.00300045171542441
0,-1.01,TPC,0.064380615977997,0.02358520590587
0,-1.005,EMCAL,26.2324178424546,1.15671687439091
0,-1.005,IHCAL,1.8179056785515,0.478105958721567
0,-1.005,INTT,0.0848023567082832,0.0349503660126477
0,-1.005,MAGNET,0.923930024948529,0.21133047806106
0,-1.005,MVTX,0.0234957894344965,0.0104774979458012
0,-1.005,OHCAL,50.596568334394,5.66795531361776
0,-1.005,OTHER,2.25630067140448e-25,4.06414572476096e-25
0,-1.005,PIPE,0.0033395813277173,0.00298901655591743
0,-1.005,TPC,0.0641352520519316,0.0234953192430878
0,-1,EMCAL,24.7749092452921,1.08131184579306
0,-1,IHCAL,1.81076439022049,0.476150899921553
0,-1,INTT,0.0844800461579407,0.0348175292361539
0,-1,MAGNET,0.928713589874159,0.212424622677289
0,-1,MVTX,0.0212620294492763,0.0092952049828474
0,-1,OHCAL,50.1941350380608,5.59835229169653
0,-1,OTHER,2.25159698817899e-25,4.05567324841337e-25
0,-1,PIPE,0.00332688849301988,0.00297765612198002
0,-1,TPC,0.0638914915105078,0.0234060199645104
0,-0.995,EMCAL,20.4071969567192,0.886974820738519
0,-0.995,IHCAL,1.81659289902587,0.481970607258968
0,-0.995,INTT,0.0841598476131519,0.0346855628997043
0,-0.995,MAGNET,1.10160867446993,0.251970908538134
0,-0.995,MVTX,0.0211814415329749,0.00925997404673433
0,-0.995,OHCAL,49.792593013057,5.52880559230956
0,-0.995,OTHER,2.24670537861123e-25,4.04686227106272e-25
0,-0.995,PIPE,0.00331427883070805,0.00296637012960075
0,-0.995,TPC,0.0636493282596995,0.0233173058376511
0,-0.99,EMCAL,18.9601778161758,0.842394432630156
0,-0.99,IHCAL,1.80973109433759,0.480149906345759
0,-0.99,INTT,0.0838417530689369,0.0345544637041337
0,-0.99,MAGNET,1.27485192301736,0.291596829925871
0,-0.99,MVTX,0.0220252329633105,0.00971716006445458
0,-0.99,OHCAL,49.4295377829886,5.46830666379595
0,-0.99,OTHER,2.24162364760703e-25,4.03770883881105e-25
0,-0.99,PIPE,0.00330175202553961,0.00295515829662921
0,-0.99,TPC,0.0634087562454128,0.0232291746446522
0,-0.985,EMCAL,20.530558268652,0.925389353905437
0,-0.985,IHCAL,1.80291032808469,0.478340247410319
0,-0.985,INTT,0.0835257545729154,0.0344242283719555
0,-0.985,MAGNET,1.44771654904694,0.331136149000073
0,-0.985,MVTX,0.024904263267829,0.0112585790130314
0,-0.985,OHCAL,49.2445093964353,5.44846610966896
0,-0.985,OTHER,2.23634955122837e-25,4.02820890978077e-25
0,-0.985,PIPE,0.00328930776434377,0.00294402034276901
0,-0.985,TPC,0.0631697694533262,0.0231416241822284
0,-0.98,EMCAL,19.9432052639056,0.908547919191792
0,-0.98,IHCAL,1.79613287362703,0.47654214419951
0,-0.98,INTT,0.0832118442251085,0.0342948536472796
0,-0.98,MAGNET,1.62170969390646,0.370933594141613
0,-0.98,MVTX,0.0227486344347928,0.0101177087247861
0,-0.98,OHCAL,49.061022180303,5.42894801817638
0,-0.98,OTHER,2.23088079548035e-25,4.0183583519297e-25
0,-0.98,PIPE,0.00327694573601337,0.00293295598957071
0,-0.98,TPC,0.0629323619087746,0.0230546522616154
0,-0.975,EMCAL,19.6000835379455,0.897104019015915
0,-0.975,IHCAL,1.76681381733015,0.461183652360652
0,-0.975,INTT,0.0829000141777411,0.0341663362957309
0,-0.975,MAGNET,1.79610731859059,0.410823555937435
0,-0.975,MVTX,0.0208643652904407,0.00912135657954576
0,-0.975,OHCAL,48.8771583747535,5.40860225701118
0,-0.975,OTHER,2.22521503506071e-25,4.00815294079862e-25
0,-0.975,PIPE,0.00326466563149703,0.00292196496042491
0,-0.975,TPC,0.0626965276765569,0.0229682567085106
0,-0.97,EMCAL,22.4461834525171,1.02688904888294
0,-0.97,IHCAL,1.75865875195242,0.458529434433204
0,-0.97,INTT,0.082590256635046,0.0340386731043692
0,-0.97,MAGNET,1.97092884956486,0.450810477802236
0,-0.97,MVTX,0.0207864051768465,0.00908727445027054
0,-0.97,OHCAL,48.6945228467079,5.38839237695095
0,-0.97,OTHER,2.21934987207033e-25,3.99758835718861e-25
0,-0.97,PIPE,0.00325246714379152,0.0029110469805553
0,-0.97,TPC,0.0624622608607881,0.0228824353630188
0,-0.965,EMCAL,25.6488342550185,1.12748394243793
0,-0.965,IHCAL,1.75210588046224,0.456820955074458
0,-0.965,INTT,0.0822825638530683,0.033911860881608
0,-0.965,MAGNET,2.14357568547261,0.490299981750487
0,-0.965,MVTX,0.0217440710718957,0.00960487741598226
0,-0.965,OHCAL,48.5131097622567,5.36831773971889
0,-0.965,OTHER,2.21328285468351e-25,3.98666018476586e-25
0,-0.965,PIPE,0.00324034996793397,0.0029002017770118
0,-0.965,TPC,0.062229555604794,0.0227971860796029
0,-0.96,EMCAL,26.3599476642041,1.15082130361956
0,-0.96,IHCAL,1.74560029160064,0.455124692218554
0,-0.96,INTT,0.0819769281394724,0.033785896457135
0,-0.96,MAGNET,2.31931945670371,0.530497847592753
0,-0.96,MVTX,0.0254029696146937,0.0115615256540411
0,-0.96,OHCAL,48.3329095080763,5.34837731070991
0,-0.96,OTHER,2.20701147577644e-25,3.97536390759122e-25
0,-0.96,PIPE,0.00322831380099442,0.0028894290786638
0,-0.96,TPC,0.0619984060909312,0.0227125067270263
0,-0.955,EMCAL,22.2638054649757,0.986556391179182
0,-0.955,IHCAL,1.73913502386492,0.453439048355251
0,-0.955,INTT,0.0816733418533497,0.0336607766818331
0,-0.955,MAGNET,2.50337606201454,0.572597107645268
0,-0.955,MVTX,0.0235090257271076,0.0105598209314089
0,-0.955,OHCAL,49.3313751996859,5.428074144674
0,-0.955,OTHER,2.20053317151231e-25,3.96369490757164e-25
0,-0.955,PIPE,0.00321635834206807,0.00287872861619329
0,-0.955,TPC,0.0617688065404497,0.0226283951883009
0,-0.95,EMCAL,19.0560667014365,0.838423811993758
0,-0.95,IHCAL,1.73271386446035,0.451764884560765
0,-0.95,INTT,0.0813717974050271,0.0335364984277014
0,-0.95,MAGNET,2.51050448780273,0.574227592193841
0,-0.95,MVTX,0.0220426040445147,0.00978583161284361
0,-0.95,OHCAL,49.0739933849466,5.37369137967036
0,-0.95,OTHER,2.19384531988156e-25,3.95164846183087e-25
0,-0.95,PIPE,0.00320448329226775,0.00286810012208809
0,-0.95,TPC,0.0615407512133489,0.0225448493606338
0,-0.945,EMCAL,20.2932834724526,0.893122482504104
0,-0.945,IHCAL,1.72633602448701,0.450102015253728
0,-0.945,INTT,0.0810722872558779,0.0334130585877772
0,-0.945,MAGNET,2.69980766731912,0.617526900956867
0,-0.945,MVTX,0.0204777839033182,0.00895937110266599
0,-0.945,OHCAL,48.511880859885,5.29249560288339
0,-0.945,OTHER,2.18694523919557e-25,3.93921973999612e-25
0,-0.945,PIPE,0.00319268835471665,0.00285754333063532
0,-0.945,TPC,0.0613142344082337,0.0224618671553748
0,-0.94,EMCAL,18.7355721415648,0.868856714646542
0,-0.94,IHCAL,1.71313175316031,0.452445096548989
0,-0.94,INTT,0.0807748039181325,0.0332904540760579
0,-0.94,MAGNET,2.71136314979489,0.620169986006481
0,-0.94,MVTX,0.0203294900722001,0.00888752307810826
0,-0.94,OHCAL,48.0167719141949,5.23980801974446
0,-0.94,OTHER,2.20499375750574e-25,3.97172950673872e-25
0,-0.94,PIPE,0.0031809732345407,0.00284705797791465
0,-0.94,TPC,0.0610892504621639,0.0223794464979638
0,-0.935,EMCAL,19.7180040192876,0.895992168019803
0,-0.935,IHCAL,1.72612784793601,0.458372027337254
0,-0.935,INTT,0.080479339954692,0.0331686818274243
0,-0.935,MAGNET,2.70144532810168,0.617901483042884
0,-0.935,MVTX,0.0202551273821025,0.0088550136486024
0,-0.935,OHCAL,46.0033326879224,5.02783552646808
0,-0.935,OTHER,2.22593887233475e-25,4.00945674760062e-25
0,-0.935,PIPE,0.00316933763886128,0.00283664380179171
0,-0.935,TPC,0.0608657937505616,0.0222975853278833
0,-0.93,EMCAL,19.511700105646,0.884912370553291
0,-0.93,IHCAL,1.7308153718377,0.459212464235474
0,-0.93,INTT,0.0801858879789421,0.033047738797564
0,-0.93,MAGNET,2.69159504268236,0.615648427648546
0,-0.93,MVTX,0.0201812710712445,0.00882272559489899
0,-0.93,OHCAL,44.1153984587579,4.82903496183053
0,-0.93,OTHER,2.24674135957317e-25,4.04692708151751e-25
0,-0.93,PIPE,0.00315778127678788,0.00282630054191153
0,-0.93,TPC,0.0606438586869413,0.0222162815985941
0,-0.925,EMCAL,22.5131370560176,1.02128041676803
0,-0.925,IHCAL,1.72452682419244,0.457543927804527
0,-0.925,INTT,0.0798944406545681,0.032927621962895
0,-0.925,MAGNET,2.6818120472793,0.613410763496963
0,-0.925,MVTX,0.0203967729984994,0.00894454631826128
0,-0.925,OHCAL,43.6316455779101,4.77755387564523
0,-0.925,OTHER,2.26740173928426e-25,4.08414144524967e-25
0,-0.925,PIPE,0.00314630385941093,0.00281602793969216
0,-0.925,TPC,0.0604234397229626,0.0221355332775036
0,-0.92,EMCAL,24.1586978091883,1.07621123898093
0,-0.92,IHCAL,1.67841332333679,0.431930404220981
0,-0.92,INTT,0.0796049906953715,0.0328083283204898
0,-0.92,MAGNET,2.6720960973171,0.611188434646417
0,-0.92,MVTX,0.0226334534817222,0.010143111643861
0,-0.92,OHCAL,43.6057710658528,4.77411439616085
0,-0.92,OTHER,2.2879205279786e-25,4.12110076915815e-25
0,-0.92,PIPE,0.0031349050997943,0.00280582573831792
0,-0.92,TPC,0.0602045313481321,0.0220553383458988
0,-0.915,EMCAL,25.4298769511865,1.11514699942211
0,-0.915,IHCAL,1.71207119316565,0.454239363727385
0,-0.915,INTT,0.0793175308650884,0.0326898548880016
0,-0.915,MAGNET,2.6624469498965,0.608981385538569
0,-0.915,MVTX,0.0214379669311586,0.0095657458598529
0,-0.915,OHCAL,44.3883867802984,4.85549964278909
0,-0.915,OTHER,2.30829823862696e-25,4.15780597722796e-25
0,-0.915,PIPE,0.00312358471296844,0.00279569368273327
0,-0.915,TPC,0.0599871280897129,0.0219756947989005
0,-0.91,EMCAL,20.4174079605835,0.918158469753401
0,-0.91,IHCAL,1.70590923241417,0.452604496390435
0,-0.91,INTT,0.0790320539772081,0.0325721987035881
0,-0.91,MAGNET,2.65286436378832,0.606789560997078
0,-0.91,MVTX,0.0198908728809005,0.00869577107664216
0,-0.91,OHCAL,44.2239564624984,4.83568756979869
0,-0.91,OTHER,2.32853538067317e-25,4.1942579870912e-25
0,-0.91,PIPE,0.00311234241592309,0.0027856315196363
0,-0.91,TPC,0.0597712245126279,0.0218966006454174
0,-0.905,EMCAL,20.3222073405371,0.866816075387978
0,-0.905,IHCAL,1.69979326908011,0.450981710342828
0,-0.905,INTT,0.0787485528947935,0.0324553568258386
0,-0.905,MAGNET,2.64334809942741,0.604612906226215
0,-0.905,MVTX,0.0198195210216469,0.00866457790389014
0,-0.905,OHCAL,44.065317797617,4.81834115665028
0,-0.905,OTHER,2.34863246004685e-25,4.23045771005006e-25
0,-0.905,PIPE,0.00310117792760025,0.00277563899747241
0,-0.905,TPC,0.0595568152192535,0.0218180539080895
0,-0.9,EMCAL,19.5341379388631,0.874362640070193
0,-0.9,IHCAL,1.69371507875355,0.449369118818552
0,-0.9,INTT,0.0784670205303027,0.0323393263337002
0,-0.9,MAGNET,2.63389791890665,0.602451366809498
0,-0.9,MVTX,0.019748664651451,0.00863360134603697
0,-0.9,OHCAL,43.9077807679757,4.80111520228172
0,-0.9,OTHER,2.36858997917602e-25,4.26640605109947e-25
0,-0.9,PIPE,0.00309009096888708,0.00276571586642799
0,-0.9,TPC,0.0593438948493612,0.0217400526232454
0,-0.895,EMCAL,18.5837102393917,0.858920891709443
0,-0.895,IHCAL,1.66491310758916,0.434087218263454
0,-0.895,INTT,0.078187449845412,0.0322241043264045
0,-0.895,MAGNET,2.5429818416334,0.581656136050909
0,-0.895,MVTX,0.0196783019989001,0.00860284062866714
0,-0.895,OHCAL,43.7513414351404,4.78400927604329
0,-0.895,OTHER,2.3884084369997e-25,4.30210390894983e-25
0,-0.895,PIPE,0.00307908126260914,0.00275586187842434
0,-0.895,TPC,0.0591324580799544,0.0216625948408518
0,-0.89,EMCAL,19.6563313243411,0.889175939100615
0,-0.89,IHCAL,1.65900685313136,0.432547131908146
0,-0.89,INTT,0.0779098338508397,0.0321096879233953
0,-0.89,MAGNET,2.44756807590631,0.559832149190178
0,-0.89,MVTX,0.0196084313049239,0.00857229498276108
0,-0.89,OHCAL,43.596887304368,4.76711646990239
0,-0.89,OTHER,2.40808832898036e-25,4.33755217604943e-25
0,-0.89,PIPE,0.0030681485335231,0.00274607678711115
0,-0.89,TPC,0.0589224996250485,0.0215856786244542
0,-0.885,EMCAL,19.3453427391999,0.873667275756167
0,-0.885,IHCAL,1.65313984578998,0.43101734961099
0,-0.885,INTT,0.0776341656061715,0.0319960742642565
0,-0.885,MAGNET,2.35371160164508,0.538364361544835
0,-0.885,MVTX,0.0195390508227517,0.00854196364467608
0,-0.885,OHCAL,43.4438386279049,4.75037594456149
0,-0.885,OTHER,2.42763014711634e-25,4.37275173860682e-25
0,-0.885,PIPE,0.00305729250831017,0.00273636034786064
0,-0.885,TPC,0.0587140142357175,0.0215093020511481
0,-0.88,EMCAL,21.9519487376378,0.997067562482297
0,-0.88,IHCAL,1.64731064986822,0.429497538289555
0,-0.88,INTT,0.0773604382196869,0.0318832605086408
0,-0.88,MAGNET,2.31139582546608,0.528685475733184
0,-0.88,MVTX,0.0194701588178677,0.00851184585612709
0,-0.88,OHCAL,42.3970117723163,4.63987282526867
0,-0.88,OTHER,2.4470343799541e-25,4.40770347661289e-25
0,-0.88,PIPE,0.00304651291556924,0.00272671231776139
0,-0.88,TPC,0.0585069966998005,0.0214334632115136
0,-0.875,EMCAL,23.4301811763284,1.04733680986058
0,-0.875,IHCAL,1.64152257749694,0.427988450864903
0,-0.875,INTT,0.077088644848187,0.0317712438361985
0,-0.875,MAGNET,2.30327511055376,0.526828024932498
0,-0.875,MVTX,0.020571653953782,0.00910521095266934
0,-0.875,OHCAL,42.0957239280492,4.60758995402127
0,-0.875,OTHER,2.46630151260047e-25,4.44240826386291e-25
0,-0.875,PIPE,0.00303580948580984,0.00271713245561209
0,-0.875,TPC,0.0583014418418561,0.0213581602095765
0,-0.87,EMCAL,24.6559621648073,1.08419928101561
0,-0.87,IHCAL,1.63577471046261,0.426489872684532
0,-0.87,INTT,0.0768187786968233,0.0316600214465067
0,-0.87,MAGNET,2.29521197763916,0.524983744859875
0,-0.87,MVTX,0.0222349933980386,0.00999785496068811
0,-0.87,OHCAL,41.9483590160981,4.59146011593554
0,-0.87,OTHER,2.48543202673478e-25,4.47686696797836e-25
0,-0.87,PIPE,0.0030251819514457,0.00270762052191568
0,-0.87,TPC,0.0580973445229864,0.0212833911627562
0,-0.865,EMCAL,19.7845439160018,0.891122619049135
0,-0.865,IHCAL,1.63006294269062,0.42500085996943
0,-0.865,INTT,0.0765508330189281,0.0315495905590001
0,-0.865,MAGNET,2.28720622514355,0.523152589408216
0,-0.865,MVTX,0.0201312568847224,0.0088835248349681
0,-0.865,OHCAL,41.8020428986748,4.57544507333805
0,-0.865,OTHER,2.50442640062087e-25,4.51108045042865e-25
0,-0.865,PIPE,0.00301463004678792,0.00269817627887335
0,-0.865,TPC,0.0578946996407479,0.0212091542018226
0,-0.86,EMCAL,19.6329282461021,0.843572523764715
0,-0.86,IHCAL,1.63677295087077,0.430958685410304
0,-0.86,INTT,0.0762848011158453,0.0314399484129007
0,-0.86,MAGNET,2.2792576529227,0.52133451279854
0,-0.86,MVTX,0.0191994413074173,0.00839349521805247
0,-0.86,OHCAL,41.6567718268801,4.55954441630617
0,-0.86,OTHER,2.52328510911908e-25,4.54504956655261e-25
0,-0.86,PIPE,0.00300415350803831,0.00268879949037852
0,-0.86,TPC,0.0576935021290313,0.0211354474708505
0,-0.855,EMCAL,19.6139313824193,0.86846100852095
0,-0.855,IHCAL,1.64091808748448,0.435360976804196
0,-0.855,INTT,0.0760206763367636,0.0313310922671491
0,-0.855,MAGNET,2.27136606226187,0.519529469578836
0,-0.855,MVTX,0.0194665620852089,0.00854215886510448
0,-0.855,OHCAL,41.5125421690106,4.54375774733113
0,-0.855,OTHER,2.54200862369811e-25,4.57877516557993e-25
0,-0.855,PIPE,0.00299375207328287,0.002679489922011
0,-0.855,TPC,0.057493746957865,0.021062269127165
0,-0.85,EMCAL,18.7493428408537,0.858746285965104
0,-0.85,IHCAL,1.63525965168927,0.433859643409936
0,-0.85,INTT,0.0757584520785497,0.031223019400336
0,-0.85,MAGNET,2.26353125587091,0.517737414622931
0,-0.85,MVTX,0.0205184128598438,0.00910884549439326
0,-0.85,OHCAL,41.3693503193975,4.52808467175378
0,-0.85,OTHER,2.56059741244679e-25,4.61225809065233e-25
0,-0.85,PIPE,0.00298342548248518,0.00267024734103108
0,-0.85,TPC,0.0572954291333672,0.0209896173413047
0,-0.845,EMCAL,18.4594302578352,0.849992102583403
0,-0.845,IHCAL,1.62888224234438,0.43219535489641
0,-0.845,INTT,0.0754981217855836,0.0311157271106342
0,-0.845,MAGNET,2.25575303787923,0.515958303129357
0,-0.845,MVTX,0.0191793500630492,0.0084017157943393
0,-0.845,OHCAL,41.2271926983162,4.51252479775475
0,-0.845,OTHER,2.57905194008581e-25,4.64549917884467e-25
0,-0.845,PIPE,0.00297317347747998,0.00266107151637378
0,-0.845,TPC,0.0570985436975818,0.0209174902969712
0,-0.84,EMCAL,19.5554396552376,0.874617584780404
0,-0.84,IHCAL,1.71911816601198,0.452630920754065
0,-0.84,INTT,0.0752396789495942,0.0310092127157307
0,-0.84,MAGNET,2.24803121383099,0.514192090620234
0,-0.84,MVTX,0.0189364038294858,0.00827850208997988
0,-0.84,OHCAL,41.0860657518975,4.49707773634461
0,-0.84,OTHER,2.59737266797933e-25,4.67849926118592e-25
0,-0.84,PIPE,0.00296299580196651,0.00265196221864294
0,-0.84,TPC,0.0569030857283627,0.0208458861909846
0,-0.835,EMCAL,20.6654769484851,0.946718043295482
0,-0.835,IHCAL,1.61852161597924,0.429418867880847
0,-0.835,INTT,0.0749831171094974,0.0309034735527602
0,-0.835,MAGNET,2.24036559068018,0.512438732940157
0,-0.835,MVTX,0.0188718320678949,0.00825027299917161
0,-0.835,OHCAL,40.9459659520382,4.48174310135419
0,-0.835,OTHER,2.61556005414649e-25,4.71125916267982e-25
0,-0.835,PIPE,0.00295289220150241,0.00264291922010569
0,-0.835,TPC,0.0567090503392506,0.0207748032332384
0,-0.83,EMCAL,22.9923564648947,1.02552685566865
0,-0.83,IHCAL,1.70112938703813,0.445785814222521
0,-0.83,INTT,0.0747284298512336,0.030798506978238
0,-0.83,MAGNET,2.22084696285123,0.507974237968887
0,-0.83,MVTX,0.0213476953238785,0.00957542785545298
0,-0.83,OHCAL,40.8068897963132,4.46652050942491
0,-0.83,OTHER,2.6336145532729e-25,4.74377970232564e-25
0,-0.83,PIPE,0.0029428624234972,0.00263394229468665
0,-0.83,TPC,0.0565164326793429,0.0207042396466542
0,-0.825,EMCAL,24.7964958803324,1.07934648980632
0,-0.825,IHCAL,1.59641244824552,0.419809550523667
0,-0.825,INTT,0.0744756108076083,0.0306943103679943
0,-0.825,MAGNET,2.17483051186053,0.497448896953933
0,-0.825,MVTX,0.0197576256677361,0.00873439234723654
0,-0.825,OHCAL,40.6688335439778,4.45140955231208
0,-0.825,OTHER,2.65153661672197e-25,4.77606169313854e-25
0,-0.825,PIPE,0.00293290621720579,0.00262503121796211
0,-0.825,TPC,0.056325227933211,0.0206341936671413
0,-0.82,EMCAL,19.4846939912712,0.882772303259667
0,-0.82,IHCAL,1.60214974819324,0.425075169434956
0,-0.82,INTT,0.0742246536581321,0.0305908811171086
0,-0.82,MAGNET,2.1291463310183,0.486999556076897
0,-0.82,MVTX,0.0186809411655749,0.00816682047312475
0,-0.82,OHCAL,40.5317938532483,4.43640986374237
0,-0.82,OTHER,2.66932669254623e-25,4.80810594217001e-25
0,-0.82,PIPE,0.00292302333372263,0.00261618576715479
0,-0.82,TPC,0.0561354313206959,0.020564663543543
0,-0.815,EMCAL,18.6518949092316,0.815189845059562
0,-0.815,IHCAL,1.75037589261359,0.458782213060794
0,-0.815,INTT,0.0739755521288632,0.030488216639844
0,-0.815,MAGNET,2.08379086609222,0.476625402378359
0,-0.815,MVTX,0.0186182470230874,0.00813941222843977
0,-0.815,OHCAL,40.395767456785,4.42152108536798
0,-0.815,OTHER,2.68698522549849e-25,4.8399132505279e-25
0,-0.815,PIPE,0.002913213525975,0.00260740572112785
0,-0.815,TPC,0.0559470380968951,0.0204956475376053
0,-0.81,EMCAL,18.4345692980751,0.817113884896818
0,-0.81,IHCAL,1.59143566462128,0.422232564947591
0,-0.81,INTT,0.0737282999922504,0.0303863143695834
0,-0.81,MAGNET,2.03876057921298,0.466325626641613
0,-0.81,MVTX,0.0191662859341989,0.00843733048291675
0,-0.81,OHCAL,40.2607512456841,4.40674287557794
0,-0.81,OTHER,2.704512657043e-25,4.8714844133966e-25
0,-0.81,PIPE,0.0029034765487173,0.0025986908603798
0,-0.81,TPC,0.0557600435519681,0.0204271439239243
0,-0.805,EMCAL,19.4638974530577,0.876051024697713
0,-0.805,IHCAL,1.58613850730595,0.420827145904829
0,-0.805,INTT,0.0734828910669775,0.0302851717587646
0,-0.805,MAGNET,1.99405194872263,0.456099423357973
0,-0.805,MVTX,0.0217875593480724,0.00983973010535262
0,-0.805,OHCAL,40.1267416818169,4.39207484784543
0,-0.805,OTHER,2.72190942536647e-25,4.90282022005683e-25
0,-0.805,PIPE,0.00289381215852451,0.00259004096703858
0,-0.805,TPC,0.0555744430110337,0.0203591509899052
0,-0.8,EMCAL,19.1471811560905,0.867473074879563
0,-0.8,IHCAL,1.5738936476728,0.415233474027249
0,-0.8,INTT,0.0732393192178084,0.0301847862788172
0,-0.8,MAGNET,1.94966146902242,0.445945990691979
0,-0.8,MVTX,0.0213523819297161,0.00961374657255341
0,-0.8,OHCAL,39.993735281774,4.37751662149867
0,-0.8,OTHER,2.739175965389e-25,4.93392145390538e-25
0,-0.8,PIPE,0.00288422011378641,0.00258145582485643
0,-0.8,TPC,0.0553902318340548,0.0202916670357198
0,-0.795,EMCAL,17.9045934970334,0.826986944219837
0,-0.795,IHCAL,1.55440768341044,0.405275284972139
0,-0.795,INTT,0.0729975783554343,0.0300851554200988
0,-0.795,MAGNET,1.90558565042015,0.435864530446471
0,-0.795,MVTX,0.0207888867294229,0.0093193570748014
0,-0.795,OHCAL,39.8617287204622,4.36306783258897
0,-0.795,OTHER,2.756312708775e-25,4.96478889247471e-25
0,-0.795,PIPE,0.00287470017470137,0.00257293521920436
0,-0.795,TPC,0.0552074054157638,0.0202246903742679
0,-0.79,EMCAL,19.888466437475,0.884719908482923
0,-0.79,IHCAL,1.54929895095577,0.403943302107859
0,-0.79,INTT,0.0727576624363212,0.0299862766918329
0,-0.79,MAGNET,1.86182101897709,0.425854248027581
0,-0.79,MVTX,0.0187961792022088,0.00826350389715608
0,-0.79,OHCAL,39.7307186977831,4.34872811990348
0,-0.79,OTHER,2.77332008394394e-25,4.99542330745241e-25
0,-0.79,PIPE,0.00286525210327037,0.00256447893706673
0,-0.79,TPC,0.0550259591854762,0.0201582193311278
0,-0.785,EMCAL,23.9838218765757,1.04930034392173
0,-0.785,IHCAL,1.51973744356251,0.397019476307028
0,-0.785,INTT,0.0725195654625584,0.0298881476220461
0,-0.785,MAGNET,1.81836411635442,0.415914352409605
0,-0.785,MVTX,0.018251802723106,0.00797921233354035
0,-0.785,OHCAL,39.6007019385517,4.33449712495621
0,-0.785,OTHER,2.79019851608109e-25,5.02582546470044e-25
0,-0.785,PIPE,0.00285587566329129,0.00255608676703618
0,-0.785,TPC,0.054845888607049,0.0200922522445226
0,-0.78,EMCAL,23.3211966878938,1.02899693974175
0,-0.78,IHCAL,1.53919755613349,0.401309598953949
0,-0.78,INTT,0.0722832814817092,0.0297907657575065
0,-0.78,MAGNET,1.78938039142258,0.409284906152375
0,-0.78,MVTX,0.0181923345150772,0.00795321438330193
0,-0.78,OHCAL,39.4716751924136,4.32037449197904
0,-0.78,OTHER,2.80694842714813e-25,5.05599612427431e-25
0,-0.78,PIPE,0.00284657062035248,0.00254775849930789
0,-0.78,TPC,0.0546671891786861,0.0200267874652692
0,-0.775,EMCAL,21.2586705418989,0.94041374949269
0,-0.775,IHCAL,1.53420464123645,0.400007812822968
0,-0.775,INTT,0.0720488045866618,0.0296941286636625
0,-0.775,MAGNET,1.7835758907187,0.40795724293597
0,-0.775,MVTX,0.0181333211163587,0.00792741526383726
0,-0.775,OHCAL,39.3436352337642,4.30635986791283
0,-0.775,OTHER,2.82357023589371e-25,5.08593604044207e-25
0,-0.775,PIPE,0.00283733674182741,0.00253949392567476
0,-0.775,TPC,0.0544898564328999,0.0199618233567455
0,-0.77,EMCAL,18.7359297992295,0.818520853672926
0,-0.77,IHCAL,1.52925008126791,0.398716026846969
0,-0.77,INTT,0.0718161289154816,0.0295982339245816
0,-0.77,MAGNET,1.77781597950498,0.406639778671885
0,-0.77,MVTX,0.0180747610516126,0.0079018143301671
0,-0.77,OHCAL,39.216578861668,4.29245290239862
0,-0.77,OTHER,2.84006435786391e-25,5.11564596170322e-25
0,-0.77,PIPE,0.00282817379686872,0.00253129283952208
0,-0.77,TPC,0.0543138859363626,0.0198973582948453
0,-0.765,EMCAL,18.6911269511945,0.79836984304301
0,-0.765,IHCAL,1.52433375236652,0.397434208731902
0,-0.765,INTT,0.0715852486512648,0.0295030791428904
0,-0.765,MAGNET,1.77210051378334,0.405332480423446
0,-0.765,MVTX,0.0180166528568342,0.00787641094226675
0,-0.765,OHCAL,39.0905028997788,4.27865324776884
0,-0.765,OTHER,2.85643120541265e-25,5.14512663080731e-25
0,-0.765,PIPE,0.0028190815564022,0.00252315503582218
0,-0.765,TPC,0.0541392732897952,0.019833390667938
0,-0.76,EMCAL,18.3704530487658,0.840157299710578
0,-0.76,IHCAL,1.52136367925088,0.397308951866878
0,-0.76,INTT,0.0713561580219926,0.0294086619397144
0,-0.76,MAGNET,1.76642935066685,0.404035315508129
0,-0.76,MVTX,0.0179589950793156,0.00785120446505019
0,-0.76,OHCAL,38.9654043894082,4.26496057930209
0,-0.76,OTHER,2.87267118771196e-25,5.17437878477261e-25
0,-0.76,PIPE,0.00281005979312147,0.00251508031112964
0,-0.76,TPC,0.0539660141278944,0.0197699188768321
0,-0.755,EMCAL,18.195424332939,0.834260541685892
0,-0.755,IHCAL,1.53532650125075,0.407345922673774
0,-0.755,INTT,0.0711288513003874,0.0293149799546186
0,-0.755,MAGNET,1.76080234837612,0.402748251496744
0,-0.755,MVTX,0.0190710939494556,0.00844914858562303
0,-0.755,OHCAL,38.8412800886385,4.25137454267401
0,-0.755,OTHER,2.88878471076224e-25,5.20340315490449e-25
0,-0.755,PIPE,0.0028011082814819,0.00250706846357585
0,-0.755,TPC,0.0537941041191431,0.0197069413347261
0,-0.75,EMCAL,19.3134879352399,0.865449193698751
0,-0.75,IHCAL,1.53045846283778,0.406054355638625
0,-0.75,INTT,0.0709033228037694,0.0292220308455484
0,-0.75,MAGNET,1.75521936623581,0.401471256212622
0,-0.75,MVTX,0.020529789716155,0.00923170110226277
0,-0.75,OHCAL,38.7181268131945,4.23789478971824
0,-0.75,OTHER,2.90477217740242e-25,5.23220046681372e-25
0,-0.75,PIPE,0.00279222679769526,0.00249911929286422
0,-0.75,TPC,0.0536235389658109,0.0196444564671815
0,-0.745,EMCAL,18.8299501205957,0.822128566153196
0,-0.745,IHCAL,1.52562868571297,0.404772939925619
0,-0.745,INTT,0.0706795668939144,0.0291298122887714
0,-0.745,MAGNET,1.74968026467107,0.400204297730815
0,-0.745,MVTX,0.0179424869939942,0.00785868571522304
0,-0.745,OHCAL,44.4961810162845,4.84352264418214
0,-0.745,OTHER,2.92063398732e-25,5.2607714404346e-25
0,-0.745,PIPE,0.00278341511972401,0.0024912326002651
0,-0.745,TPC,0.0534543144037454,0.0195824627120716
0,-0.74,EMCAL,22.344755199318,0.994748514234261
0,-0.74,IHCAL,1.52083704913442,0.403501643499934
0,-0.74,INTT,0.0704575779769129,0.0290383219788188
0,-0.74,MAGNET,1.74418490520408,0.398947344377296
0,-0.74,MVTX,0.0177328394810421,0.00775233513326861
0,-0.74,OHCAL,44.35642689885,4.82831005817558
0,-0.74,OTHER,2.93637053706103e-25,5.28911679004295e-25
0,-0.74,PIPE,0.00277467302727563,0.00248340818861065
0,-0.74,TPC,0.0532864262022899,0.0195209585195462
0,-0.735,EMCAL,23.5897315772877,1.03022945729852
0,-0.735,IHCAL,1.48958583495672,0.386317756569885
0,-0.735,INTT,0.0702373505030306,0.0289475576284281
0,-0.735,MAGNET,1.73873315045057,0.397700364728165
0,-0.735,MVTX,0.0176774123920646,0.00772810385492909
0,-0.735,OHCAL,44.2177817078911,4.81321818158752
0,-0.735,OTHER,2.95198222004009e-25,5.31723722427399e-25
0,-0.735,PIPE,0.00276600030179757,0.00247564586229037
0,-0.735,TPC,0.0531198701643126,0.019459942352005
0,-0.73,EMCAL,21.5688720778605,0.959655162517346
0,-0.73,IHCAL,1.51136771941299,0.400989281635323
0,-0.73,INTT,0.0700188789665689,0.0288575169684858
0,-0.73,MAGNET,1.73332486411637,0.396463327608865
0,-0.73,MVTX,0.0176224272393175,0.00770406577958842
0,-0.73,OHCAL,44.1760823735186,4.85584087897602
0,-0.73,OTHER,2.96746942655007e-25,5.34513344614004e-25
0,-0.73,PIPE,0.00275739672647106,0.00246794542724554
0,-0.73,TPC,0.0529546421258356,0.0193994126840342
0,-0.725,EMCAL,18.3813361981064,0.812148727135357
0,-0.725,IHCAL,1.50668978954183,0.399748153388468
0,-0.725,INTT,0.0698021579057283,0.0287681977479706
0,-0.725,MAGNET,1.72795991099406,0.395236202093405
0,-0.725,MVTX,0.0175678826481692,0.00768022030629346
0,-0.725,OHCAL,44.0395965014899,4.84096973470831
0,-0.725,OTHER,2.98283254377194e-25,5.3728061530481e-25
0,-0.725,PIPE,0.00274886208620628,0.00246030669096489
0,-0.725,TPC,0.0527907379561627,0.0193393680023901
0,-0.72,EMCAL,18.240377369526,0.776653006755849
0,-0.72,IHCAL,1.50204952675444,0.398517018811501
0,-0.72,INTT,0.0695871819024709,0.0286795977338976
0,-0.72,MAGNET,1.72263815695952,0.394018957503582
0,-0.72,MVTX,0.0191329097009439,0.00851916748005044
0,-0.72,OHCAL,43.9039463404075,4.82605873355073
0,-0.72,OTHER,2.99807195578442e-25,5.40025603681729e-25
0,-0.72,PIPE,0.0027403961676369,0.00245272946247972
0,-0.72,TPC,0.0526281535577024,0.0192798068059549
0,-0.715,EMCAL,18.2326404276779,0.833353655622476
0,-0.715,IHCAL,1.49744681504668,0.397295847126602
0,-0.715,INTT,0.0693739455823853,0.0285917147112616
0,-0.715,MAGNET,1.71735946896862,0.392811563408219
0,-0.715,MVTX,0.0200822041220217,0.00903003826676445
0,-0.715,OHCAL,43.7694100258834,4.81127008846085
0,-0.715,OTHER,3.01318804357361e-25,5.42748378369613e-25
0,-0.715,PIPE,0.00273199875911445,0.00244521355235886
0,-0.715,TPC,0.052466884865815,0.0192207276056932
0,-0.71,EMCAL,18.5931781654627,0.842432868420289
0,-0.71,IHCAL,1.47824326481215,0.3872883188359
0,-0.71,INTT,0.0691624436145526,0.0285045464829825
0,-0.71,MAGNET,1.71212371505389,0.3916139896224
0,-0.71,MVTX,0.021971895429723,0.01004186832143
0,-0.71,OHCAL,43.6359678107421,4.79660171088054
0,-0.71,OTHER,3.02818118504249e-25,5.4544900743797e-25
0,-0.71,PIPE,0.00272366965070318,0.00243775877270409
0,-0.71,TPC,0.0523069278487618,0.0191621289246209
0,-0.705,EMCAL,19.3532253629258,0.863116396617317
0,-0.705,IHCAL,1.46827603875362,0.382818467240786
0,-0.705,INTT,0.0689526707114124,0.0284180908698502
0,-0.705,MAGNET,1.70693076432121,0.390426206206718
0,-0.705,MVTX,0.0205597157186724,0.00929456902788374
0,-0.705,OHCAL,44.3993134536759,4.87602195963411
0,-0.705,OTHER,3.04305175502038e-25,5.48127558402669e-25
0,-0.705,PIPE,0.00271540863417514,0.0024303649371457
0,-0.705,TPC,0.0521482785076694,0.0191040092977735
0,-0.7,EMCAL,18.5627948762162,0.818083788044283
0,-0.7,IHCAL,1.46384587308779,0.381663404866322
0,-0.7,INTT,0.0687446216286313,0.0283323457104696
0,-0.7,MAGNET,1.70178048694654,0.389248183466526
0,-0.7,MVTX,0.0173017207733843,0.00756386127336829
0,-0.7,OHCAL,44.6436389821279,4.90099659651178
0,-0.7,OTHER,3.0578001252723e-25,5.50784098227622e-25
0,-0.7,PIPE,0.00270721550300434,0.00242303186083728
0,-0.7,TPC,0.0519909328762422,0.0190463672721522
0,-0.695,EMCAL,21.0001119465693,0.946398124547418
0,-0.695,IHCAL,1.45945230341866,0.380517884045082
0,-0.695,INTT,0.0685382911649714,0.0282473088612075
0,-0.695,MAGNET,1.69667275417269,0.388079891951194
0,-0.695,MVTX,0.0172497912989802,0.00754115906093886
0,-0.695,OHCAL,44.5096238792655,4.88628446921805
0,-0.695,OTHER,3.07242666450829e-25,5.53418693326464e-25
0,-0.695,PIPE,0.00269909005236211,0.00241575936045157
0,-0.695,TPC,0.0518348870208315,0.0189892014067035
0,-0.69,EMCAL,23.0420421036284,1.00334589069708
0,-0.69,IHCAL,1.45509521990932,0.379381876139571
0,-0.69,INTT,0.0683336741621603,0.0281629781961382
0,-0.69,MAGNET,1.69160743830605,0.386921302453374
0,-0.69,MVTX,0.017198293070257,0.00751864537787875
0,-0.69,OHCAL,44.3767362896529,4.87169604886521
0,-0.69,OTHER,3.08693173839257e-25,5.5603140956421e-25
0,-0.69,PIPE,0.00269103207911176,0.0024085472541757
0,-0.69,TPC,0.0516801370403093,0.0189325102722802
0,-0.685,EMCAL,22.5755792200768,0.99411471558961
0,-0.685,IHCAL,1.450774513635,0.378255352750111
0,-0.685,INTT,0.0681307655047623,0.0280793516069905
0,-0.685,MAGNET,1.68658441271347,0.385772386008267
0,-0.685,MVTX,0.0171472247997562,0.00749631966134467
0,-0.685,OHCAL,44.2449620890657,4.85722983748747
0,-0.685,OTHER,3.10131570955276e-25,5.58622312258902e-25
0,-0.685,PIPE,0.00268304138180356,0.00240139536170663
0,-0.685,TPC,0.0515266790658917,0.0188762924515986
0,-0.68,EMCAL,18.3348034460956,0.818393788594918
0,-0.68,IHCAL,1.44649007658031,0.37713828571413
0,-0.68,INTT,0.0679295601200504,0.0279964270030955
0,-0.68,MAGNET,1.68160355181906,0.384633113892902
0,-0.68,MVTX,0.0180338784573115,0.00797352886329563
0,-0.68,OHCAL,44.1107948392731,4.84077306277996
0,-0.68,OTHER,3.11557893758888e-25,5.61191466183241e-25
0,-0.68,PIPE,0.00267511776066963,0.00239430350424667
0,-0.68,TPC,0.0513745092611409,0.0188205465392121
0,-0.675,EMCAL,18.1959965683816,0.781558500572056
0,-0.675,IHCAL,1.44224180163657,0.376030647105461
0,-0.675,INTT,0.0677300529778794,0.0279142023113337
0,-0.675,MAGNET,1.67666473110103,0.383503457625418
0,-0.675,MVTX,0.0193425889288067,0.00867555002129298
0,-0.675,OHCAL,43.222901568089,4.7469973150795
0,-0.675,OTHER,3.12972177908237e-25,5.6373893556621e-25
0,-0.675,PIPE,0.00266726101761903,0.002387271504499
0,-0.675,TPC,0.0512236238217905,0.0187652711414685
0,-0.67,EMCAL,18.3810772541813,0.834495004494044
0,-0.67,IHCAL,1.43802958259916,0.374932409233646
0,-0.67,INTT,0.0675322390905606,0.0278326754760836
0,-0.67,MAGNET,1.6717678270886,0.382383388964348
0,-0.67,MVTX,0.0192367983147952,0.00862394815229202
0,-0.67,OHCAL,42.6039690060216,4.68144388939029
0,-0.67,OTHER,3.14374458760502e-25,5.66264784094677e-25
0,-0.67,PIPE,0.00265947095623284,0.00238029918666333
0,-0.67,TPC,0.0510740189757239,0.0187104648764829
0,-0.665,EMCAL,18.3352901327777,0.832587974702564
0,-0.665,IHCAL,1.4534601539842,0.38562549533281
0,-0.665,INTT,0.0673361135127364,0.02775184445917
0,-0.665,MAGNET,1.66691271735892,0.381272879907919
0,-0.665,MVTX,0.0184144567181695,0.00819055966805194
0,-0.665,OHCAL,42.4802434932884,4.66784856254899
0,-0.665,OTHER,3.15764771372775e-25,5.68769074914984e-25
0,-0.665,PIPE,0.00265174738175905,0.00237338637643127
0,-0.665,TPC,0.0509256909827719,0.0186561263740917
0,-0.66,EMCAL,18.3752102367088,0.833966416031042
0,-0.66,IHCAL,1.44926311433598,0.384511954820178
0,-0.66,INTT,0.067141671341257,0.0276717072398133
0,-0.66,MAGNET,1.66209928053399,0.380171902693345
0,-0.66,MVTX,0.0194322930281811,0.00873749436731362
0,-0.66,OHCAL,42.3575759540298,4.65436950886621
0,-0.66,OTHER,3.17143150502946e-25,5.71251870634535e-25
0,-0.66,PIPE,0.00264409010110791,0.00236653290098223
0,-0.66,TPC,0.0507786361347465,0.0186022542758315
0,-0.655,EMCAL,18.5950443119733,0.827569518367328
0,-0.655,IHCAL,1.44510230613453,0.383408027079192
0,-0.655,INTT,0.0669489077150581,0.0275922618145788
0,-0.655,MAGNET,1.65732739627764,0.379080429796139
0,-0.655,MVTX,0.0183898614894599,0.00818677102721509
0,-0.655,OHCAL,42.2394345044867,4.64309025915333
0,-0.655,OTHER,3.18509630610563e-25,5.73713233323351e-25
0,-0.655,PIPE,0.00263649892284701,0.00235973858897898
0,-0.655,TPC,0.0506328507552828,0.0185488472348985
0,-0.65,EMCAL,19.5624627429383,0.866889004670382
0,-0.65,IHCAL,1.4409776253618,0.382313684512146
0,-0.65,INTT,0.066757817815039,0.0275135061973268
0,-0.65,MAGNET,1.65259694529252,0.377998433929422
0,-0.65,MVTX,0.0168016798392737,0.0073452564128369
0,-0.65,OHCAL,42.118871913223,4.629837643783
0,-0.65,OTHER,3.19864245857702e-25,5.76153224515627e-25
0,-0.65,PIPE,0.00262897365719651,0.00235300327056336
0,-0.65,TPC,0.0504883311997115,0.0184959039161109
0,-0.645,EMCAL,22.0121888675209,0.973436539281291
0,-0.645,IHCAL,1.40257422797267,0.360608820783926
0,-0.645,INTT,0.0665683968639423,0.0274354384191627
0,-0.645,MAGNET,1.6479078093171,0.37692588804324
0,-0.645,MVTX,0.0167540061692925,0.00732441472715416
0,-0.645,OHCAL,41.9993622965221,4.61670077465483
0,-0.645,OTHER,3.21207030109813e-25,5.78571905211271e-25
0,-0.645,PIPE,0.00262151411602435,0.00234632677735205
0,-0.645,TPC,0.0503450738550635,0.0184434229958861
0,-0.64,EMCAL,22.4327287632324,0.983502786494347
0,-0.64,IHCAL,1.43283623454357,0.380153645706485
0,-0.64,INTT,0.0663806401262343,0.0273580565283881
0,-0.64,MAGNET,1.64325987112274,0.375862765323891
0,-0.64,MVTX,0.0167067513503382,0.00730375615222102
0,-0.64,OHCAL,41.8809026666309,4.60367932334573
0,-0.64,OTHER,3.22538016936573e-25,5.80969335877426e-25
0,-0.64,PIPE,0.00261412011284164,0.00233970894243238
0,-0.64,TPC,0.0502030751398771,0.0183914031621961
0,-0.635,EMCAL,19.6931002706943,0.874262506518261
0,-0.635,IHCAL,1.42881932096753,0.37908789546785
0,-0.635,INTT,0.0661945429079868,0.0272813585904515
0,-0.635,MAGNET,1.63865301451075,0.374809039193251
0,-0.635,MVTX,0.0166599142010378,0.00728328017157215
0,-0.635,OHCAL,41.7634900620458,4.59077296431805
0,-0.635,OTHER,3.23857239612721e-25,5.83345576449981e-25
0,-0.635,PIPE,0.00260679146279787,0.00233314960035811
0,-0.635,TPC,0.050062331504184,0.0183398431145429
0,-0.63,EMCAL,18.1659611958246,0.7909564756272
0,-0.63,IHCAL,1.42483812775403,0.378031622401767
0,-0.63,INTT,0.0660101005567596,0.0272053426879006
0,-0.63,MAGNET,1.63408712430947,0.373764683308113
0,-0.63,MVTX,0.0166134935504601,0.00726298627330687
0,-0.63,OHCAL,41.647121547439,4.57798137491145
0,-0.63,OTHER,3.25164731118895e-25,5.85700686335079e-25
0,-0.63,PIPE,0.00259952798267649,0.00232664858714541
0,-0.63,TPC,0.0499228394293859,0.0182887415639229
0,-0.625,EMCAL,17.8112974239986,0.768759913698226
0,-0.625,IHCAL,1.42089255537532,0.376984800101876
0,-0.625,INTT,0.0658273084614844,0.0271300069203338
0,-0.625,MAGNET,1.62956208637141,0.372729671559524
0,-0.625,MVTX,0.0165674882380864,0.00724287395007671
0,-0.625,OHCAL,41.5317942135853,4.56530423533486
0,-0.625,OTHER,3.26460524142449e-25,5.88034724410586e-25
0,-0.625,PIPE,0.00259232949089005,0.00232020574026855
0,-0.625,TPC,0.04978459542818,0.018238097232795
0,-0.62,EMCAL,18.4085577317451,0.832199530665178
0,-0.62,IHCAL,1.39786774318943,0.364461146302914
0,-0.62,INTT,0.0656461620523492,0.0270553494043531
0,-0.62,MAGNET,1.62507778757037,0.371703978072137
0,-0.62,MVTX,0.0165218971137815,0.00722294269907251
0,-0.62,OHCAL,41.4175051772889,4.55274122865846
0,-0.62,OTHER,3.27744651078275e-25,5.90347749027576e-25
0,-0.62,PIPE,0.0025851958074759,0.00231382089865604
0,-0.62,TPC,0.0496475960444401,0.0181879088550468
0,-0.615,EMCAL,18.5409416629128,0.835581114176672
0,-0.615,IHCAL,1.39404538555657,0.363464555696905
0,-0.615,INTT,0.0654666568006844,0.0269813682735166
0,-0.615,MAGNET,1.62063411579867,0.370687577203562
0,-0.615,MVTX,0.0158035214016271,0.00705356046046266
0,-0.615,OHCAL,41.3042548136318,4.5402923799126
0,-0.615,OTHER,3.29017144029616e-25,5.92639818011786e-25
0,-0.615,PIPE,0.00257812675409158,0.00230749390268651
0,-0.615,TPC,0.0495118378531935,0.0181381751759677
0,-0.61,EMCAL,18.4159936539199,0.831832241135662
0,-0.61,IHCAL,1.36039673313821,0.355646912981934
0,-0.61,INTT,0.0652887882188493,0.0269080616782922
0,-0.61,MAGNET,1.61623095996427,0.369680443543723
0,-0.61,MVTX,0.0164319528805827,0.00718362142512721
0,-0.61,OHCAL,41.1920376033269,4.5279570958716
0,-0.61,OTHER,3.30278034808859e-25,5.94910988665059e-25
0,-0.61,PIPE,0.00257112215401039,0.00230122459418472
0,-0.61,TPC,0.0493773174604653,0.018088894952212
0,-0.605,EMCAL,17.8888072402825,0.785161374655799
0,-0.605,IHCAL,1.38650512866921,0.361498609568641
0,-0.605,INTT,0.0651125518601201,0.0268354277860113
0,-0.605,MAGNET,1.61186820998805,0.368682551914227
0,-0.605,MVTX,0.018937040059296,0.00852245826012587
0,-0.605,OHCAL,41.0808480825314,4.51573478925585
0,-0.605,OTHER,3.31527354938342e-25,5.9716131776678e-25
0,-0.605,PIPE,0.00256418183211696,0.00229501281641765
0,-0.605,TPC,0.0492440315032586,0.0180400669517738
0,-0.6,EMCAL,21.6504357650818,0.957843691813818
0,-0.6,IHCAL,1.38278704091228,0.360529204898633
0,-0.6,INTT,0.0649379433185788,0.0267634647808227
0,-0.6,MAGNET,1.60754575680102,0.367693877367731
0,-0.6,MVTX,0.0200391543978228,0.00911381537073659
0,-0.6,OHCAL,40.9706835360994,4.5036251612841
0,-0.6,OTHER,3.32765135651132e-25,5.99390861575295e-25
0,-0.6,PIPE,0.00255730561490289,0.00228885841409052
0,-0.6,TPC,0.0491119766493977,0.0179916899539482
0,-0.595,EMCAL,21.3905080939513,0.946170140826129
0,-0.595,IHCAL,1.37910352272403,0.359568813436501
0,-0.595,INTT,0.0647649582290026,0.0266921708636475
0,-0.595,MAGNET,1.60326349234165,0.36671439518732
0,-0.595,MVTX,0.0164181602235625,0.00718887452530359
0,-0.595,OHCAL,40.8615432623098,4.49162812453477
0,-0.595,OTHER,3.33991407891811e-25,6.01599675829313e-25
0,-0.595,PIPE,0.00255049333046238,0.00228276123334295
0,-0.595,TPC,0.0489811495975171,0.017943762749309
0,-0.59,EMCAL,21.649689774587,0.954952899610352
0,-0.59,IHCAL,1.37545448201847,0.358617411172899
0,-0.59,INTT,0.0645935922667552,0.0266215442521342
0,-0.59,MAGNET,1.59902130955308,0.365744080885889
0,-0.59,MVTX,0.0162569852109534,0.00710713012130055
0,-0.59,OHCAL,40.7500115611278,4.47769248958791
0,-0.59,OTHER,3.35206202317249e-25,6.03787815749307e-25
0,-0.59,PIPE,0.00254374480848797,0.00227672112174511
0,-0.59,TPC,0.0488515470769151,0.0178962841396721
0,-0.585,EMCAL,18.121429328724,0.80210940160452
0,-0.585,IHCAL,1.37183982757151,0.357674974323206
0,-0.585,INTT,0.0644238411476789,0.0265515831806136
0,-0.585,MAGNET,1.59481910238054,0.364782910205529
0,-0.585,MVTX,0.0162142620655836,0.00708845267591974
0,-0.585,OHCAL,40.6429206417465,4.46592512800909
0,-0.585,OTHER,3.36409549297372e-25,6.05955336038889e-25
0,-0.585,PIPE,0.00253705988026622,0.00227073792829385
0,-0.585,TPC,0.0487231658475341,0.0178492529380705
0,-0.58,EMCAL,18.7727600455161,0.789031038281819
0,-0.58,IHCAL,1.36825946901873,0.356741479326939
0,-0.58,INTT,0.0642557006279866,0.0264822859000556
0,-0.58,MAGNET,1.59065676576862,0.363830859116923
0,-0.58,MVTX,0.01617194427761,0.00706995244222505
0,-0.58,OHCAL,40.5368458007964,4.4542694151371
0,-0.58,OTHER,3.37601478915913e-25,6.08102290886177e-25
0,-0.58,PIPE,0.0025304383786737,0.00226481150340915
0,-0.58,TPC,0.0485960026998563,0.0178026679687241
0,-0.575,EMCAL,18.4134303378484,0.831133506033024
0,-0.575,IHCAL,1.38337471496845,0.367030727941836
0,-0.575,INTT,0.0640891665041567,0.0264136506780242
0,-0.575,MAGNET,1.5865341956587,0.362887903818745
0,-0.575,MVTX,0.0201801238114567,0.00920933560273901
0,-0.575,OHCAL,40.4317843863612,4.44272505957434
0,-0.575,OTHER,3.38782020971178e-25,6.10228733965157e-25
0,-0.575,PIPE,0.0025238801381724,0.00225894169892995
0,-0.575,TPC,0.048470054454758,0.0177565280670023
0,-0.57,EMCAL,17.7120400192437,0.810594165399514
0,-0.57,IHCAL,1.3798146558896,0.366086188361883
0,-0.57,INTT,0.0639242346128273,0.0263456757986356
0,-0.57,MAGNET,1.58245128898629,0.361954020737062
0,-0.57,MVTX,0.0189897315961862,0.00857911597903717
0,-0.57,OHCAL,40.3277337718604,4.43129177270716
0,-0.57,OTHER,3.39951204976779e-25,6.12334718437015e-25
0,-0.57,PIPE,0.002517384994806,0.00225312836811088
0,-0.57,TPC,0.0483453179635518,0.0177108320794075
0,-0.565,EMCAL,18.0663852452708,0.820239854896284
0,-0.565,IHCAL,1.37628909208227,0.365150800917567
0,-0.565,INTT,0.0637609008306927,0.0262783595625141
0,-0.565,MAGNET,1.57840794367853,0.36102918652475
0,-0.565,MVTX,0.0160474125291083,0.00701551040827162
0,-0.565,OHCAL,40.2280603300343,4.4219937196812
0,-0.565,OTHER,3.41109060162376e-25,6.14420296951473e-25
0,-0.565,PIPE,0.00251095278619559,0.00224737136561836
0,-0.565,TPC,0.0482217901078188,0.0176655788635377
0,-0.56,EMCAL,17.9887398665711,0.801534899023322
0,-0.56,IHCAL,1.37279793540923,0.364224542224621
0,-0.56,INTT,0.0635991610743998,0.0262117002867503
0,-0.56,MAGNET,1.57440405865157,0.360113378060904
0,-0.56,MVTX,0.0160067056921944,0.00699771444038341
0,-0.56,OHCAL,40.1260149907341,4.41077658011935
0,-0.56,OTHER,3.42255615474411e-25,6.16485521648103e-25
0,-0.56,PIPE,0.00250458335153559,0.00224167054752701
0,-0.56,TPC,0.0480994677993313,0.0176207672880578
0,-0.555,EMCAL,19.8278045309068,0.864475971570347
0,-0.555,IHCAL,1.3693410985934,0.363307389126993
0,-0.555,INTT,0.0634390113004461,0.0261456963048589
0,-0.555,MAGNET,1.57043953380808,0.359206572450266
0,-0.555,MVTX,0.0159663990237567,0.00698009341572072
0,-0.555,OHCAL,40.0249728070006,4.39966971052718
0,-0.555,OTHER,3.43390899576824e-25,6.18530444157628e-25
0,-0.555,PIPE,0.00249827653158987,0.00223602577131615
0,-0.555,TPC,0.0479783479800692,0.0175763962326803
0,-0.55,EMCAL,21.2019192929224,0.937553729814281
0,-0.55,IHCAL,1.36499621602628,0.361845111693408
0,-0.55,INTT,0.063280447505079,0.0260803459667368
0,-0.55,MAGNET,1.56651427003472,0.358308747022648
0,-0.55,MVTX,0.015926491516126,0.00696264689375694
0,-0.55,OHCAL,39.9249312527355,4.38867283322833
0,-0.55,OTHER,3.44514940851778e-25,6.20555115603218e-25
0,-0.55,PIPE,0.00249203216868753,0.002230436895866
0,-0.55,TPC,0.0478584276219802,0.0175324645881216
0,-0.545,EMCAL,20.8266123883916,0.926174350957125
0,-0.545,IHCAL,1.36253003971287,0.361500308231095
0,-0.545,INTT,0.0631234657241955,0.0260156476386223
0,-0.545,MAGNET,1.56262816919971,0.357419879332367
0,-0.545,MVTX,0.0158869821716128,0.00694537443832816
0,-0.545,OHCAL,39.8258878268568,4.37778567329631
0,-0.545,OTHER,3.45627767400364e-25,6.22559586601768e-25
0,-0.545,PIPE,0.00248585010671921,0.00222490378145443
0,-0.545,TPC,0.0477397037270935,0.0174889712560927
0,-0.54,EMCAL,19.3540330558381,0.859304426058124
0,-0.54,IHCAL,1.3591756473753,0.360610335256617
0,-0.54,INTT,0.0629680620332427,0.0259515997030537
0,-0.54,MAGNET,1.55878113415031,0.356539947157685
0,-0.54,MVTX,0.0158478700024814,0.00692827561762207
0,-0.54,OHCAL,39.727840053236,4.36700795854759
0,-0.54,OTHER,3.46729407043303e-25,6.24543907265152e-25
0,-0.54,PIPE,0.00247973019113303,0.00221942628975327
0,-0.54,TPC,0.04762217332728,0.0174459151492553
0,-0.535,EMCAL,18.0722880891627,0.786402808240265
0,-0.535,IHCAL,1.35585523434498,0.359729377523911
0,-0.535,INTT,0.0628142325471204,0.0258882005588294
0,-0.535,MAGNET,1.55497306871046,0.355668928500252
0,-0.535,MVTX,0.0158091540309254,0.00691135000416726
0,-0.535,OHCAL,40.246596396521,4.4209449287799
0,-0.535,OTHER,3.47819887321643e-25,6.26508127201493e-25
0,-0.535,PIPE,0.00247367226893077,0.00221400428382495
0,-0.535,TPC,0.0475058334842799,0.0174032951912054
0,-0.53,EMCAL,17.3100214671247,0.749701058948555
0,-0.53,IHCAL,1.33558418059821,0.348651230909658
0,-0.53,INTT,0.0626619734200833,0.0258254486209674
0,-0.53,MAGNET,1.55120387767831,0.354806801584556
0,-0.53,MVTX,0.0157708332890435,0.00689459717482253
0,-0.53,OHCAL,40.175358479624,4.41298981365946
0,-0.53,OTHER,3.48899235497448e-25,6.28452295516391e-25
0,-0.53,PIPE,0.00246767618866408,0.00220863762811903
0,-0.53,TPC,0.0473906812895913,0.0173611103164416
0,-0.525,EMCAL,18.0849040805371,0.820878748776872
0,-0.525,IHCAL,1.33237232324837,0.347812782139936
0,-0.525,INTT,0.0625112808456454,0.025763342320666
0,-0.525,MAGNET,1.54747346682389,0.353953544857379
0,-0.525,MVTX,0.0157329068188153,0.00687801671076626
0,-0.525,OHCAL,40.0782058147362,4.40232090280024
0,-0.525,OTHER,3.4996747855448e-25,6.30376460814156e-25
0,-0.525,PIPE,0.00246174180043063,0.00220332618846886
0,-0.525,TPC,0.0472767138644091,0.0173193594703406
0,-0.52,EMCAL,18.8505320993231,0.840555770471619
0,-0.52,IHCAL,1.32919377512708,0.346983028673819
0,-0.52,INTT,0.0623621510564844,0.0257018801052644
0,-0.52,MAGNET,1.54378174288674,0.353109136987259
0,-0.52,MVTX,0.015695373672077,0.006861608197486
0,-0.52,OHCAL,39.9820469910031,4.39176119872477
0,-0.52,OTHER,3.51024643198869e-25,6.32280671199019e-25
0,-0.52,PIPE,0.0024558689558704,0.00219806983208815
0,-0.52,TPC,0.0471639283595239,0.0172780416091272
0,-0.515,EMCAL,18.1669383759262,0.820922834853119
0,-0.515,IHCAL,1.32604845677237,0.346161949767862
0,-0.515,INTT,0.0622145803243478,0.025641060438204
0,-0.515,MAGNET,1.54012861357357,0.352273556863955
0,-0.515,MVTX,0.0164000462714415,0.00724057588042367
0,-0.515,OHCAL,39.7193311284045,4.3637327129487
0,-0.515,OTHER,3.52070755859787e-25,6.3416497427634e-25
0,-0.515,PIPE,0.00245005750816199,0.00219286842756772
0,-0.515,TPC,0.0470523219553101,0.0172371556998545
0,-0.51,EMCAL,18.6147330144292,0.803189007690626
0,-0.51,IHCAL,1.32293628955301,0.345349524895481
0,-0.51,INTT,0.0620685649599598,0.0255808817989902
0,-0.51,MAGNET,1.53651398755595,0.351446783597919
0,-0.51,MVTX,0.0179714495950474,0.00808126113266844
0,-0.51,OHCAL,39.6032242770154,4.35109008386438
0,-0.51,OTHER,3.53105842690106e-25,6.36029417153795e-25
0,-0.51,PIPE,0.00244430731201888,0.0021877218448722
0,-0.51,TPC,0.0469418918615958,0.0171967007203721
0,-0.505,EMCAL,21.0003794440181,0.926264913306581
0,-0.505,IHCAL,1.31985719566653,0.344545733746441
0,-0.505,INTT,0.0619241013129284,0.0255213426831536
0,-0.505,MAGNET,1.53293777446805,0.350628796519778
0,-0.505,MVTX,0.0162473019075216,0.00716618831757725
0,-0.505,OHCAL,39.7013327013166,4.36092595943255
0,-0.505,OTHER,3.54129929567049e-25,6.3787404644255e-25
0,-0.505,PIPE,0.00243861822368588,0.00218262995533675
0,-0.505,TPC,0.046832635317629,0.0171566756593039
0,-0.5,EMCAL,19.6014113795974,0.882618737805795
0,-0.5,IHCAL,1.31681109813727,0.343750556226346
0,-0.5,INTT,0.0617811857716551,0.0254624416022134
0,-0.5,MAGNET,1.52939988490435,0.349819575179812
0,-0.5,MVTX,0.0149078977257272,0.00665515317546434
0,-0.5,OHCAL,39.6064266332335,4.34863123967984
0,-0.5,OTHER,3.55143042092842e-25,6.39698908258436e-25
0,-0.5,PIPE,0.00243299010093549,0.00217759263166385
0,-0.5,TPC,0.0467245495919723,0.0171170795160197
0,-0.495,EMCAL,20.493562569124,0.914271663390805
0,-0.495,IHCAL,1.3137979208145,0.342963972456139
0,-0.495,INTT,0.0616398147632438,0.0254041770836394
0,-0.495,MAGNET,1.52590023041743,0.349019099347446
0,-0.495,MVTX,0.015513575292014,0.00678213068513156
0,-0.495,OHCAL,39.516323158742,4.33873565970678
0,-0.495,OTHER,3.5614520559535e-25,6.41504048223092e-25
0,-0.495,PIPE,0.00242742280306433,0.00217260974792017
0,-0.495,TPC,0.046617631982495,0.0170779113006154
0,-0.49,EMCAL,17.7771983287262,0.795105680362824
0,-0.49,IHCAL,1.31081758837044,0.342185962771603
0,-0.49,INTT,0.061499984753412,0.0253465476708155
0,-0.49,MAGNET,1.52243872351575,0.348227349010741
0,-0.49,MVTX,0.0154783827238024,0.00676674541176523
0,-0.49,OHCAL,39.4271929445935,4.32894701142258
0,-0.49,OTHER,3.57136445128716e-25,6.43289511465113e-25
0,-0.49,PIPE,0.00242191619088969,0.00216768117953334
0,-0.49,TPC,0.0465118798162453,0.0170391700338831
0,-0.485,EMCAL,17.9568597395383,0.768686655116181
0,-0.485,IHCAL,1.32136322633397,0.349524709703791
0,-0.485,INTT,0.0613616922464023,0.0252895519230037
0,-0.485,MAGNET,1.51901527766145,0.347444304375898
0,-0.485,MVTX,0.015443577115965,0.00675152930738664
0,-0.485,OHCAL,38.7105577441304,4.25333082879434
0,-0.485,OTHER,3.58116785473976e-25,6.45055342621172e-25
0,-0.485,PIPE,0.00241647012674595,0.00216280680328889
0,-0.485,TPC,0.0464072904494135,0.0170008547472892
0,-0.48,EMCAL,18.250256010796,0.823321763487761
0,-0.48,IHCAL,1.32155018812401,0.350627709747579
0,-0.48,INTT,0.0612249337848945,0.025233188415307
0,-0.48,MAGNET,1.5156298072682,0.346669945866761
0,-0.48,MVTX,0.0154091575983599,0.00673648199159236
0,-0.48,OHCAL,38.6242830147092,4.24385137174475
0,-0.48,OTHER,3.59086251139692e-25,6.46801585837138e-25
0,-0.48,PIPE,0.00241108447448122,0.00215798649732716
0,-0.48,TPC,0.0463038612672537,0.0169629644829486
0,-0.475,EMCAL,18.3177351216081,0.824915449467194
0,-0.475,IHCAL,1.31863129302701,0.34985328099796
0,-0.475,INTT,0.0610897059499203,0.025177455738635
0,-0.475,MAGNET,1.51228222769907,0.345904254124326
0,-0.475,MVTX,0.0153751233104973,0.00672160308819874
0,-0.475,OHCAL,38.5427339468018,4.23673746695281
0,-0.475,OTHER,3.60044866362555e-25,6.48528284769185e-25
0,-0.475,PIPE,0.00240575909945395,0.00215322014114027
0,-0.475,TPC,0.0462015896840497,0.0169254982936051
0,-0.47,EMCAL,18.2234927084435,0.822772543724633
0,-0.47,IHCAL,1.31574536365047,0.349087598568727
0,-0.47,INTT,0.0609560053607765,0.0251223524996678
0,-0.47,MAGNET,1.50897245526441,0.34514721000626
0,-0.47,MVTX,0.0153414734015182,0.00670689222523241
0,-0.47,OHCAL,38.4583800664894,4.22746502280192
0,-0.47,OTHER,3.60992655107997e-25,6.50235482584875e-25
0,-0.47,PIPE,0.00240049386852949,0.00214850761556908
0,-0.47,TPC,0.0461004731429879,0.0168884552425997
0,-0.465,EMCAL,18.6902006310163,0.824766998234524
0,-0.465,IHCAL,1.31289232784776,0.348330643318184
0,-0.465,INTT,0.0608238286749415,0.0250678773208215
0,-0.465,MAGNET,1.50570040721971,0.344398794586421
0,-0.465,MVTX,0.0153082070301733,0.00669234903492103
0,-0.465,OHCAL,38.3749876442056,4.2182982651321
0,-0.465,OTHER,3.61929641070783e-25,6.51923221964242e-25
0,-0.465,PIPE,0.00239528865007675,0.00214384880280016
0,-0.465,TPC,0.0460005091161496,0.0168518344038543
0,-0.46,EMCAL,18.3545149716526,0.782597632193146
0,-0.46,IHCAL,1.28507106650784,0.332559010865241
0,-0.46,INTT,0.0606931725879913,0.0250140288402138
0,-0.46,MAGNET,1.50246600176362,0.343658989154383
0,-0.46,MVTX,0.0152753233648013,0.00667797315368408
0,-0.46,OHCAL,38.2925545951827,4.20923696477889
0,-0.46,OTHER,3.62855847675615e-25,6.5359154510086e-25
0,-0.46,PIPE,0.00239014331396502,0.00213924358636297
0,-0.46,TPC,0.0459016951044474,0.016815634861848
0,-0.455,EMCAL,20.3259166159609,0.902828594463131
0,-0.455,IHCAL,1.30912046299992,0.347945996200199
0,-0.455,INTT,0.0605640338335169,0.02496080571163
0,-0.455,MAGNET,1.49926915803583,0.342927775214974
0,-0.455,MVTX,0.0152428215833091,0.00666376422212378
0,-0.455,OHCAL,38.2110788586372,4.20028089521423
0,-0.455,OTHER,3.63771298077703e-25,6.55240493702893e-25
0,-0.455,PIPE,0.00238505773156062,0.00213469185112686
0,-0.455,TPC,0.0458040286375074,0.0167798557115885
0,-0.45,EMCAL,20.4380281652811,0.905859702468891
0,-0.45,IHCAL,1.30636181470865,0.347212785166825
0,-0.45,INTT,0.0604364091830428,0.024908206604489
0,-0.45,MAGNET,1.49610979611507,0.342205134487806
0,-0.45,MVTX,0.0162939711510656,0.00722683936456775
0,-0.45,OHCAL,38.130558397718,4.1914298325408
0,-0.45,OTHER,3.64676015163356e-25,6.56870108994142e-25
0,-0.45,PIPE,0.00238003177572373,0.00213019348329821
0,-0.45,TPC,0.0457075072736689,0.0167444960585957
0,-0.445,EMCAL,20.1873667191913,0.898866868932584
0,-0.445,IHCAL,1.30363582540893,0.346488254443295
0,-0.445,INTT,0.0603102954459459,0.0248562302038104
0,-0.445,MAGNET,1.49298783701714,0.341491048906823
0,-0.445,MVTX,0.0174573717530161,0.00784968044196544
0,-0.445,OHCAL,38.0509911994556,4.18268355548642
0,-0.445,OTHER,3.65570021550549e-25,6.58480431715074e-25
0,-0.445,PIPE,0.00237506532080519,0.00212574837041758
0,-0.445,TPC,0.0456121285998867,0.0167095550188757
0,-0.44,EMCAL,18.0999217511478,0.794229001095875
0,-0.44,IHCAL,1.28462908706268,0.335969533038006
0,-0.44,INTT,0.0601856894693763,0.0248048752101815
0,-0.44,MAGNET,1.48990320269289,0.340785500619849
0,-0.44,MVTX,0.0174213083342253,0.00783346499083081
0,-0.44,OHCAL,37.9723752747118,4.17404184539853
0,-0.44,OTHER,3.66453339589487e-25,6.60071502123842e-25
0,-0.44,PIPE,0.00237015824264335,0.00212135640135692
0,-0.44,TPC,0.0455178902317014,0.0166750317189023
0,-0.435,EMCAL,18.0808359920724,0.762371134101961
0,-0.435,IHCAL,1.28200157875006,0.335282359163624
0,-0.435,INTT,0.0600625881381782,0.0247541403397248
0,-0.435,MAGNET,1.48685581602631,0.340088471988139
0,-0.435,MVTX,0.0151166171879946,0.00660859095058904
0,-0.435,OHCAL,37.89470865813,4.16550448623871
0,-0.435,OTHER,3.67325991363167e-25,6.61643359997287e-25
0,-0.435,PIPE,0.00236531041856105,0.00211701746631679
0,-0.435,TPC,0.0454247898131486,0.0166409252955909
0,-0.43,EMCAL,18.2877266730818,0.82410880239523
0,-0.43,IHCAL,1.27940612042688,0.33460356733897
0,-0.43,INTT,0.0599409883748118,0.0247040243240658
0,-0.43,MAGNET,1.48384560083257,0.339399945585943
0,-0.43,MVTX,0.0150860128279438,0.00659521152221793
0,-0.43,OHCAL,37.81614353279,4.1559620592226
0,-0.43,OTHER,3.6818799868793e-25,6.6319604463194e-25
0,-0.43,PIPE,0.00236052172736243,0.00211273145682361
0,-0.43,TPC,0.0453328250167009,0.016607234896278
0,-0.425,EMCAL,18.271564623745,0.823892018983536
0,-0.425,IHCAL,1.27684264720824,0.333933140594598
0,-0.425,INTT,0.0598208871392767,0.0246545259103017
0,-0.425,MAGNET,1.48087248185614,0.338719904200063
0,-0.425,MVTX,0.0149682397630069,0.00656404514615097
0,-0.425,OHCAL,37.7403734298462,4.14763498670139
0,-0.425,OTHER,3.69039383114002e-25,6.64729594844996e-25
0,-0.425,PIPE,0.00235579204932991,0.00210849826572686
0,-0.425,TPC,0.0452419935432337,0.0165739596787018
0,-0.42,EMCAL,18.3161674072354,0.824087614875359
0,-0.42,IHCAL,1.24495863116029,0.326557274275123
0,-0.42,INTT,0.0597022814290358,0.0246056438609694
0,-0.42,MAGNET,1.47793638476888,0.338048330829429
0,-0.42,MVTX,0.0150259348054799,0.00656894697700606
0,-0.42,OHCAL,37.6655468351409,4.13941160494955
0,-0.42,OTHER,3.6988016592604e-25,6.66244048975291e-25
0,-0.42,PIPE,0.00235112126622132,0.00210431778719658
0,-0.42,TPC,0.0451522931219735,0.0165410988109821
0,-0.415,EMCAL,18.2904241222128,0.802127042036627
0,-0.415,IHCAL,1.2718114005413,0.332617315514094
0,-0.415,INTT,0.05958516827894,0.0245573769540151
0,-0.415,MAGNET,1.47503723616822,0.337385208684673
0,-0.415,MVTX,0.0149964596411129,0.00655606120355025
0,-0.415,OHCAL,37.5916618780499,4.13129170838675
0,-0.415,OTHER,3.70710368143658e-25,6.67739444884258e-25
0,-0.415,PIPE,0.00234650926126683,0.00210018991672055
0,-0.415,TPC,0.0450637215103809,0.0165086514715929
0,-0.41,EMCAL,18.9131727349964,0.813217685265079
0,-0.41,IHCAL,1.26934350131485,0.331971884283016
0,-0.41,INTT,0.0594695447611546,0.0245097239827637
0,-0.41,MAGNET,1.47217496357529,0.336730521187707
0,-0.41,MVTX,0.0149673593890181,0.00654333933196601
0,-0.41,OHCAL,37.5200009010483,4.12404677666723
0,-0.41,OTHER,3.71530010521954e-25,6.69215819956872e-25
0,-0.41,PIPE,0.00234195591916612,0.00209611455110187
0,-0.41,TPC,0.0449762764941853,0.0164766168493516
0,-0.405,EMCAL,20.180400238677,0.895264010871787
0,-0.405,IHCAL,1.26690733563348,0.331334752341503
0,-0.405,INTT,0.0593554079850857,0.0244626837558884
0,-0.405,MAGNET,1.46934949543312,0.336084251971308
0,-0.405,MVTX,0.0149386333216875,0.00653078104420585
0,-0.405,OHCAL,37.4485373542906,4.11645993065279
0,-0.405,OTHER,3.72339113552029e-25,6.70673211102585e-25
0,-0.405,PIPE,0.00233746112608534,0.00209209158845612
0,-0.405,TPC,0.0448899558872385,0.0164449941433891
0,-0.4,EMCAL,20.9293933123932,0.915442493328677
0,-0.4,IHCAL,1.26450284259452,0.330705903761589
0,-0.4,INTT,0.0592427550973077,0.0244162550973812
0,-0.4,MAGNET,1.46656076110486,0.335446384878713
0,-0.4,MVTX,0.014910280720968,0.00651838602631195
0,-0.4,OHCAL,37.3774628523406,4.10864719738423
0,-0.4,OTHER,3.73137697461502e-25,6.72111654756253e-25
0,-0.4,PIPE,0.00233302476965446,0.00208812092820904
0,-0.4,TPC,0.0448047575315269,0.0164137825631366
0,-0.395,EMCAL,20.4424995658539,0.898747313059253
0,-0.395,IHCAL,1.26505552056042,0.331843320847036
0,-0.395,INTT,0.0591315832814928,0.024370436846523
0,-0.395,MAGNET,1.46380869087202,0.334816903963211
0,-0.395,MVTX,0.0148823008780431,0.00650615396840821
0,-0.395,OHCAL,37.3073227860645,4.10093718021122
0,-0.395,OTHER,3.73925782215013e-25,6.73531186879044e-25
0,-0.395,PIPE,0.00232864673896434,0.00208420247109392
0,-0.395,TPC,0.0447206792970872,0.0163829813283031
0,-0.39,EMCAL,18.838444657186,0.807572910603373
0,-0.39,IHCAL,1.2757865265996,0.339086290908439
0,-0.39,INTT,0.0590218897583398,0.0243252278578554
0,-0.39,MAGNET,1.46109321593269,0.334195793487746
0,-0.39,MVTX,0.0148546930934153,0.00649408456469252
0,-0.39,OHCAL,37.2380951971886,4.09332756667486
0,-0.39,OTHER,3.74703387514721e-25,6.74931842959331e-25
0,-0.39,PIPE,0.00232432692456397,0.00208033611914914
0,-0.39,TPC,0.0446377190819591,0.0163525896688561
0,-0.385,EMCAL,18.5679611199454,0.773298982710331
0,-0.385,IHCAL,1.27344736148521,0.338464572716618
0,-0.385,INTT,0.0589136717855046,0.0242806270011511
0,-0.385,MAGNET,1.45841426839985,0.333583037924525
0,-0.385,MVTX,0.0148274566768885,0.00648217751342921
0,-0.385,OHCAL,37.1698042923673,4.08582088765471
0,-0.385,OTHER,3.754705328008e-25,6.76313658013592e-25
0,-0.385,PIPE,0.00232006521845777,0.00207652177571568
0,-0.385,TPC,0.044555874812133,0.0163226068250026
0,-0.38,EMCAL,18.7039437988622,0.836348035095526
0,-0.38,IHCAL,1.27114003252055,0.337851316133724
0,-0.38,INTT,0.0588069266575326,0.0242366331613864
0,-0.38,MAGNET,1.45577178129969,0.332978621954626
0,-0.38,MVTX,0.0175350434221697,0.00792722529735703
0,-0.38,OHCAL,37.102456220551,4.07841777969014
0,-0.38,OTHER,3.7622723725192e-25,6.77676666587274e-25
0,-0.38,PIPE,0.00231586151410287,0.00207275934543477
0,-0.38,TPC,0.0444751444415034,0.0162930320471703
0,-0.375,EMCAL,18.7036279394644,0.835980136171733
0,-0.375,IHCAL,1.26886448202384,0.337246505828671
0,-0.375,INTT,0.0587016517057899,0.0241932452387131
0,-0.375,MAGNET,1.45316568856988,0.332382530467618
0,-0.375,MVTX,0.0175036596537573,0.00791303792728061
0,-0.375,OHCAL,37.6669873272193,4.13731057171363
0,-0.375,OTHER,3.76973519785734e-25,6.79020902755664e-25
0,-0.375,PIPE,0.00231171570640645,0.00206904873424545
0,-0.375,TPC,0.0443955259517839,0.016263864595986
0,-0.37,EMCAL,18.6347184666648,0.833823336600178
0,-0.37,IHCAL,1.23044583008591,0.314912305340926
0,-0.37,INTT,0.0585978442983972,0.0241504621484308
0,-0.37,MAGNET,1.45059592505796,0.331794748561184
0,-0.37,MVTX,0.0147479688731151,0.00644742751783387
0,-0.37,OHCAL,38.0541952046318,4.17760479789037
0,-0.37,OTHER,3.77709399059344e-25,6.80346400124735e-25
0,-0.37,PIPE,0.00230762769172308,0.00206538984938225
0,-0.37,TPC,0.0443170173525372,0.016235103742265
0,-0.365,EMCAL,18.5134738152139,0.801842034201801
0,-0.365,IHCAL,1.26263538028572,0.334996684204616
0,-0.365,INTT,0.0584955018401639,0.0241082828209601
0,-0.365,MAGNET,1.44806242651973,0.331215261540745
0,-0.365,MVTX,0.0147222112124623,0.00643616694008812
0,-0.365,OHCAL,37.9877062120415,4.17030573858279
0,-0.365,OTHER,3.78434893469768e-25,6.81653191831989e-25
0,-0.365,PIPE,0.0023035973678522,0.00206178259937286
0,-0.365,TPC,0.0442396166810385,0.0162067487669837
0,-0.36,EMCAL,19.7194117147867,0.870392606392724
0,-0.36,IHCAL,1.26045788490539,0.334418960359064
0,-0.36,INTT,0.0583946217725233,0.0240667062018156
0,-0.36,MAGNET,1.44556512961758,0.330644054919095
0,-0.36,MVTX,0.0160623190301007,0.00715254262247181
0,-0.36,OHCAL,37.9221851025085,4.16311284530662
0,-0.36,OTHER,3.79150021154406e-25,6.82941310547289e-25
0,-0.36,PIPE,0.00229962463403549,0.00205822689403583
0,-0.36,TPC,0.0441633220022549,0.016178798961265
0,-0.355,EMCAL,20.0251395091305,0.88717446110968
0,-0.355,IHCAL,1.24919708593942,0.328372411372525
0,-0.355,INTT,0.0582952015734684,0.0240257312515796
0,-0.355,MAGNET,1.44310397191896,0.330081114416039
0,-0.355,MVTX,0.016872228352707,0.00758641737398056
0,-0.355,OHCAL,37.8576205872962,4.1560249257713
0,-0.355,OTHER,3.79854799991487e-25,6.84210788473669e-25
0,-0.355,PIPE,0.00229570939095441,0.00205472264447836
0,-0.355,TPC,0.0440881314088272,0.0161512536263636
0,-0.35,EMCAL,19.7007778639914,0.877191393420775
0,-0.35,IHCAL,1.24042300472094,0.323809599467217
0,-0.35,INTT,0.058197238757489,0.0239853569458762
0,-0.35,MAGNET,1.4406788918948,0.329526425958035
0,-0.35,MVTX,0.017645602961142,0.00800079302115258
0,-0.35,OHCAL,37.7940051255464,4.14904118099641
0,-0.35,OTHER,3.80549247600518e-25,6.85461657348143e-25
0,-0.35,PIPE,0.00229185154072767,0.00205126976309401
0,-0.35,TPC,0.0440140430209697,0.016124112073643
0,-0.345,EMCAL,19.5210839046595,0.861986609394777
0,-0.345,IHCAL,1.23836604191738,0.323272633435107
0,-0.345,INTT,0.0581007308755097,0.0239455822753457
0,-0.345,MAGNET,1.43828982891797,0.328979975677843
0,-0.345,MVTX,0.0170715113435649,0.00769726451994493
0,-0.345,OHCAL,37.7313443311126,4.14216219219435
0,-0.345,OTHER,3.81233381342726e-25,6.86693948442499e-25
0,-0.345,PIPE,0.00228805098690881,0.00204786816356058
0,-0.345,TPC,0.0439410549864915,0.016097373624565
0,-0.34,EMCAL,18.579345922231,0.797786459002635
0,-0.34,IHCAL,1.23634003824094,0.322743749215441
0,-0.34,INTT,0.0580056755148283,0.0239064062456192
0,-0.34,MAGNET,1.43593672326178,0.328441749914178
0,-0.34,MVTX,0.0184516637213443,0.00843483401680816
0,-0.34,OHCAL,37.3459042689842,4.10142461137975
0,-0.34,OTHER,3.81907218321491e-25,6.87907692564077e-25
0,-0.34,PIPE,0.0022843076344838,0.0020445177608379
0,-0.34,TPC,0.0438691654806652,0.016071037610665
0,-0.335,EMCAL,18.3921065996434,0.792806492123256
0,-0.335,IHCAL,1.23434494304289,0.322222933586426
0,-0.335,INTT,0.057912070299056,0.023867827877294
0,-0.335,MAGNET,1.43361951609846,0.327911735211366
0,-0.335,MVTX,0.0172691648253966,0.00780710376935916
0,-0.335,OHCAL,36.5378773032495,4.01635748455411
0,-0.335,OTHER,3.8257077538277e-25,6.89102920056545e-25
0,-0.335,PIPE,0.00228062138986862,0.00204121847116572
0,-0.335,TPC,0.0437983727062605,0.0160451033735422
0,-0.33,EMCAL,18.6107291778659,0.835000724871749
0,-0.33,IHCAL,1.23238070644722,0.321710173527981
0,-0.33,INTT,0.0578199128880574,0.0238298462059089
0,-0.33,MAGNET,1.43133814949771,0.327389918319014
0,-0.33,MVTX,0.0160375436292564,0.0071531685506583
0,-0.33,OHCAL,36.479748110362,4.00996766835727
0,-0.33,OTHER,3.83224069115527e-25,6.90279660800651e-25
0,-0.33,PIPE,0.00227699216090697,0.00203797021206164
0,-0.33,TPC,0.0437286748934605,0.0160195702648401
0,-0.325,EMCAL,18.4749735048856,0.829978390126781
0,-0.325,IHCAL,1.23044727934937,0.321205456221412
0,-0.325,INTT,0.0577292009778924,0.02379246028192
0,-0.325,MAGNET,1.42909256642524,0.326876286191671
0,-0.325,MVTX,0.014529347782083,0.00635185207619671
0,-0.325,OHCAL,36.4225259550612,4.0036775814092
0,-0.325,OTHER,3.83867115852138e-25,6.91437944214976e-25
0,-0.325,PIPE,0.00227341985686794,0.002034772902319
0,-0.325,TPC,0.0436600702998163,0.0159944376462296
0,-0.32,EMCAL,18.8071268225476,0.840036904103413
0,-0.32,IHCAL,1.22854461341505,0.320708769049095
0,-0.32,INTT,0.0576399323007586,0.0237556691706774
0,-0.32,MAGNET,1.42688271074136,0.326370825988508
0,-0.32,MVTX,0.0145068805448071,0.00634202998577131
0,-0.32,OHCAL,36.364308019704,3.99634716627865
0,-0.32,OTHER,3.84499931668804e-25,6.92577799256665e-25
0,-0.32,PIPE,0.00226990438844373,0.0020316264620049
0,-0.32,TPC,0.0435925572101918,0.015969704889392
0,-0.315,EMCAL,18.5699948419684,0.800288980687523
0,-0.315,IHCAL,1.22667266107893,0.320220099594154
0,-0.315,INTT,0.0575521046249345,0.0237194719524013
0,-0.315,MAGNET,1.42470852719958,0.325873525072993
0,-0.315,MVTX,0.0162046773909167,0.00724865224084689
0,-0.315,OHCAL,36.3088981512081,3.99025776176012
0,-0.315,OTHER,3.85122532385955e-25,6.93699254422154e-25
0,-0.315,PIPE,0.00226644566774747,0.00202853081245817
0,-0.315,TPC,0.0435261339367853,0.0159453713760102
0,-0.31,EMCAL,19.6766184798275,0.874758201794382
0,-0.31,IHCAL,1.22483137554355,0.319739435640158
0,-0.31,INTT,0.0574657157547234,0.0236838677221594
0,-0.31,MAGNET,1.42256996144517,0.325384371012578
0,-0.31,MVTX,0.0172308449677438,0.00779742614275649
0,-0.31,OHCAL,36.2543960092936,3.98426811412809
0,-0.31,OTHER,3.85734933568641e-25,6.9480233774788e-25
0,-0.31,PIPE,0.00226304360831094,0.00202548587628739
0,-0.31,TPC,0.0434607988189772,0.0159214364977416
0,-0.305,EMCAL,19.6360172797616,0.873045404302047
0,-0.305,IHCAL,1.22396620886598,0.319834924647345
0,-0.305,INTT,0.0573807635303992,0.0236488555898442
0,-0.305,MAGNET,1.42046696001389,0.324903351578384
0,-0.305,MVTX,0.0166134155147298,0.00747053121831377
0,-0.305,OHCAL,36.2008002313639,3.97837807363685
0,-0.305,OTHER,3.86337150526923e-25,6.95887076810983e-25
0,-0.305,PIPE,0.00225969812508248,0.00202249157736902
0,-0.305,TPC,0.0433965502234029,0.0158978996562146
0,-0.3,EMCAL,19.6876503815677,0.874612474238957
0,-0.3,IHCAL,1.23677104833794,0.328134468773216
0,-0.3,INTT,0.0572972458281519,0.0236144346801503
0,-0.3,MAGNET,1.4183994703306,0.324430454744903
0,-0.3,MVTX,0.0144206328424939,0.00630432473876217
0,-0.3,OHCAL,36.1481094774818,3.97258749303089
0,-0.3,OTHER,3.86929198316256e-25,6.96953498729997e-25
0,-0.3,PIPE,0.00225640913442482,0.0020195478408454
0,-0.3,TPC,0.0433333865438503,0.0158747602630076
0,-0.295,EMCAL,19.733212019682,0.866418191222595
0,-0.295,IHCAL,1.23499922920362,0.327664377571534
0,-0.295,INTT,0.0572151605600345,0.0235806041325534
0,-0.295,MAGNET,1.41636744070794,0.323965668689687
0,-0.295,MVTX,0.0156458861138001,0.00695905898019178
0,-0.295,OHCAL,36.0982044763853,3.96802716827175
0,-0.295,OTHER,3.87511091737866e-25,6.98001630165527e-25
0,-0.295,PIPE,0.00225317655411307,0.00201665459312301
0,-0.295,TPC,0.0432713062012182,0.0158520177396341
0,-0.29,EMCAL,18.7042354742001,0.79979055965524
0,-0.29,IHCAL,1.32876969999393,0.349048800143873
0,-0.29,INTT,0.0571345056739111,0.023547363101288
0,-0.29,MAGNET,1.41437082034507,0.323508981793062
0,-0.29,MVTX,0.0165368455693838,0.00743566216542413
0,-0.29,OHCAL,36.0473171881804,3.96243348135132
0,-0.29,OTHER,3.88082845339119e-25,6.9903149732091e-25
0,-0.29,PIPE,0.00225000030333254,0.0020138117618705
0,-0.29,TPC,0.0432103076435007,0.0158296715175302
0,-0.285,EMCAL,19.0474626288776,0.824839261049072
0,-0.285,IHCAL,1.30890877574315,0.344443446209405
0,-0.285,INTT,0.0570552791534053,0.0235147107553265
0,-0.285,MAGNET,1.41240955932637,0.323060382637831
0,-0.285,MVTX,0.0175585419315532,0.00798188170929071
0,-0.285,OHCAL,35.9973310868203,3.95693885568806
0,-0.285,OTHER,3.88644473413885e-25,7.00043125942881e-25
0,-0.285,PIPE,0.00224688030267675,0.00201101927601688
0,-0.285,TPC,0.043150389345719,0.0158077210380382
0,-0.28,EMCAL,19.0681918010872,0.848815858211521
0,-0.28,IHCAL,1.34500084061131,0.352637343685121
0,-0.28,INTT,0.0569774790178499,0.0234826462783587
0,-0.28,MAGNET,1.41048360862021,0.322619860008993
0,-0.28,MVTX,0.0150365619193261,0.00664015621352416
0,-0.28,OHCAL,35.9482449226108,3.95154315391196
0,-0.28,OTHER,3.89195990002895e-25,7.01036541322208e-25
0,-0.28,PIPE,0.00224381647414558,0.00200827706574994
0,-0.28,TPC,0.0430915498099183,0.0157861657523954
0,-0.275,EMCAL,18.7849118502152,0.84153148425647
0,-0.275,IHCAL,1.34319089283185,0.352163040193342
0,-0.275,INTT,0.0569011033222376,0.0234511688687708
0,-0.275,MAGNET,1.40859292007774,0.322187402893457
0,-0.275,MVTX,0.0143209312678626,0.00626073780951251
0,-0.275,OHCAL,35.9000578982608,3.94624628622794
0,-0.275,OTHER,3.89737408894092e-25,7.02011768294328e-25
0,-0.275,PIPE,0.00224080874114312,0.00200558506251423
0,-0.275,TPC,0.0430337875651072,0.0157650051217186
0,-0.27,EMCAL,18.7431431669259,0.835951707030837
0,-0.27,IHCAL,1.34142164233578,0.351699168767935
0,-0.27,INTT,0.0568261501571719,0.0234202777396261
0,-0.27,MAGNET,1.40673744643163,0.321763000479775
0,-0.27,MVTX,0.0143020669741576,0.00625249083208904
0,-0.27,OHCAL,35.8527684291924,3.94104808035825
0,-0.27,OTHER,3.90268743622977e-25,7.02968831239963e-25
0,-0.27,PIPE,0.00223785702847589,0.00200294319900953
0,-0.27,TPC,0.0429771011672267,0.015744238616991
0,-0.265,EMCAL,18.2547315380928,0.790784956103469
0,-0.265,IHCAL,1.33777161524292,0.350806229284513
0,-0.265,INTT,0.0567526176488198,0.0233899721186447
0,-0.265,MAGNET,1.40491714129495,0.321346642157863
0,-0.265,MVTX,0.0142835602328717,0.00624440016726202
0,-0.265,OHCAL,35.8063752812021,3.93594840089584
0,-0.265,OTHER,3.90790007472946e-25,7.03907754085739e-25
0,-0.265,PIPE,0.00223496126235093,0.00200035140918914
0,-0.265,TPC,0.0429214891991137,0.0157238657190488
0,-0.26,EMCAL,19.1824595118969,0.857807529754024
0,-0.26,IHCAL,1.39333077024682,0.363457324126957
0,-0.26,INTT,0.0566805039588649,0.0233602512481845
0,-0.26,MAGNET,1.40313195915998,0.320938317518741
0,-0.26,MVTX,0.0142654105813356,0.00623646561276439
0,-0.26,OHCAL,35.7608772944587,3.93094712034844
0,-0.26,OTHER,3.91301213475621e-25,7.04828560304776e-25
0,-0.26,PIPE,0.00223212137037393,0.00199780962825815
0,-0.26,TPC,0.0428669502704661,0.0157038859185685
0,-0.255,EMCAL,19.1497548328498,0.858013660578872
0,-0.255,IHCAL,1.35039193487006,0.34987950618208
0,-0.255,INTT,0.056609807284461,0.0233311143852221
0,-0.255,MAGNET,1.40138185539706,0.320538016354274
0,-0.255,MVTX,0.0142476175658071,0.00622868697023193
0,-0.255,OHCAL,35.7162733315102,3.92604411368379
0,-0.255,OTHER,3.9180237441118e-25,7.05731272917276e-25
0,-0.255,PIPE,0.00222933728154743,0.00199531779267191
0,-0.255,TPC,0.0428134830178022,0.0156842987160534
0,-0.25,EMCAL,19.5218455895364,0.86832112236567
0,-0.25,IHCAL,1.20511684533838,0.314592838286975
0,-0.25,INTT,0.0565405258581877,0.0233025608013346
0,-0.25,MAGNET,1.39966678625352,0.32014572865691
0,-0.25,MVTX,0.0142301807414597,0.00622106404519812
0,-0.25,OHCAL,35.6725622772552,3.92123925832646
0,-0.25,OTHER,3.92293502808673e-25,7.06615914491103e-25
0,-0.25,PIPE,0.00222660892626911,0.00199287584013444
0,-0.25,TPC,0.0427610861044494,0.0156651036218238
0,-0.245,EMCAL,19.4050935808226,0.855820805920912
0,-0.245,IHCAL,1.20366684446277,0.314214430552189
0,-0.245,INTT,0.0564726579480057,0.0232745897826808
0,-0.245,MAGNET,1.39798670885253,0.319761444619436
0,-0.245,MVTX,0.0142130996723721,0.00621359664708945
0,-0.245,OHCAL,35.6297430389151,3.91653243415482
0,-0.245,OTHER,3.92774610946334e-25,7.07482507142342e-25
0,-0.245,PIPE,0.00222393623632991,0.00199048370959675
0,-0.245,TPC,0.0427097582204821,0.0156463001560013
0,-0.24,EMCAL,19.1363838281338,0.815260423734726
0,-0.24,IHCAL,1.202245537387,0.313843558445155
0,-0.24,INTT,0.0564062018572135,0.0232472006299837
0,-0.24,MAGNET,1.39634158119208,0.319385154634732
0,-0.24,MVTX,0.0163317133350466,0.0073438969835385
0,-0.24,OHCAL,35.5878145460066,3.91192352349802
0,-0.24,OTHER,3.93245710851892e-25,7.08331072535852e-25
0,-0.24,PIPE,0.00222131914491242,0.00198814134125546
0,-0.24,TPC,0.0426594980826891,0.015627887848497
0,-0.235,EMCAL,18.6979546501279,0.815237992966503
0,-0.235,IHCAL,1.20086178217982,0.313482246927166
0,-0.235,INTT,0.0563411559244057,0.0232203926585132
0,-0.235,MAGNET,1.39473136214388,0.319016849295529
0,-0.235,MVTX,0.0156439538180401,0.00697905451349408
0,-0.235,OHCAL,35.5467757503154,3.90741241113306
0,-0.235,OTHER,3.9370681430287e-25,7.09161631885817e-25
0,-0.235,PIPE,0.00221875758658929,0.00198584867655128
0,-0.235,TPC,0.0426103044345699,0.0156098662390028
0,-0.23,EMCAL,18.7746004668085,0.843533750586824
0,-0.23,IHCAL,1.19950524871812,0.313128132069439
0,-0.23,INTT,0.0562775185234304,0.0231941651980685
0,-0.23,MAGNET,1.39315601145237,0.318656519394174
0,-0.23,MVTX,0.0141639867707968,0.00619212576687391
0,-0.23,OHCAL,35.5048925666727,3.90195757127575
0,-0.23,OTHER,3.94157932826878e-25,7.0997420595626e-25
0,-0.23,PIPE,0.00221625149732134,0.00198360565816741
0,-0.23,TPC,0.0425621760462752,0.0155922348769769
0,-0.225,EMCAL,19.1091626783872,0.8532587807352
0,-0.225,IHCAL,1.19817870348217,0.312781845553021
0,-0.225,INTT,0.0562152880633494,0.0231685175929619
0,-0.225,MAGNET,1.39161548973372,0.3183041559224
0,-0.225,MVTX,0.014148324541252,0.00618527864842479
0,-0.225,OHCAL,35.4656320260959,3.89764287117439
0,-0.225,OTHER,3.94599077701902e-25,7.10768815061575e-25
0,-0.225,PIPE,0.0022138008144563,0.00198141223002835
0,-0.225,TPC,0.0425151117146099,0.0155749933216364
0,-0.22,EMCAL,19.0342291673619,0.84819461106889
0,-0.22,IHCAL,1.19688211329582,0.312443378717883
0,-0.22,INTT,0.0561544629883978,0.0231434492020017
0,-0.22,MAGNET,1.39010975847479,0.317959750071103
0,-0.22,MVTX,0.0141330160205575,0.00617858616226403
0,-0.22,OHCAL,35.4272581281669,3.89342561234782
0,-0.22,OTHER,3.95030259956587e-25,7.11545479067034e-25
0,-0.22,PIPE,0.0022114054767269,0.00197926833729821
0,-0.22,TPC,0.0424691102629403,0.0155581411419388
0,-0.215,EMCAL,19.408115681957,0.825202913395816
0,-0.215,IHCAL,1.19561544573183,0.312112723099496
0,-0.215,INTT,0.0560950417779456,0.023118959398477
0,-0.215,MAGNET,1.38863878003222,0.317623293230118
0,-0.215,MVTX,0.0141180608259997,0.00617204814107913
0,-0.215,OHCAL,35.3897699135362,3.88930568936433
0,-0.215,OTHER,3.95451490370512e-25,7.12304217389275e-25
0,-0.215,PIPE,0.0022090654242496,0.00197717392637959
0,-0.215,TPC,0.0424241705412506,0.0155416779165813
0,-0.21,EMCAL,19.8862373277587,0.863279820195018
0,-0.21,IHCAL,1.19437866911109,0.311789870428624
0,-0.21,INTT,0.0560370229464595,0.0230950475701414
0,-0.21,MAGNET,1.38720251763148,0.317294776988006
0,-0.21,MVTX,0.0141034585836979,0.00616566442141922
0,-0.21,OHCAL,35.3531664449967,3.88528299922565
0,-0.21,OTHER,3.9586277947446e-25,7.13045048996797e-25
0,-0.21,PIPE,0.00220678059852293,0.0019751289449121
0,-0.21,TPC,0.0423802914260284,0.0155256032339806
0,-0.205,EMCAL,20.0567201960408,0.882124506979409
0,-0.205,IHCAL,1.1931717525018,0.311474812631118
0,-0.205,INTT,0.0559804050434656,0.0230717131191978
0,-0.205,MAGNET,1.38580093536592,0.316974193131845
0,-0.205,MVTX,0.0140892089285952,0.00615943484369098
0,-0.205,OHCAL,35.3191707170834,3.88239335629856
0,-0.205,OTHER,3.96264137550678e-25,7.13767992410427e-25
0,-0.205,PIPE,0.00220455094242621,0.00197313334177113
0,-0.205,TPC,0.0423374718202991,0.0155099166922694
0,-0.2,EMCAL,19.6397945618153,0.869998116641254
0,-0.2,IHCAL,1.20715319570034,0.320276457615017
0,-0.2,INTT,0.0559251866535136,0.023048955462284
0,-0.2,MAGNET,1.38443399819593,0.316661533647021
0,-0.2,MVTX,0.0140753115044495,0.00615335925215463
0,-0.2,OHCAL,35.2843323171125,3.87856381076152
0,-0.2,OTHER,3.96655574633141e-25,7.1447306570379e-25
0,-0.2,PIPE,0.00220237640021785,0.00197118706706646
0,-0.2,TPC,0.0422957106535704,0.0154946178992833
0,-0.195,EMCAL,19.6403694632911,0.863875500113063
0,-0.195,IHCAL,1.20599132131544,0.319968200049503
0,-0.195,INTT,0.0558713663961405,0.0230267740304571
0,-0.195,MAGNET,1.383101671948,0.316356790717032
0,-0.195,MVTX,0.0140617659638245,0.00614743749492007
0,-0.195,OHCAL,35.2503760272871,3.87483122952176
0,-0.195,OTHER,3.97037100507795e-25,7.15160286503754e-25
0,-0.195,PIPE,0.00220025691753418,0.00196929007214111
0,-0.195,TPC,0.0422550068818053,0.0154797064725511
0,-0.19,EMCAL,19.7798940794377,0.839536722240625
0,-0.19,IHCAL,1.20485959722225,0.319667941807639
0,-0.19,INTT,0.0558189429258375,0.0230051682691804
0,-0.19,MAGNET,1.38180392331391,0.316059956723287
0,-0.19,MVTX,0.014048571968081,0.00614166942394306
0,-0.19,OHCAL,35.2173009986985,3.87119551926456
0,-0.19,OTHER,3.97408724712808e-25,7.15829671990875e-25
0,-0.19,PIPE,0.00219819244138809,0.00196744230957017
0,-0.19,TPC,0.0422153594874244,0.0154651820392881
0,-0.185,EMCAL,20.0248694097039,0.839609696958266
0,-0.185,IHCAL,1.20375799511549,0.319375675380178
0,-0.185,INTT,0.0557679149320147,0.0229841376383085
0,-0.185,MAGNET,1.38054071984987,0.315771024244922
0,-0.185,MVTX,0.0140357291873684,0.00613605489502152
0,-0.185,OHCAL,35.185106404469,3.86765658909696
0,-0.185,OTHER,3.97770456538803e-25,7.16481238899825e-25
0,-0.185,PIPE,0.0021961829201675,0.00196564373315942
0,-0.185,TPC,0.0421767674792237,0.015451044236381
0,-0.18,EMCAL,20.0152913019908,0.882349666037292
0,-0.18,IHCAL,1.20268648744296,0.319091393457684
0,-0.18,INTT,0.0557182811389699,0.0229636816120747
0,-0.18,MAGNET,1.37931202997573,0.315489986058609
0,-0.18,MVTX,0.0140232373006165,0.00613059376779197
0,-0.18,OHCAL,35.1537914397322,3.86421435054553
0,-0.18,OTHER,3.98122305029096e-25,7.17115003519811e-25
0,-0.18,PIPE,0.0021942283036343,0.00196389429794438
0,-0.18,TPC,0.042139229892412,0.0154372927103851
0,-0.175,EMCAL,19.7876642344058,0.875157672972927
0,-0.175,IHCAL,1.20164504740489,0.318815088930339
0,-0.175,INTT,0.0556700403058555,0.0229437996790772
0,-0.175,MAGNET,1.37811782297417,0.31521683513838
0,-0.175,MVTX,0.0140110959955275,0.0061252859057259
0,-0.175,OHCAL,35.1233553216123,3.86086871755413
0,-0.175,OTHER,3.98464278979916e-25,7.17730981694981e-25
0,-0.175,PIPE,0.00219232854292297,0.00196219396018907
0,-0.175,TPC,0.0421027457885317,0.0154239271175099
0,-0.17,EMCAL,19.4143661207152,0.864312737085079
0,-0.17,IHCAL,1.18555697487598,0.309487027151076
0,-0.17,INTT,0.0556231912266483,0.0229244913422667
0,-0.17,MAGNET,1.37695806898997,0.314951564655446
0,-0.17,MVTX,0.0139993049685682,0.0061201311761265
0,-0.17,OHCAL,35.0937972892048,3.85761960648175
0,-0.17,OTHER,3.98796386940631e-25,7.18329188824823e-25
0,-0.17,PIPE,0.0021904835905394,0.00196054267738497
0,-0.17,TPC,0.0420673142554997,0.015410947123617
0,-0.165,EMCAL,19.2220272541428,0.827453362958394
0,-0.165,IHCAL,1.18458791424582,0.309234061016912
0,-0.165,INTT,0.0555777327301186,0.0229057561189337
0,-0.165,MAGNET,1.37583273902921,0.314694167978033
0,-0.165,MVTX,0.0139878639249622,0.00611512945012526
0,-0.165,OHCAL,35.0651166035574,3.85446693610045
0,-0.165,OTHER,3.99118637213957e-25,7.18909639864543e-25
0,-0.165,PIPE,0.00218869340035966,0.00195894040824989
0,-0.165,TPC,0.0420329344074986,0.0153983524042032
0,-0.16,EMCAL,19.176000191229,0.79363628684104
0,-0.16,IHCAL,1.18364846874896,0.308988825835866
0,-0.16,INTT,0.0555336636798021,0.0228875935406967
0,-0.16,MAGNET,1.37474180495858,0.314444638671209
0,-0.16,MVTX,0.0139767725786828,0.00611028060267877
0,-0.16,OHCAL,35.0373125476513,3.85141062759331
0,-0.16,OTHER,3.99431037856167e-25,7.19472349325449e-25
0,-0.16,PIPE,0.00218695792762897,0.00195738711272708
0,-0.16,TPC,0.0419996053850637,0.0153861426444033
0,-0.155,EMCAL,19.3272516899527,0.860030586838831
0,-0.155,IHCAL,1.18273861488731,0.308751315474326
0,-0.155,INTT,0.0554909829739698,0.0228700031534903
0,-0.155,MAGNET,1.37368523950468,0.31420297049673
0,-0.155,MVTX,0.0139660306524459,0.00610558451256559
0,-0.155,OHCAL,35.0103844263838,3.84845060455245
0,-0.155,OTHER,3.99733596677293e-25,7.20017331275309e-25
0,-0.155,PIPE,0.00218527712896035,0.00195588275198402
0,-0.155,TPC,0.0419673263549452,0.0153743175389702
0,-0.15,EMCAL,19.6127118087564,0.867461211954078
0,-0.15,IHCAL,1.18185832990266,0.308521523991812
0,-0.15,INTT,0.0554496895456021,0.0228529845175539
0,-0.15,MAGNET,1.37266301625331,0.313969157412878
0,-0.15,MVTX,0.0139556378777027,0.00610104106238322
0,-0.15,OHCAL,34.9843315665505,3.84558679297715
0,-0.15,OTHER,4.00026321241323e-25,7.20544599338697e-25
0,-0.15,PIPE,0.00218365096233377,0.00195442728841163
0,-0.15,TPC,0.0419360965101768,0.0153628767922769
0,-0.145,EMCAL,19.0805278938087,0.852634730224556
0,-0.145,IHCAL,1.18100759177601,0.308299445640824
0,-0.145,INTT,0.055409782362361,0.0228365372074207
0,-0.145,MAGNET,1.37167510964884,0.313743193574313
0,-0.145,MVTX,0.0139455939946331,0.00609665013854515
0,-0.145,OHCAL,34.9591533168283,3.84281912127196
0,-0.145,OTHER,4.00309218866385e-25,7.21054166697345e-25
0,-0.145,PIPE,0.00218207938709496,0.00195302068562323
0,-0.145,TPC,0.0419059150699889,0.0153518201183019
0,-0.14,EMCAL,19.434458585395,0.838921060439619
0,-0.14,IHCAL,1.18018637922708,0.308085074866696
0,-0.14,INTT,0.0553712604265649,0.022820660811907
0,-0.14,MAGNET,1.37072149499355,0.313525073331929
0,-0.14,MVTX,0.0139358987521399,0.00609241163127811
0,-0.14,OHCAL,34.9331438966689,3.83912287750506
0,-0.14,OTHER,4.00582296624935e-25,7.2154604609046e-25
0,-0.14,PIPE,0.00218056236395452,0.00195166290845372
0,-0.14,TPC,0.041876781279877,0.0153411472406311
0,-0.135,EMCAL,19.6790092253244,0.813190719010976
0,-0.135,IHCAL,1.17939467171378,0.307878406307461
0,-0.135,INTT,0.0553341227751634,0.0228053549341023
0,-0.135,MAGNET,1.36980214844703,0.313314791232708
0,-0.135,MVTX,0.0139265519078413,0.00608832543461916
0,-0.135,OHCAL,34.9097141442955,3.83654796759667
0,-0.135,OTHER,4.0084556134393e-25,7.22020249815054e-25
0,-0.135,PIPE,0.0021790998549867,0.00195035392295854
0,-0.135,TPC,0.0418486944114669,0.0153308578924392
0,-0.13,EMCAL,20.0107900303419,0.883102534338622
0,-0.13,IHCAL,1.17863244943166,0.307679434793716
0,-0.13,INTT,0.0552983684797132,0.0227906191913586
0,-0.13,MAGNET,1.36891704702557,0.313112342019585
0,-0.13,MVTX,0.0139175532280658,0.00608439144641318
0,-0.13,OHCAL,34.887157136594,3.83406897158729
0,-0.13,OTHER,4.01099019605003e-25,7.22476789726247e-25
0,-0.13,PIPE,0.0021776918236288,0.00194909369641304
0,-0.13,TPC,0.041821653762608,0.0153209518164943
0,-0.125,EMCAL,19.8898490282876,0.878684854009492
0,-0.125,IHCAL,1.17789969331344,0.307488155348491
0,-0.125,INTT,0.0552639966463552,0.0227764532152818
0,-0.125,MAGNET,1.36806616860157,0.312917720631322
0,-0.125,MVTX,0.0139089024878458,0.00608060956831025
0,-0.125,OHCAL,34.865472309638,3.83168582750189
0,-0.125,OTHER,4.01342677744624e-25,7.22915677237558e-25
0,-0.125,PIPE,0.00217633823467989,0.00194788219731146
0,-0.125,TPC,0.0417956586572711,0.0153114287651426
0,-0.12,EMCAL,19.4290372482223,0.866367413821997
0,-0.12,IHCAL,1.17719638502853,0.307304563187121
0,-0.12,INTT,0.0552310064157917,0.0227628566517216
0,-0.12,MAGNET,1.36724949190305,0.312730922202372
0,-0.12,MVTX,0.0139005994709125,0.00607697970576322
0,-0.12,OHCAL,34.8446591213056,3.82939847576175
0,-0.12,OTHER,4.01576541854258e-25,7.23336923321198e-25
0,-0.12,PIPE,0.0021750390543002,0.00194671939536626
0,-0.12,TPC,0.0417707084455611,0.0153022885003059
0,-0.115,EMCAL,19.6327996901128,0.850042182181591
0,-0.115,IHCAL,1.191484311563,0.316119355197732
0,-0.115,INTT,0.055199396963265,0.0227498291607632
0,-0.115,MAGNET,1.36646699651304,0.312551942062765
0,-0.115,MVTX,0.0138926439696899,0.00607350176802536
0,-0.115,OHCAL,34.8264169098431,3.828228321597
0,-0.115,OTHER,4.0180061778052e-25,7.23740538508341e-25
0,-0.115,PIPE,0.00217379425001013,0.00194560526150732
0,-0.115,TPC,0.0417468025037489,0.0152935307934798
0,-0.11,EMCAL,19.3937514061903,0.809072225118517
0,-0.11,IHCAL,1.19083165319655,0.315946200340063
0,-0.11,INTT,0.0551691674985377,0.0227373704167189
0,-0.11,MAGNET,1.36571866286911,0.312380775737988
0,-0.11,MVTX,0.0138850357852901,0.00607017566814802
0,-0.11,OHCAL,34.807344528631,3.8261318259941
0,-0.11,OTHER,4.0201491112532e-25,7.24126532889388e-25
0,-0.11,PIPE,0.00217260379068956,0.00194453976788128
0,-0.11,TPC,0.0417239402341735,0.0152851554257202
0,-0.105,EMCAL,18.610329756767,0.835648482117315
0,-0.105,IHCAL,1.19020876592827,0.315780944209856
0,-0.105,INTT,0.0551403172658711,0.0227254801081191
0,-0.105,MAGNET,1.36500447226288,0.312217418948875
0,-0.105,MVTX,0.0138777747275081,0.00606700132297854
0,-0.105,OHCAL,34.789142332845,3.82413098388613
0,-0.105,OTHER,4.02219427246004e-25,7.24494916114219e-25
0,-0.105,PIPE,0.00217146764657689,0.00194352288785069
0,-0.105,TPC,0.0417021210652771,0.0152771621876422
0,-0.1,EMCAL,19.2558477244837,0.85581652753498
0,-0.1,IHCAL,1.18961563417441,0.315623582673058
0,-0.1,INTT,0.055112845544008,0.0227141579377057
0,-0.1,MAGNET,1.36432440683955,0.312061867611496
0,-0.1,MVTX,0.0138708606148171,0.00606397865315812
0,-0.1,OHCAL,34.7718098674293,3.82222574525192
0,-0.1,OTHER,4.02414171255484e-25,7.24845697392433e-25
0,-0.1,PIPE,0.00217038578926849,0.00194255459599353
0,-0.1,TPC,0.0416813444515793,0.0152695508794147
0,-0.095,EMCAL,20.75811699593,0.903530935635545
0,-0.095,IHCAL,1.1890522430951,0.315474111792985
0,-0.095,INTT,0.055086751646154,0.0227034036224237
0,-0.095,MAGNET,1.36367844959745,0.311914117837062
0,-0.095,MVTX,0.013864293274364,0.00606110758311987
0,-0.095,OHCAL,34.7553466990713,3.82041606246042
0,-0.095,OTHER,4.02599148022371e-25,7.25178885493581e-25
0,-0.095,PIPE,0.00216935819171788,0.00194163486810247
0,-0.095,TPC,0.0416616098736694,0.015262321310755
0,-0.0900000000000001,EMCAL,18.9358955552925,0.840846296949524
0,-0.0900000000000001,IHCAL,1.18851857859404,0.315332527830225
0,-0.0900000000000001,INTT,0.0550620349199602,0.0226932168934148
0,-0.0900000000000001,MAGNET,1.36306658438762,0.311774165931818
0,-0.0900000000000001,MVTX,0.0138580725419648,0.00605838804108687
0,-0.0900000000000001,OHCAL,34.739752416191,3.81870189026947
0,-0.0900000000000001,OTHER,4.02774362171094e-25,7.25494488747383e-25
0,-0.0900000000000001,PIPE,0.00216838482823502,0.0019407636811842
0,-0.0900000000000001,TPC,0.0416429168381705,0.0152554733009224
0,-0.085,EMCAL,18.6024433413466,0.793688144459444
0,-0.085,IHCAL,1.18801462731811,0.315198827242548
0,-0.085,INTT,0.0550386947475073,0.0226835974960101
0,-0.085,MAGNET,1.36248879591339,0.311642008396962
0,-0.085,MVTX,0.0138521982621009,0.00605581995907045
0,-0.085,OHCAL,34.7250266289304,3.81708318582466
0,-0.085,OTHER,4.02939818082015e-25,7.25792515043936e-25
0,-0.085,PIPE,0.00216746567448582,0.00193994101345906
0,-0.085,TPC,0.0416252648777559,0.0152490066787163
0,-0.0800000000000001,EMCAL,20.0752180874226,0.867408459868707
0,-0.0800000000000001,IHCAL,1.18754037665702,0.315073006684806
0,-0.0800000000000001,INTT,0.0550167305452897,0.0226745451897243
0,-0.0800000000000001,MAGNET,1.36194506973002,0.311517641928546
0,-0.0800000000000001,MVTX,0.013846670287915,0.00605340327286841
0,-0.0800000000000001,OHCAL,34.7111689691441,3.8155599086583
0,-0.0800000000000001,OTHER,4.03095519891542e-25,7.26072971833914e-25
0,-0.0800000000000001,PIPE,0.00216660070749139,0.00193916684436031
0,-0.0800000000000001,TPC,0.0416086535511478,0.0152429212824731
0,-0.0750000000000002,EMCAL,19.4194047863875,0.864139550388181
0,-0.0750000000000002,IHCAL,1.1721891025139,0.305997467085933
0,-0.0750000000000002,INTT,0.0549961417642011,0.0226660597482492
0,-0.0750000000000002,MAGNET,1.36143539224433,0.311401063417404
0,-0.0750000000000002,MVTX,0.0138414884812075,0.00605113792206347
0,-0.0750000000000002,OHCAL,34.69817909039,3.81413202068838
0,-0.0750000000000002,OTHER,4.03241471492228e-25,7.2633586612875e-25
0,-0.0750000000000002,PIPE,0.00216578990562745,0.00193844115453363
0,-0.0750000000000002,TPC,0.0415930824430237,0.0152372169600536
0,-0.0700000000000001,EMCAL,19.1423457400187,0.855824501227782
0,-0.0700000000000001,IHCAL,1.17177942614508,0.305890526835121
0,-0.0700000000000001,INTT,0.0549769278895211,0.0226581409594484
0,-0.0700000000000001,MAGNET,1.36095975071435,0.311292269949066
0,-0.0700000000000001,MVTX,0.013836652712433,0.00604902385002174
0,-0.0700000000000001,OHCAL,34.6860566679203,3.81279948621764
0,-0.0700000000000001,OTHER,4.03377676532868e-25,7.26581204500815e-25
0,-0.0700000000000001,PIPE,0.00216503324862397,0.0019377639258368
0,-0.0700000000000001,TPC,0.0415785511641379,0.0152318935688528
0,-0.0650000000000002,EMCAL,19.3705527913199,0.861973817647938
0,-0.0650000000000002,IHCAL,1.17139904447595,0.305791233898409
0,-0.0650000000000002,INTT,0.0549590884409016,0.0226507886253516
0,-0.0650000000000002,MAGNET,1.36051813324902,0.31119125880369
0,-0.0650000000000002,MVTX,0.0138321628606969,0.00604706100389131
0,-0.0650000000000002,OHCAL,34.6748013986738,3.81156227193263
0,-0.0650000000000002,OTHER,4.03504138418599e-25,7.26808993083582e-25
0,-0.0650000000000002,PIPE,0.0021643307175645,0.00193713514133905
0,-0.0650000000000002,TPC,0.0415650593511968,0.0152269509757846
0,-0.0600000000000001,EMCAL,19.8415851558204,0.835863373677598
0,-0.0600000000000001,IHCAL,1.17104794798556,0.305699585790863
0,-0.0600000000000001,INTT,0.0549426229723557,0.0226440025621502
0,-0.0600000000000001,MAGNET,1.36011052880789,0.311098027455991
0,-0.0600000000000001,MVTX,0.0138280188137528,0.00604524933460094
0,-0.0600000000000001,OHCAL,34.6644130012683,3.81042034690295
0,-0.0600000000000001,OTHER,4.03620860310972e-25,7.27019237571778e-25
0,-0.0600000000000001,PIPE,0.00216368229488564,0.0019365547853207
0,-0.0600000000000001,TPC,0.0415526066669098,0.0152223890572845
0,-0.0550000000000002,EMCAL,18.8347460894216,0.799772870543599
0,-0.0550000000000002,IHCAL,1.17072612788509,0.305615580218673
0,-0.0550000000000002,INTT,0.0549275310722457,0.0226377826001922
0,-0.0550000000000002,MAGNET,1.35973692720081,0.311012573575183
0,-0.0550000000000002,MVTX,0.0138242204679992,0.00604358879685881
0,-0.0550000000000002,OHCAL,34.6530344968544,3.80825796104953
0,-0.0550000000000002,OTHER,4.03727845128042e-25,7.27211943221526e-25
0,-0.0550000000000002,PIPE,0.00216308796437689,0.00193602284327287
0,-0.0550000000000002,TPC,0.0415411927999426,0.0152182076993024
0,-0.05,EMCAL,19.8360905405892,0.87440390689042
0,-0.05,IHCAL,1.17043357611766,0.305539215079092
0,-0.05,INTT,0.0549138123632732,0.0226321285839783
0,-0.05,MAGNET,1.35939731908774,0.310934895024912
0,-0.05,MVTX,0.0138207677284774,0.00604207934915135
0,-0.05,OHCAL,34.6437898913309,3.80695247836286
0,-0.05,OTHER,4.03825095544434e-25,7.27387114850475e-25
0,-0.05,PIPE,0.00216254771117989,0.00193553930189695
0,-0.05,TPC,0.0415308174649702,0.0152144067973066
0,-0.0450000000000002,EMCAL,20.1396205478896,0.883829522061122
0,-0.0450000000000002,IHCAL,1.1701702853581,0.305470488460392
0,-0.0450000000000002,INTT,0.0549014665024699,0.0226270403721577
0,-0.0450000000000002,MAGNET,1.35909169597844,0.310864989863211
0,-0.0450000000000002,MVTX,0.0138176605088686,0.00604072095374232
0,-0.0450000000000002,OHCAL,34.6360000855716,3.80609647414421
0,-0.0450000000000002,OTHER,4.03912613991413e-25,7.27544756837927e-25
0,-0.0450000000000002,PIPE,0.0021620615217883,0.00193510414910438
0,-0.0450000000000002,TPC,0.0415214804025919,0.0152109862562726
0,-0.04,EMCAL,19.7163750877239,0.872470704659414
0,-0.04,IHCAL,1.16993624901279,0.30540939864181
0,-0.04,INTT,0.0548904931811886,0.0226225178375249
0,-0.04,MAGNET,1.35882005023233,0.310802856342448
0,-0.04,MVTX,0.0138148987314921,0.00603951357667175
0,-0.04,OHCAL,34.6290671530777,3.80533467533992
0,-0.04,OTHER,4.03990402656946e-25,7.27684873124939e-25
0,-0.04,PIPE,0.00216162938404737,0.00193471737401633
0,-0.04,TPC,0.0415131813793862,0.0152079459906872
0,-0.0350000000000001,EMCAL,19.2776468851469,0.831720474303094
0,-0.0350000000000001,IHCAL,1.16973146121946,0.305355944093502
0,-0.0350000000000001,INTT,0.0548808921250958,0.0226185608670163
0,-0.0350000000000001,MAGNET,1.35858237505825,0.310748492909281
0,-0.0350000000000001,MVTX,0.0158861285427701,0.00714320223776706
0,-0.0350000000000001,OHCAL,34.6229999547631,3.80466801069838
0,-0.0350000000000001,OTHER,4.04058463485753e-25,7.27807467214427e-25
0,-0.0350000000000001,PIPE,0.00216125128715362,0.00193437896696339
0,-0.0350000000000001,TPC,0.0415059201878715,0.015205285924543
0,-0.03,EMCAL,19.8783939173345,0.828477701431237
0,-0.03,IHCAL,1.16955591684709,0.305310123476512
0,-0.03,INTT,0.0548726630941645,0.0226151693617075
0,-0.03,MAGNET,1.3583786645143,0.310701898204622
0,-0.03,MVTX,0.015883750618269,0.007142133343782
0,-0.03,OHCAL,35.1794899403082,3.86302424642998
0,-0.03,OTHER,4.04116798179359e-25,7.27912542171247e-25
0,-0.03,PIPE,0.00216092722165462,0.00193408891948538
0,-0.03,TPC,0.0414996966465345,0.0152030059913402
0,-0.0250000000000001,EMCAL,19.8113699017696,0.876044293477979
0,-0.0250000000000001,IHCAL,1.18428099616523,0.31420830287355
0,-0.0250000000000001,INTT,0.0548658058826685,0.0226123432368106
0,-0.0250000000000001,MAGNET,1.35820891350771,0.3106630710636
0,-0.0250000000000001,MVTX,0.0158854953310426,0.00714322780438409
0,-0.0250000000000001,OHCAL,35.1771191209476,3.86396609919827
0,-0.0250000000000001,OTHER,4.04165408196133e-25,7.28000100622281e-25
0,-0.0250000000000001,PIPE,0.0021606571794487,0.00193384722433108
0,-0.0250000000000001,TPC,0.0414945105997695,0.0152011061340783
0,-0.02,EMCAL,18.9927684738798,0.85234166430887
0,-0.02,IHCAL,1.18416243930315,0.314176853394635
0,-0.02,INTT,0.0548603203191772,0.0226100824216723
0,-0.02,MAGNET,1.35807311779471,0.310632010515535
0,-0.02,MVTX,0.017954965781996,0.00824588015585526
0,-0.02,OHCAL,36.1877144923256,3.96997160384983
0,-0.02,OTHER,4.0420429475133e-25,7.28070144756494e-25
0,-0.02,PIPE,0.00216044115378481,0.00193365387545812
0,-0.02,TPC,0.0414903619179251,0.0151995863052609
0,-0.0150000000000001,EMCAL,19.6001928279309,0.867870867879564
0,-0.0150000000000001,IHCAL,1.18407348660328,0.314153258362465
0,-0.0150000000000001,INTT,0.0548562062665511,0.0226083868597722
0,-0.0150000000000001,MAGNET,1.35797127398038,0.310608715783912
0,-0.0150000000000001,MVTX,0.0158771727358199,0.0071390248289902
0,-0.0150000000000001,OHCAL,36.1845775631435,3.96962949567445
0,-0.0150000000000001,OTHER,4.04233458817114e-25,7.28122676324992e-25
0,-0.0150000000000001,PIPE,0.00216027913926228,0.00193350886803275
0,-0.0150000000000001,TPC,0.138161244248652,0.0363225335345946
0,-0.01,EMCAL,20.2603785441164,0.868724603565361
0,-0.01,IHCAL,1.1840141358305,0.31413751718458
0,-0.01,INTT,0.0548534636219387,0.022607256508721
0,-0.01,MAGNET,1.35790337951862,0.31059318628636
0,-0.01,MVTX,0.0147051237155063,0.00651467602186798
0,-0.01,OHCAL,36.1823603544634,3.96938821304184
0,-0.01,OTHER,4.04252901122588e-25,7.28157696641067e-25
0,-0.01,PIPE,0.00216017113183073,0.00193341219842977
0,-0.01,TPC,0.245238461083034,0.0701684388706573
0,-0.00500000000000012,EMCAL,0.380732555438006,0.066914716622308
0,-0.00500000000000012,IHCAL,1.18398438548973,0.31412962946486
0,-0.00500000000000012,INTT,0.054852092316774,0.0226066913402601
0,-0.00500000000000012,MAGNET,1.35786943271208,0.310585421634643
0,-0.00500000000000012,MVTX,0.0166781779136169,0.00756586317613084
0,-0.00500000000000012,OHCAL,35.8977189199301,3.93952178064511
0,-0.00500000000000012,OTHER,4.04262622153813e-25,7.28175206580231e-25
0,-0.00500000000000012,PIPE,0.00216011712879002,0.00193336386423249
0,-0.00500000000000012,TPC,0.10597048341675,0.0520869953997758
0,0,EMCAL,0.380732555438006,0.066914716622308
0,0,IHCAL,1.18398134337517,0.314128933642117
0,0,INTT,0.054852092316774,0.0226066913402601
0,0,MAGNET,1.35786943271208,0.310585421634643
0,0,MVTX,0.017891239014797,0.00821212734448085
0,0,OHCAL,35.8977189366258,3.93952178239668
0,0,OTHER,4.04262622153812e-25,7.2817520658023e-25
0,0,PIPE,0.00216011712879002,0.00193336386423249
0,0,TPC,0.10597048341675,0.0520869953997758
0,0.00499999999999989,EMCAL,20.1957409657684,0.867916646607671
0,0.00499999999999989,IHCAL,1.18401105663462,0.314136812880228
0,0.00499999999999989,INTT,0.0548534636219387,0.022607256508721
0,0.00499999999999989,MAGNET,1.35790337951862,0.31059318628636
0,0.00499999999999989,MVTX,0.0142226856815523,0.00625765482607627
0,0.00499999999999989,OHCAL,36.1823604341049,3.96938822139712
0,0.00499999999999989,OTHER,4.04252901122588e-25,7.28157696641067e-25
0,0.00499999999999989,PIPE,0.00216017113183073,0.00193341219842977
0,0.00499999999999989,TPC,0.245207080376539,0.070150487403437
0,0.01,EMCAL,19.9462157867311,0.878990466564179
0,0.01,IHCAL,1.18407037024494,0.314152545557946
0,0.01,INTT,0.0548562062665511,0.0226083868597722
0,0.01,MAGNET,1.35797127398038,0.310608715783912
0,0.01,MVTX,0.0138062693637076,0.00603574104204044
0,0.01,OHCAL,36.1845784855144,3.96962959244156
0,0.01,OTHER,4.04233458817114e-25,7.28122676324992e-25
0,0.01,PIPE,0.00216027913926228,0.00193350886803275
0,0.01,TPC,0.13726087631785,0.0359661721636096
0,0.0149999999999999,EMCAL,19.3097446308532,0.860120020784758
0,0.0149999999999999,IHCAL,1.18415928569751,0.314176132070541
0,0.0149999999999999,INTT,0.0548603203191772,0.0226100824216723
0,0.0149999999999999,MAGNET,1.35807311779471,0.310632010515535
0,0.0149999999999999,MVTX,0.0138073047929252,0.00603619370470113
0,0.0149999999999999,OHCAL,36.1877145834921,3.96997161341423
0,0.0149999999999999,OTHER,4.0420429475133e-25,7.28070144756494e-25
0,0.0149999999999999,PIPE,0.00216044115378481,0.00193365387545812
0,0.0149999999999999,TPC,0.0414903619179251,0.0151995863052609
0,0.02,EMCAL,19.822618397753,0.874731629501617
0,0.02,IHCAL,1.18427780522373,0.314207573009627
0,0.02,INTT,0.0548658058826685,0.0226123432368106
0,0.02,MAGNET,1.35820891350771,0.3106630710636
0,0.02,MVTX,0.0138086854054817,0.00603679727251882
0,0.02,OHCAL,35.1771193893092,3.86396612735244
0,0.02,OTHER,4.04165408196134e-25,7.28000100622281e-25
0,0.02,PIPE,0.0021606571794487,0.00193384722433108
0,0.02,TPC,0.0414945105997695,0.0152011061340783
0,0.0249999999999999,EMCAL,19.4194756615388,0.815584966290841
0,0.0249999999999999,IHCAL,1.16950715849688,0.305282025620408
0,0.0249999999999999,INTT,0.0548726630941645,0.0226151693617075
0,0.0249999999999999,MAGNET,1.3583786645143,0.310701898204622
0,0.0249999999999999,MVTX,0.0138104112358925,0.00603755176058276
0,0.0249999999999999,OHCAL,35.1819347213902,3.86449299298428
0,0.0249999999999999,OTHER,4.04116798179359e-25,7.27912542171248e-25
0,0.0249999999999999,PIPE,0.00216092722165462,0.00193408891948538
0,0.0249999999999999,TPC,0.0414996966465345,0.0152030059913402
0,0.03,EMCAL,19.723316869568,0.843722474909137
0,0.03,IHCAL,1.1696826585172,0.305327833551526
0,0.03,INTT,0.0548808921250958,0.0226185608670163
0,0.03,MAGNET,1.35858237505825,0.310748492909281
0,0.03,MVTX,0.015180843488453,0.00676745821412759
0,0.03,OHCAL,34.6254454414278,3.8061370130742
0,0.03,OTHER,4.04058463485753e-25,7.27807467214427e-25
0,0.03,PIPE,0.00216125128715362,0.00193437896696339
0,0.03,TPC,0.0415059201878715,0.015205285924543
0,0.0349999999999999,EMCAL,19.3319701913937,0.862003783512956
0,0.0349999999999999,IHCAL,1.16988740072036,0.30538127470707
0,0.0349999999999999,INTT,0.0548904931811886,0.0226225178375249
0,0.0349999999999999,MAGNET,1.35882005023233,0.310802856342448
0,0.0349999999999999,MVTX,0.0160137402554094,0.00721095703273965
0,0.0349999999999999,OHCAL,34.6315134983428,3.80680397990169
0,0.0349999999999999,OTHER,4.03990402656946e-25,7.27684873124939e-25
0,0.0349999999999999,PIPE,0.00216162938404737,0.00193471737401633
0,0.0349999999999999,TPC,0.0415131813793862,0.0152079459906872
0,0.04,EMCAL,19.8701138818547,0.876737626259125
0,0.04,IHCAL,1.17012139023345,0.305442350425023
0,0.04,INTT,0.0549014665024699,0.0226270403721577
0,0.04,MAGNET,1.35909169597844,0.310864989863211
0,0.04,MVTX,0.0163709406768212,0.00740099331158256
0,0.04,OHCAL,34.638447350838,3.80756611765002
0,0.04,OTHER,4.03912613991413e-25,7.27544756837926e-25
0,0.04,PIPE,0.0021620615217883,0.00193510414910438
0,0.04,TPC,0.0415214804025919,0.0152109862562726
0,0.0449999999999999,EMCAL,18.8407240222186,0.848070199109287
0,0.0449999999999999,IHCAL,1.1703846329148,0.30551106223424
0,0.0449999999999999,INTT,0.0549138123632732,0.0226321285839783
0,0.0449999999999999,MAGNET,1.35939731908774,0.310934895024912
0,0.0449999999999999,MVTX,0.0182092791581264,0.00838008003734232
0,0.0449999999999999,OHCAL,34.6462381365212,3.80842249742177
0,0.0449999999999999,OTHER,4.03825095544433e-25,7.27387114850474e-25
0,0.0449999999999999,PIPE,0.00216254771117989,0.00193553930189695
0,0.0449999999999999,TPC,0.0415308174649702,0.0152144067973066
0,0.05,EMCAL,18.9687464321401,0.803895820787839
0,0.05,IHCAL,1.17067713535402,0.305587411854474
0,0.05,INTT,0.0549275310722457,0.0226377826001922
0,0.05,MAGNET,1.35973692720081,0.311012573575183
0,0.05,MVTX,0.0179769053860329,0.00825595177046498
0,0.05,OHCAL,34.6548939796372,3.8093739725178
0,0.05,OTHER,4.03727845128042e-25,7.27211943221525e-25
0,0.05,PIPE,0.00216308796437689,0.00193602284327287
0,0.05,TPC,0.0415411927999426,0.0152182076993024
0,0.0549999999999999,EMCAL,19.4001888983355,0.824747785689018
0,0.0549999999999999,IHCAL,1.17099890487228,0.305671401196432
0,0.0549999999999999,INTT,0.0549426229723557,0.0226440025621502
0,0.0549999999999999,MAGNET,1.36011052880789,0.311098027455991
0,0.0549999999999999,MVTX,0.015902147684735,0.00715025152167306
0,0.0549999999999999,OHCAL,34.664416197247,3.81042068219714
0,0.0549999999999999,OTHER,4.03620860310972e-25,7.27019237571778e-25
0,0.0549999999999999,PIPE,0.00216368229488564,0.0019365547853207
0,0.0549999999999999,TPC,0.0415526066669098,0.0152223890572845
0,0.0599999999999998,EMCAL,19.6656985551497,0.870506305729031
0,0.0599999999999998,IHCAL,1.17134994952239,0.305763032361811
0,0.0599999999999998,INTT,0.0549590884409016,0.0226507886253516
0,0.0599999999999998,MAGNET,1.36051813324902,0.31119125880369
0,0.0599999999999998,MVTX,0.0138321628606969,0.00604706100389132
0,0.0599999999999998,OHCAL,34.674805027439,3.81156265263102
0,0.0599999999999998,OTHER,4.03504138418599e-25,7.26808993083583e-25
0,0.0599999999999998,PIPE,0.0021643307175645,0.00193713514133905
0,0.0599999999999998,TPC,0.0415650593511968,0.0152269509757846
0,0.0649999999999999,EMCAL,19.7637063842622,0.873317909270494
0,0.0649999999999999,IHCAL,1.17173027808908,0.305862307643362
0,0.0649999999999999,INTT,0.0549769278895211,0.0226581409594484
0,0.0649999999999999,MAGNET,1.36095975071435,0.311292269949066
0,0.0649999999999999,MVTX,0.013836652712433,0.00604902385002175
0,0.0649999999999999,OHCAL,34.6860607299671,3.81279991237215
0,0.0649999999999999,OTHER,4.03377676532869e-25,7.26581204500815e-25
0,0.0649999999999999,PIPE,0.00216503324862397,0.0019377639258368
0,0.0649999999999999,TPC,0.0415785511641379,0.0152318935688528
0,0.0699999999999998,EMCAL,19.6697746305612,0.872327320860689
0,0.0699999999999998,IHCAL,1.17213990008919,0.305969229524937
0,0.0699999999999998,INTT,0.0549961417642012,0.0226660597482493
0,0.0699999999999998,MAGNET,1.36143539224433,0.311401063417404
0,0.0699999999999998,MVTX,0.0159194564662598,0.00715818541572341
0,0.0699999999999998,OHCAL,34.6981835862569,3.81413249235552
0,0.0699999999999998,OTHER,4.03241471492227e-25,7.2633586612875e-25
0,0.0699999999999998,PIPE,0.00216578990562747,0.00193844115453365
0,0.0699999999999998,TPC,0.0415930824430293,0.0152372169600542
0,0.075,EMCAL,18.5337306555324,0.821573423893316
0,0.075,IHCAL,1.18753676811209,0.315072181302467
0,0.075,INTT,0.0550167305452897,0.0226745451897243
0,0.075,MAGNET,1.36194506973002,0.311517641928546
0,0.075,MVTX,0.0159254120802228,0.00716086301608605
0,0.075,OHCAL,34.7111738994131,3.8155604258991
0,0.075,OTHER,4.03095519891542e-25,7.26072971833914e-25
0,0.075,PIPE,0.00216660070749139,0.00193916684436031
0,0.075,TPC,0.0416086535511478,0.0152429212824731
0,0.0799999999999998,EMCAL,19.6543583729555,0.824192260364096
0,0.0799999999999998,IHCAL,1.18801098008392,0.315197993010816
0,0.0799999999999998,INTT,0.0550386947475073,0.0226835974960101
0,0.0799999999999998,MAGNET,1.36248879591339,0.311642008396962
0,0.0799999999999998,MVTX,0.0159317658255562,0.00716371963586064
0,0.0799999999999998,OHCAL,34.7250319942267,3.81708374870474
0,0.0799999999999998,OTHER,4.02939818082016e-25,7.25792515043937e-25
0,0.0799999999999998,PIPE,0.00216746567448582,0.00193994101345906
0,0.0799999999999998,TPC,0.0416252648777559,0.0152490066787163
0,0.085,EMCAL,19.8046401356647,0.865211341524961
0,0.085,IHCAL,1.18851489253342,0.315331684717725
0,0.085,INTT,0.0550620349199602,0.0226932168934148
0,0.085,MAGNET,1.36306658438762,0.311774165931818
0,0.085,MVTX,0.0138580725419648,0.00605838804108688
0,0.085,OHCAL,34.7397582171836,3.81870249885901
0,0.085,OTHER,4.02774362171094e-25,7.25494488747383e-25
0,0.085,PIPE,0.00216838482823502,0.0019407636811842
0,0.085,TPC,0.0416429168381705,0.0152554733009224
0,0.0899999999999999,EMCAL,19.1185430527341,0.855313342412433
0,0.0899999999999999,IHCAL,1.18904851806708,0.315473259767472
0,0.0899999999999999,INTT,0.0550867516461541,0.0227034036224238
0,0.0899999999999999,MAGNET,1.36367844959745,0.311914117837062
0,0.0899999999999999,MVTX,0.013864293274364,0.00606110758311987
0,0.0899999999999999,OHCAL,34.7553529364729,3.82041671683418
0,0.0899999999999999,OTHER,4.02599148022371e-25,7.25178885493582e-25
0,0.0899999999999999,PIPE,0.00216935819171786,0.00194163486810245
0,0.0899999999999999,TPC,0.0416616098736694,0.015262321310755
0,0.095,EMCAL,18.7390620116139,0.838869023834185
0,0.095,IHCAL,1.18961187003422,0.315622721701422
0,0.095,INTT,0.055112845544008,0.0227141579377057
0,0.095,MAGNET,1.36432440683955,0.312061867611496
0,0.095,MVTX,0.0138708606148172,0.00606397865315813
0,0.095,OHCAL,34.771816541996,3.82222644548923
0,0.095,OTHER,4.02414171255484e-25,7.24845697392434e-25
0,0.095,PIPE,0.00217038578926849,0.00194255459599353
0,0.095,TPC,0.0416813444515793,0.0152695508794147
0,0.0999999999999999,EMCAL,19.4192308680378,0.8605394134921
0,0.0999999999999999,IHCAL,1.19020496252736,0.315780074258116
0,0.0999999999999999,INTT,0.0551403172658711,0.0227254801081191
0,0.0999999999999999,MAGNET,1.36500447226288,0.312217418948875
0,0.0999999999999999,MVTX,0.0138777747275081,0.00606700132297855
0,0.0999999999999999,OHCAL,34.789149445377,3.82413173007093
0,0.0999999999999999,OTHER,4.02219427246004e-25,7.2449491611422e-25
0,0.0999999999999999,PIPE,0.00217146764657691,0.00194352288785071
0,0.0999999999999999,TPC,0.0417021210652771,0.0152771621876422
0,0.105,EMCAL,19.4149208612026,0.810004381881032
0,0.105,IHCAL,1.19082781038253,0.315945321373365
0,0.105,INTT,0.0551691674985377,0.0227373704167189
0,0.105,MAGNET,1.36571866286911,0.312380775737988
0,0.105,MVTX,0.0138850357852901,0.00607017566814803
0,0.105,OHCAL,34.8073520799721,3.82613261821493
0,0.105,OTHER,4.0201491112532e-25,7.24126532889389e-25
0,0.105,PIPE,0.00217260379068956,0.00194453976788128
0,0.105,TPC,0.0417239402341791,0.0152851554257208
0,0.11,EMCAL,18.9440108250715,0.831490809445848
0,0.11,IHCAL,1.19148042917968,0.316118467180348
0,0.11,INTT,0.0551993969632651,0.0227498291607633
0,0.11,MAGNET,1.36646699651304,0.312551942062765
0,0.11,MVTX,0.0138926439696899,0.00607350176802537
0,0.11,OHCAL,34.8264249008811,3.828229159947
0,0.11,OTHER,4.0180061778052e-25,7.23740538508341e-25
0,0.11,PIPE,0.00217379425001015,0.00194560526150734
0,0.11,TPC,0.0417468025037545,0.0152935307934805
0,0.115,EMCAL,19.2714484586382,0.862939116614674
0,0.115,IHCAL,1.17714663560392,0.307276127981735
0,0.115,INTT,0.0552310064157917,0.0227628566517216
0,0.115,MAGNET,1.36724949190305,0.312730922202372
0,0.115,MVTX,0.0139005994709124,0.00607697970576322
0,0.115,OHCAL,34.8463683849587,3.83042140768427
0,0.115,OTHER,4.01576541854258e-25,7.23336923321198e-25
0,0.115,PIPE,0.00217503905430018,0.00194671939536624
0,0.115,TPC,0.0417707084455611,0.0153022885003059
0,0.12,EMCAL,19.5203904075972,0.868521513030363
0,0.12,IHCAL,1.17784987662236,0.307459694569451
0,0.12,INTT,0.0552639966463552,0.0227764532152818
0,0.12,MAGNET,1.36806616860157,0.312917720631322
0,0.12,MVTX,0.0139089024878458,0.00608060956831026
0,0.12,OHCAL,34.8671830308261,3.83270941623652
0,0.12,OTHER,4.01342677744624e-25,7.22915677237557e-25
0,0.12,PIPE,0.00217633823467989,0.00194788219731146
0,0.12,TPC,0.0417956586572657,0.0153114287651421
0,0.125,EMCAL,19.1298289342188,0.857842411808214
0,0.125,IHCAL,1.17858256415999,0.307650947713794
0,0.125,INTT,0.0552983684797132,0.0227906191913586
0,0.125,MAGNET,1.36891704702557,0.313112342019585
0,0.125,MVTX,0.0139175532280658,0.00608439144641319
0,0.125,OHCAL,34.8888693588837,3.83509324280756
0,0.125,OTHER,4.01099019605003e-25,7.22476789726247e-25
0,0.125,PIPE,0.0021776918236288,0.00194909369641304
0,0.125,TPC,0.041821653762608,0.0153209518164943
0,0.13,EMCAL,19.4343287122326,0.807417480715755
0,0.13,IHCAL,1.17934471654286,0.307849892198114
0,0.13,INTT,0.0553341227751634,0.0228053549341023
0,0.13,MAGNET,1.36980214844703,0.313314791232708
0,0.13,MVTX,0.0139265519078413,0.00608832543461916
0,0.13,OHCAL,34.9114279113241,3.83757294699667
0,0.13,OTHER,4.0084556134393e-25,7.22020249815055e-25
0,0.13,PIPE,0.00217909985498672,0.00195035392295856
0,0.13,TPC,0.0418486944114779,0.0153308578924403
0,0.135,EMCAL,19.9115594278823,0.852550848190046
0,0.135,IHCAL,1.18013635283362,0.308056532998051
0,0.135,INTT,0.0553712604265649,0.022820660811907
0,0.135,MAGNET,1.37072149499355,0.313525073331929
0,0.135,MVTX,0.01393589875214,0.00609241163127813
0,0.135,OHCAL,34.9348591400524,3.84014857904024
0,0.135,OTHER,4.00582296624935e-25,7.2154604609046e-25
0,0.135,PIPE,0.00218056236395452,0.00195166290845372
0,0.135,TPC,0.041876781279877,0.0153411472406311
0,0.14,EMCAL,18.9257168079955,0.849012771787867
0,0.14,IHCAL,1.18095749283205,0.308270875281655
0,0.14,INTT,0.055409782362361,0.0228365372074207
0,0.14,MAGNET,1.37167510964884,0.313743193574313
0,0.14,MVTX,0.0139455939946332,0.00609665013854517
0,0.14,OHCAL,34.9591629597318,3.84282013292126
0,0.14,OTHER,4.00309218866385e-25,7.21054166697345e-25
0,0.14,PIPE,0.00218207938709496,0.00195302068562323
0,0.14,TPC,0.0419059150699889,0.0153518201183019
0,0.145,EMCAL,19.532290633699,0.865506948938113
0,0.145,IHCAL,1.18180815707557,0.308492924409522
0,0.145,INTT,0.0554496895456021,0.0228529845175539
0,0.145,MAGNET,1.37266301625331,0.313969157412878
0,0.145,MVTX,0.0139556378777026,0.00610104106238322
0,0.145,OHCAL,34.9843407593365,3.84558775740407
0,0.145,OTHER,4.00026321241323e-25,7.20544599338698e-25
0,0.145,PIPE,0.00218365096233377,0.00195442728841163
0,0.145,TPC,0.0419360965101768,0.0153628767922769
0,0.15,EMCAL,19.7664054404546,0.872097258595311
0,0.15,IHCAL,1.1826883668397,0.308722685934924
0,0.15,INTT,0.0554909829739698,0.0228700031534903
0,0.15,MAGNET,1.37368523950468,0.31420297049673
0,0.15,MVTX,0.0139660306524458,0.00610558451256558
0,0.15,OHCAL,35.010393168278,3.84845152167572
0,0.15,OTHER,3.99733596677294e-25,7.20017331275309e-25
0,0.15,PIPE,0.00218527712896035,0.00195588275198402
0,0.15,TPC,0.0419673263549452,0.0153743175389702
0,0.155,EMCAL,19.9272333435413,0.814480322419923
0,0.155,IHCAL,1.18359814413865,0.30896016560395
0,0.155,INTT,0.0555336636798021,0.0228875935406967
0,0.155,MAGNET,1.37474180495858,0.314444638671209
0,0.155,MVTX,0.0139767725786828,0.00611028060267876
0,0.155,OHCAL,35.0373208378327,3.85141149732681
0,0.155,OTHER,3.99431037856167e-25,7.19472349325449e-25
0,0.155,PIPE,0.00218695792762897,0.00195738711272708
0,0.155,TPC,0.0419996053850637,0.0153861426444033
0,0.16,EMCAL,20.0435221272988,0.850278493017567
0,0.16,IHCAL,1.18453751172583,0.309205369355647
0,0.16,INTT,0.0555777327301187,0.0229057561189337
0,0.16,MAGNET,1.37583273902921,0.314694167978033
0,0.16,MVTX,0.0139878639249621,0.00611512945012526
0,0.16,OHCAL,35.0651244411586,3.85446775835319
0,0.16,OTHER,3.99118637213957e-25,7.18909639864543e-25
0,0.16,PIPE,0.00218869340035966,0.00195894040824989
0,0.16,TPC,0.0420329344074986,0.0153983524042032
0,0.165,EMCAL,19.8444601271359,0.877320733103079
0,0.165,IHCAL,1.18550649309445,0.309458303322173
0,0.165,INTT,0.0556231912266483,0.0229244913422667
0,0.165,MAGNET,1.37695806898997,0.314951564655446
0,0.165,MVTX,0.0134344306067774,0.00599457661637072
0,0.165,OHCAL,35.0938046733119,3.85762038115784
0,0.165,OTHER,3.98796386940631e-25,7.18329188824822e-25
0,0.165,PIPE,0.0021904835905394,0.00196054267738497
0,0.165,TPC,0.0420673142554997,0.015410947123617
0,0.17,EMCAL,19.4647457603788,0.866463369652816
0,0.17,IHCAL,1.20164067660047,0.318814089196417
0,0.17,INTT,0.0556700403058555,0.0229437996790772
0,0.17,MAGNET,1.37811782297417,0.31521683513838
0,0.17,MVTX,0.0140110959955275,0.0061252859057259
0,0.17,OHCAL,35.1233622512646,3.86086944455279
0,0.17,OTHER,3.98464278979916e-25,7.17730981694981e-25
0,0.17,PIPE,0.00219232854292297,0.00196219396018907
0,0.17,TPC,0.0421027457885317,0.0154239271175099
0,0.175,EMCAL,19.2148548166769,0.85908995914256
0,0.175,IHCAL,1.20268207468581,0.319090384127916
0,0.175,INTT,0.0557182811389699,0.0229636816120747
0,0.175,MAGNET,1.37931202997573,0.315489986058609
0,0.175,MVTX,0.0140232373006165,0.00613059376779197
0,0.175,OHCAL,35.153797913922,3.86421502976105
0,0.175,OTHER,3.98122305029095e-25,7.17115003519811e-25
0,0.175,PIPE,0.0021942283036343,0.00196389429794438
0,0.175,TPC,0.0421392298924066,0.0154372927103846
0,0.18,EMCAL,19.396027882506,0.821480185260498
0,0.18,IHCAL,1.20375354019468,0.319374656406318
0,0.18,INTT,0.0557679149320147,0.0229841376383085
0,0.18,MAGNET,1.38054071984987,0.315771024244922
0,0.18,MVTX,0.0140357291873683,0.00613605489502152
0,0.18,OHCAL,35.1851124221418,3.86765722041869
0,0.18,OTHER,3.97770456538803e-25,7.16481238899825e-25
0,0.18,PIPE,0.0021961829201675,0.00196564373315942
0,0.18,TPC,0.0421767674792237,0.015451044236381
0,0.185,EMCAL,19.3017981472917,0.827105611295992
0,0.185,IHCAL,1.20485509992284,0.319666913140523
0,0.185,INTT,0.0558189429258375,0.0230051682691804
0,0.185,MAGNET,1.38180392331391,0.316059956723287
0,0.185,MVTX,0.014048571968081,0.00614166942394306
0,0.185,OHCAL,35.2173065587524,3.87119610257691
0,0.185,OTHER,3.97408724712808e-25,7.15829671990875e-25
0,0.185,PIPE,0.00219819244138809,0.00196744230957017
0,0.185,TPC,0.0422153594874244,0.0154651820392881
0,0.19,EMCAL,19.5975787826103,0.862939747029971
0,0.19,IHCAL,1.20598678141847,0.319967161639049
0,0.19,INTT,0.0558713663961405,0.0230267740304571
0,0.19,MAGNET,1.383101671948,0.316356790717032
0,0.19,MVTX,0.0140617659638245,0.00614743749492007
0,0.19,OHCAL,35.2503811285732,3.87483176470419
0,0.19,OTHER,3.97037100507795e-25,7.15160286503754e-25
0,0.19,PIPE,0.00220025691753418,0.00196929007214111
0,0.19,TPC,0.0422550068818053,0.0154797064725511
0,0.195,EMCAL,19.4791779832851,0.866373070121716
0,0.195,IHCAL,1.20714861298282,0.320275409410219
0,0.195,INTT,0.0559251866535136,0.023048955462284
0,0.195,MAGNET,1.38443399819593,0.316661533647021
0,0.195,MVTX,0.0140753115044494,0.00615335925215463
0,0.195,OHCAL,35.284336958434,3.87856429768849
0,0.195,OTHER,3.96655574633141e-25,7.1447306570379e-25
0,0.195,PIPE,0.00220237640021785,0.00197118706706646
0,0.195,TPC,0.0422957106535647,0.0154946178992827
0,0.2,EMCAL,19.114877019792,0.855262185591262
0,0.2,IHCAL,1.19312067761954,0.311445842830243
0,0.2,INTT,0.0559804050434656,0.0230717131191978
0,0.2,MAGNET,1.38580093536592,0.316974193131845
0,0.2,MVTX,0.014089208928595,0.00615943484369096
0,0.2,OHCAL,35.3191748971963,3.88239379483953
0,0.2,OTHER,3.96264137550678e-25,7.13767992410427e-25
0,0.2,PIPE,0.00220455094242621,0.00197313334177113
0,0.2,TPC,0.0423374718202991,0.0155099166922694
0,0.205,EMCAL,19.274883343455,0.845346492127309
0,0.205,IHCAL,1.19432750397199,0.311760862498992
0,0.205,INTT,0.0560370229464595,0.0230950475701414
0,0.205,MAGNET,1.38720251763148,0.317294776988006
0,0.205,MVTX,0.0141034585836977,0.0061656644214192
0,0.205,OHCAL,35.354895815774,3.88632035189114
0,0.205,OTHER,3.95862779474459e-25,7.13045048996796e-25
0,0.205,PIPE,0.00220678059852293,0.0019751289449121
0,0.205,TPC,0.0423802914260227,0.01552560323398
0,0.21,EMCAL,19.0456213153248,0.815801159979225
0,0.21,IHCAL,1.19540095055219,0.312046338779214
0,0.21,INTT,0.0560950417779456,0.023118959398477
0,0.21,MAGNET,1.38863878003222,0.317623293230118
0,0.21,MVTX,0.0141180608259996,0.00617204814107912
0,0.21,OHCAL,35.3915006071556,3.89034406700362
0,0.21,OTHER,3.95451490370512e-25,7.12304217389275e-25
0,0.21,PIPE,0.0022090654242496,0.00197717392637959
0,0.21,TPC,0.0424241705412506,0.0155416779165813
0,0.215,EMCAL,19.3315998402156,0.856083470251697
0,0.215,IHCAL,1.19683076344481,0.312414292272157
0,0.215,INTT,0.0561544629883978,0.0231434492020017
0,0.215,MAGNET,1.39010975847479,0.317959750071103
0,0.215,MVTX,0.0141330160205574,0.00617858616226401
0,0.215,OHCAL,35.4289901864261,3.89446504076624
0,0.215,OTHER,3.95030259956587e-25,7.11545479067034e-25
0,0.215,PIPE,0.00221140547672688,0.00197926833729819
0,0.215,TPC,0.0424691102629403,0.0155581411419388
0,0.22,EMCAL,19.6580290139686,0.867510709985605
0,0.22,IHCAL,1.1981272591654,0.312752718716608
0,0.22,INTT,0.0562152880633495,0.0231685175929619
0,0.22,MAGNET,1.39161548973372,0.3183041559224
0,0.22,MVTX,0.0141483245412518,0.00618527864842477
0,0.22,OHCAL,35.4673654907904,3.8986833761997
0,0.22,OTHER,3.94599077701902e-25,7.10768815061575e-25
0,0.22,PIPE,0.0022138008144563,0.00198141223002835
0,0.22,TPC,0.0425151117146099,0.0155749933216364
0,0.225,EMCAL,19.4924764713174,0.863830065385439
0,0.225,IHCAL,1.19945370852187,0.313098964084974
0,0.225,INTT,0.0562775185234304,0.0231941651980685
0,0.225,MAGNET,1.39315601145237,0.318656519394174
0,0.225,MVTX,0.0141639867707967,0.00619212576687389
0,0.225,OHCAL,35.5066274795962,3.90299917875873
0,0.225,OTHER,3.94157932826878e-25,7.0997420595626e-25
0,0.225,PIPE,0.00221625149732134,0.00198360565816741
0,0.225,TPC,0.0425621760462752,0.0155922348769769
0,0.23,EMCAL,19.66818313102,0.84348062975384
0,0.23,IHCAL,1.20081014468491,0.313453037035562
0,0.23,INTT,0.0563411559244057,0.0232203926585132
0,0.23,MAGNET,1.39473136214388,0.319016849295529
0,0.23,MVTX,0.0141800031007485,0.00619912768878969
0,0.23,OHCAL,35.5467771343581,3.90741255633474
0,0.23,OTHER,3.9370681430287e-25,7.09161631885817e-25
0,0.23,PIPE,0.00221875758658929,0.00198584867655128
0,0.23,TPC,0.0426103044345699,0.0156098662390028
0,0.235,EMCAL,19.7269281874583,0.831487078854287
0,0.235,IHCAL,1.20219660157494,0.313814946422369
0,0.235,INTT,0.0564062018572135,0.0232472006299837
0,0.235,MAGNET,1.39634158119207,0.319385154634732
0,0.235,MVTX,0.0141963739315164,0.00620628458922057
0,0.235,OHCAL,35.5878154587826,3.91192361925851
0,0.235,OTHER,3.93245710851892e-25,7.08331072535853e-25
0,0.235,PIPE,0.00222131914491242,0.00198814134125546
0,0.235,TPC,0.0426594980826833,0.0156278878484963
0,0.24,EMCAL,19.7573673522787,0.866228810936574
0,0.24,IHCAL,1.20361311386293,0.31418470129532
0,0.24,INTT,0.0564726579480057,0.0232745897826808
0,0.24,MAGNET,1.39798670885253,0.319761444619436
0,0.24,MVTX,0.014213099672372,0.00621359664708945
0,0.24,OHCAL,35.6297434787924,3.91653248030292
0,0.24,OTHER,3.92774610946334e-25,7.07482507142341e-25
0,0.24,PIPE,0.00222393623632991,0.00199048370959675
0,0.24,TPC,0.0427097582204821,0.0156463001560013
0,0.245,EMCAL,19.7627520538872,0.874769515809278
0,0.245,IHCAL,1.2050597169713,0.314562310900484
0,0.245,INTT,0.0565405258581877,0.0233025608013346
0,0.245,MAGNET,1.39966678625352,0.32014572865691
0,0.245,MVTX,0.0140644511450231,0.00618708014921274
0,0.245,OHCAL,35.6725622772552,3.92123925832646
0,0.245,OTHER,3.92293502808673e-25,7.06615914491103e-25
0,0.245,PIPE,0.00222660892626911,0.00199287584013444
0,0.245,TPC,0.0427610861044552,0.0156651036218245
0,0.25,EMCAL,20.1604920437376,0.885685565835393
0,0.25,IHCAL,1.35050486659774,0.349913683024416
0,0.25,INTT,0.056609807284461,0.0233311143852221
0,0.25,MAGNET,1.40138185539706,0.320538016354274
0,0.25,MVTX,0.0142476175658071,0.00622868697023193
0,0.25,OHCAL,35.7162733315102,3.92604411368379
0,0.25,OTHER,3.9180237441118e-25,7.05731272917276e-25
0,0.25,PIPE,0.00222933728154745,0.00199531779267193
0,0.25,TPC,0.042813483017808,0.0156842987160541
0,0.255,EMCAL,20.1106393071388,0.885493496503787
0,0.255,IHCAL,1.39309764916306,0.363404002350688
0,0.255,INTT,0.0566805039588649,0.0233602512481845
0,0.255,MAGNET,1.40313195915997,0.320938317518741
0,0.255,MVTX,0.0142654105813356,0.0062364656127644
0,0.255,OHCAL,35.7608772944587,3.93094712034844
0,0.255,OTHER,3.91301213475621e-25,7.04828560304776e-25
0,0.255,PIPE,0.00223212137037393,0.00199780962825815
0,0.255,TPC,0.0428669502704661,0.0157038859185685
0,0.26,EMCAL,19.1151988998318,0.814003153433344
0,0.26,IHCAL,1.33746589320362,0.350736301494557
0,0.26,INTT,0.0567526176488198,0.0233899721186447
0,0.26,MAGNET,1.40491714129495,0.321346642157863
0,0.26,MVTX,0.0144551781789244,0.00633583045801309
0,0.26,OHCAL,35.8063752812021,3.93594840089584
0,0.26,OTHER,3.90790007472945e-25,7.03907754085739e-25
0,0.26,PIPE,0.00223496126235093,0.00200035140918913
0,0.26,TPC,0.0429214891991136,0.0157238657190488
0,0.265,EMCAL,19.0060271283128,0.844466644038868
0,0.265,IHCAL,1.34119485750871,0.35164729628341
0,0.265,INTT,0.0568261501571719,0.0234202777396261
0,0.265,MAGNET,1.40673744643163,0.321763000479775
0,0.265,MVTX,0.0164533304957598,0.00739858687732335
0,0.265,OHCAL,35.8527684291924,3.94104808035825
0,0.265,OTHER,3.90268743622977e-25,7.02968831239964e-25
0,0.265,PIPE,0.00223785702847589,0.00200294319900953
0,0.265,TPC,0.0429771011672267,0.015744238616991
0,0.27,EMCAL,19.4227559067067,0.858944042871111
0,0.27,IHCAL,1.3429609276164,0.35211044025871
0,0.27,INTT,0.0569011033222376,0.0234511688687708
0,0.27,MAGNET,1.40859292007774,0.322187402893457
0,0.27,MVTX,0.0155428742733483,0.00691173385533669
0,0.27,OHCAL,35.9000578982608,3.94624628622794
0,0.27,OTHER,3.89737408894092e-25,7.02011768294327e-25
0,0.27,PIPE,0.00224080874114312,0.00200558506251423
0,0.27,TPC,0.0430337875651072,0.0157650051217186
0,0.275,EMCAL,19.3614844622982,0.858625783331969
0,0.275,IHCAL,1.3447626569018,0.352582863934666
0,0.275,INTT,0.0569774790178499,0.0234826462783587
0,0.275,MAGNET,1.41048360862021,0.322619860008993
0,0.275,MVTX,0.0143401535855953,0.0062691413057073
0,0.275,OHCAL,35.9482448706465,3.95154314846032
0,0.275,OTHER,3.89195990002895e-25,7.01036541322209e-25
0,0.275,PIPE,0.00224381647414558,0.00200827706574994
0,0.275,TPC,0.0430915498099183,0.0157861657523954
0,0.28,EMCAL,18.8718386097966,0.818594320016729
0,0.28,IHCAL,1.30703631894267,0.344015159239494
0,0.28,INTT,0.0570552791534052,0.0235147107553265
0,0.28,MAGNET,1.41240955932637,0.323060382637831
0,0.28,MVTX,0.0143597344079144,0.00627770153076125
0,0.28,OHCAL,35.9973305510262,3.95693879947722
0,0.28,OTHER,3.88644473413885e-25,7.00043125942882e-25
0,0.28,PIPE,0.00224688030267674,0.00201101927601688
0,0.28,TPC,0.0431503893457132,0.0158077210380375
0,0.285,EMCAL,18.8570259143077,0.804658745272772
0,0.285,IHCAL,1.32844632060227,0.348974833588407
0,0.285,INTT,0.0571345056739111,0.023547363101288
0,0.285,MAGNET,1.41437082034507,0.323508981793062
0,0.285,MVTX,0.0143796742243417,0.00628641869868044
0,0.285,OHCAL,36.0473161665446,3.9624333741702
0,0.285,OTHER,3.8808284533912e-25,6.99031497320911e-25
0,0.285,PIPE,0.00225000030333252,0.00201381176187048
0,0.285,TPC,0.0432103076435062,0.0158296715175308
0,0.29,EMCAL,19.8435831268364,0.870041402492179
0,0.29,IHCAL,1.23498476837143,0.327661069945958
0,0.29,INTT,0.0572151605600345,0.0235806041325534
0,0.29,MAGNET,1.41636744070794,0.323965668689687
0,0.29,MVTX,0.0143999735333736,0.00629529302739451
0,0.29,OHCAL,36.0982029668446,3.96802700990391
0,0.29,OTHER,3.87511091737866e-25,6.98001630165527e-25
0,0.29,PIPE,0.00225317655411309,0.00201665459312303
0,0.29,TPC,0.043271306201224,0.0158520177396347
0,0.295,EMCAL,20.1422377758148,0.886912982903016
0,0.295,IHCAL,1.23675657246742,0.328131157707923
0,0.295,INTT,0.0572972458281519,0.0236144346801503
0,0.295,MAGNET,1.4183994703306,0.324430454744903
0,0.295,MVTX,0.0144206328424938,0.00630432473876215
0,0.295,OHCAL,36.1499922240989,3.97371984651953
0,0.295,OTHER,3.86929198316256e-25,6.96953498729998e-25
0,0.295,PIPE,0.00225640913442484,0.00201954784084542
0,0.295,TPC,0.0433333865438561,0.0158747602630083
0,0.3,EMCAL,19.9346396217832,0.882672240633669
0,0.3,IHCAL,1.22390045833377,0.3198008125516
0,0.3,INTT,0.0573807635303992,0.0236488555898441
0,0.3,MAGNET,1.42046696001389,0.324903351578384
0,0.3,MVTX,0.0144416526681861,0.0063135140585766
0,0.3,OHCAL,36.2026852330417,3.97951202633829
0,0.3,OTHER,3.86337150526923e-25,6.95887076810983e-25
0,0.3,PIPE,0.00225969812508246,0.002022491577369
0,0.3,TPC,0.0433965502234029,0.0158978996562146
0,0.305,EMCAL,19.7302409800235,0.875536457872564
0,0.305,IHCAL,1.22476915063265,0.319707456811257
0,0.305,INTT,0.0574657157547234,0.0236838677221594
0,0.305,MAGNET,1.42256996144517,0.325384371012578
0,0.305,MVTX,0.0144630335359473,0.00632286121657136
0,0.305,OHCAL,36.2562833110008,3.98540369416497
0,0.305,OTHER,3.85734933568641e-25,6.9480233774788e-25
0,0.305,PIPE,0.00226304360831094,0.00202548587628739
0,0.305,TPC,0.0434607988189714,0.015921436497741
0,0.31,EMCAL,18.785722423414,0.805738796953871
0,0.31,IHCAL,1.22661032458727,0.320188068565432
0,0.31,INTT,0.0575521046249344,0.0237194719524013
0,0.31,MAGNET,1.42470852719958,0.325873525072993
0,0.31,MVTX,0.0155409302808426,0.00689503775789184
0,0.31,OHCAL,36.310787797931,3.99139499729157
0,0.31,OTHER,3.85122532385955e-25,6.93699254422153e-25
0,0.31,PIPE,0.00226644566774744,0.00202853081245815
0,0.31,TPC,0.0435261339367797,0.0159453713760097
0,0.315,EMCAL,18.7769440533265,0.837400527256638
0,0.315,IHCAL,1.22848216370225,0.320676685001028
0,0.315,INTT,0.0576399323007586,0.0237556691706774
0,0.315,MAGNET,1.42688271074136,0.326370825988508
0,0.315,MVTX,0.016005434018535,0.00714039159631572
0,0.315,OHCAL,36.3662000564473,3.99748608550099
0,0.315,OTHER,3.84499931668804e-25,6.92577799256665e-25
0,0.315,PIPE,0.00226990438844371,0.00203162646200488
0,0.315,TPC,0.0435925572101918,0.015969704889392
0,0.32,EMCAL,18.8353197875206,0.842757260281535
0,0.32,IHCAL,1.23038471477075,0.321173318332811
0,0.32,INTT,0.0577292009778924,0.02379246028192
0,0.32,MAGNET,1.42909256642524,0.326876286191671
0,0.32,MVTX,0.0167090039762802,0.0075130744550707
0,0.32,OHCAL,36.4225214718592,4.00367711107076
0,0.32,OTHER,3.83867115852138e-25,6.91437944214976e-25
0,0.32,PIPE,0.00227341985686794,0.002034772902319
0,0.32,TPC,0.0436600702998163,0.0159944376462296
0,0.325,EMCAL,18.6469138800466,0.836136151187682
0,0.325,IHCAL,1.2323180253537,0.32167798097597
0,0.325,INTT,0.0578199128880574,0.0238298462059089
0,0.325,MAGNET,1.43133814949771,0.327389918319014
0,0.325,MVTX,0.0167352639557874,0.00752488242898465
0,0.325,OHCAL,36.4797431211651,4.00996714493426
0,0.325,OTHER,3.83224069115527e-25,6.90279660800652e-25
0,0.325,PIPE,0.00227699216090695,0.00203797021206162
0,0.325,TPC,0.0437286748934605,0.0160195702648401
0,0.33,EMCAL,19.0632929900359,0.811378113194865
0,0.33,IHCAL,1.23428214378103,0.322190685546419
0,0.33,INTT,0.057912070299056,0.023867827877294
0,0.33,MAGNET,1.43361951609846,0.327911735211366
0,0.33,MVTX,0.0165342830260116,0.00741559193664676
0,0.33,OHCAL,36.5378718077603,4.01635690801532
0,0.33,OTHER,3.82570775382771e-25,6.89102920056545e-25
0,0.33,PIPE,0.00228062138986862,0.00204121847116572
0,0.33,TPC,0.0437983727062664,0.0160451033735429
0,0.335,EMCAL,19.0433184242786,0.809422474890722
0,0.335,IHCAL,1.2362771191528,0.322711444861121
0,0.335,INTT,0.0580056755148283,0.0239064062456192
0,0.335,MAGNET,1.43593672326178,0.328441749914178
0,0.335,MVTX,0.0167943139059121,0.00755187288723818
0,0.335,OHCAL,37.3462421263724,4.10146005642961
0,0.335,OTHER,3.81907218321491e-25,6.87907692564078e-25
0,0.335,PIPE,0.0022843076344838,0.0020445177608379
0,0.335,TPC,0.0438691654806652,0.016071037610665
0,0.34,EMCAL,20.0555044521867,0.877384492590499
0,0.34,IHCAL,1.23830300134054,0.323240271938401
0,0.34,INTT,0.0581007308755097,0.0239455822753457
0,0.34,MAGNET,1.43828982891797,0.328979975677843
0,0.34,MVTX,0.0155135502529715,0.00686725321420399
0,0.34,OHCAL,37.7313378160254,4.14216150868823
0,0.34,OTHER,3.81233381342726e-25,6.86693948442499e-25
0,0.34,PIPE,0.00228805098690881,0.00204786816356058
0,0.34,TPC,0.0439410549864858,0.0160973736245645
0,0.345,EMCAL,20.3370804053241,0.896156987689635
0,0.345,IHCAL,1.24035984098837,0.323777179998275
0,0.345,INTT,0.058197238757489,0.0239853569458762
0,0.345,MAGNET,1.4406788918948,0.329526425958035
0,0.345,MVTX,0.0166548463686655,0.00747296265493999
0,0.345,OHCAL,37.7939980968553,4.14904044360745
0,0.345,OTHER,3.80549247600518e-25,6.85461657348144e-25
0,0.345,PIPE,0.00229185154072767,0.00205126976309401
0,0.345,TPC,0.0440140430209697,0.016124112073643
0,0.35,EMCAL,19.9207351588067,0.884477975434543
0,0.35,IHCAL,1.2491973268159,0.328378108588128
0,0.35,INTT,0.0582952015734684,0.0240257312515796
0,0.35,MAGNET,1.44310397191896,0.330081114416039
0,0.35,MVTX,0.0146717994245566,0.00641412822063035
0,0.35,OHCAL,37.8576130399052,4.15602413396487
0,0.35,OTHER,3.79854799991487e-25,6.8421078847367e-25
0,0.35,PIPE,0.00229570939095441,0.00205472264447836
0,0.35,TPC,0.0440881314088272,0.0161512536263636
0,0.355,EMCAL,19.8422444038946,0.873010954507057
0,0.355,IHCAL,1.26044292212841,0.334415537923676
0,0.355,INTT,0.0583946217725233,0.0240667062018156
0,0.355,MAGNET,1.44556512961758,0.330644054919095
0,0.355,MVTX,0.0146968216078566,0.00642506726685107
0,0.355,OHCAL,37.9221770397191,4.16311199942909
0,0.355,OTHER,3.79150021154406e-25,6.8294131054729e-25
0,0.355,PIPE,0.00229962463403549,0.00205822689403583
0,0.355,TPC,0.0441633220022549,0.016178798961265
0,0.36,EMCAL,18.3657682319622,0.798424657819555
0,0.36,IHCAL,1.26262037302825,0.334993251595207
0,0.36,INTT,0.0584955018401639,0.0241082828209601
0,0.36,MAGNET,1.44806242651973,0.331215261540745
0,0.36,MVTX,0.0147222112124623,0.0064361669400881
0,0.36,OHCAL,37.9876976269253,4.17030483790729
0,0.36,OTHER,3.78434893469768e-25,6.8165319183199e-25
0,0.36,PIPE,0.0023035973678522,0.00206178259937286
0,0.36,TPC,0.0442396166810385,0.0162067487669837
0,0.365,EMCAL,18.3565497916286,0.82717449458388
0,0.365,IHCAL,1.23153614007581,0.315573085907043
0,0.365,INTT,0.0585978442983973,0.0241504621484309
0,0.365,MAGNET,1.45059592505796,0.331794748561184
0,0.365,MVTX,0.0161979847642824,0.00721993049652801
0,0.365,OHCAL,38.0541842862707,4.17760365243116
0,0.365,OTHER,3.77709399059344e-25,6.80346400124735e-25
0,0.365,PIPE,0.00230762769172308,0.00206538984938225
0,0.365,TPC,0.0443170173525372,0.016235103742265
0,0.37,EMCAL,18.4753861644851,0.830168666570965
0,0.37,IHCAL,1.26884938438561,0.337243052546474
0,0.37,INTT,0.0587016517057899,0.0241932452387131
0,0.37,MAGNET,1.45316568856988,0.332382530467618
0,0.37,MVTX,0.0175046715244465,0.00791357700628399
0,0.37,OHCAL,37.6666636875756,4.1372766182655
0,0.37,OTHER,3.76973519785735e-25,6.79020902755665e-25
0,0.37,PIPE,0.00231171570640645,0.00206904873424545
0,0.37,TPC,0.0443955259517839,0.016263864595986
0,0.375,EMCAL,18.4951553035613,0.830931657091978
0,0.375,IHCAL,1.27112488897663,0.337847852351523
0,0.375,INTT,0.0588069266575326,0.0242366331613864
0,0.375,MAGNET,1.45577178129969,0.332978621954626
0,0.375,MVTX,0.0165602298776427,0.00740788866704442
0,0.375,OHCAL,37.1024460499313,4.07841671267744
0,0.375,OTHER,3.76227237251921e-25,6.77676666587275e-25
0,0.375,PIPE,0.00231586151410287,0.00207275934543477
0,0.375,TPC,0.0444751444415034,0.0162930320471703
0,0.38,EMCAL,18.5367776798393,0.773646501810466
0,0.38,IHCAL,1.27343217155509,0.338461098324502
0,0.38,INTT,0.0589136717855046,0.0242806270011511
0,0.38,MAGNET,1.45841426839985,0.333583037924525
0,0.38,MVTX,0.0179107842154124,0.00812483517139581
0,0.38,OHCAL,37.1697935875136,4.08581976459484
0,0.38,OTHER,3.754705328008e-25,6.76313658013593e-25
0,0.38,PIPE,0.00232006521845777,0.00207652177571568
0,0.38,TPC,0.044555874812133,0.0163226068250026
0,0.385,EMCAL,18.5946255986961,0.802555258663395
0,0.385,IHCAL,1.27577128980001,0.339082805795872
0,0.385,INTT,0.0590218897583398,0.0243252278578554
0,0.385,MAGNET,1.46109321593269,0.334195793487746
0,0.385,MVTX,0.0193130092410314,0.00886927405397521
0,0.385,OHCAL,37.2380847886979,4.09332647470682
0,0.385,OTHER,3.74703387514722e-25,6.74931842959332e-25
0,0.385,PIPE,0.00232432692456397,0.00208033611914914
0,0.385,TPC,0.0446377190819648,0.0163525896688567
0,0.39,EMCAL,20.0862584994893,0.889659824530396
0,0.39,IHCAL,1.26451242686243,0.331522658747306
0,0.39,INTT,0.0591315832814928,0.024370436846523
0,0.39,MAGNET,1.46380869087202,0.334816903963211
0,0.39,MVTX,0.0182544913445312,0.00830270474826813
0,0.39,OHCAL,37.3073128547193,4.10093613830111
0,0.39,OTHER,3.73925782215014e-25,6.73531186879044e-25
0,0.39,PIPE,0.00232864673896434,0.00208420247109392
0,0.39,TPC,0.0447206792970872,0.0163829813283031
0,0.395,EMCAL,19.7374648085996,0.882921917477491
0,0.395,IHCAL,1.26396570058217,0.330388835897414
0,0.395,INTT,0.0592427550973077,0.0244162550973812
0,0.395,MAGNET,1.46656076110486,0.335446384878713
0,0.395,MVTX,0.014910280720968,0.00651838602631193
0,0.395,OHCAL,37.3774534036962,4.10864620611489
0,0.395,OTHER,3.73137697461503e-25,6.72111654756254e-25
0,0.395,PIPE,0.00233302476965444,0.00208812092820902
0,0.395,TPC,0.0448047575315209,0.0164137825631359
0,0.4,EMCAL,20.3239441050463,0.899108597237352
0,0.4,IHCAL,1.26636915303873,0.331017077170456
0,0.4,INTT,0.0593554079850857,0.0244626837558884
0,0.4,MAGNET,1.46934949543312,0.336084251971308
0,0.4,MVTX,0.0149386333216875,0.00653078104420583
0,0.4,OHCAL,37.4485283909549,4.1164589902978
0,0.4,OTHER,3.72339113552029e-25,6.70673211102585e-25
0,0.4,PIPE,0.00233746112608534,0.00209209158845612
0,0.4,TPC,0.0448899558872385,0.0164449941433891
0,0.405,EMCAL,19.0452726130882,0.816988751416722
0,0.405,IHCAL,1.26880426457307,0.331653593838032
0,0.405,INTT,0.0594695447611546,0.0245097239827637
0,0.405,MAGNET,1.47217496357529,0.336730521187707
0,0.405,MVTX,0.0149673593890181,0.00654333933196598
0,0.405,OHCAL,37.5205395933738,4.12437468616987
0,0.405,OTHER,3.71530010521953e-25,6.69215819956872e-25
0,0.405,PIPE,0.00234195591916612,0.00209611455110187
0,0.405,TPC,0.0449762764941853,0.0164766168493516
0,0.41,EMCAL,18.6856416592841,0.81360132554499
0,0.41,IHCAL,1.27127109605984,0.332298401812346
0,0.41,INTT,0.05958516827894,0.0245573769540151
0,0.41,MAGNET,1.47503723616822,0.337385208684673
0,0.41,MVTX,0.0177670485656198,0.00803210585240955
0,0.41,OHCAL,37.5934888112367,4.13239349162391
0,0.41,OTHER,3.70710368143658e-25,6.67739444884258e-25
0,0.41,PIPE,0.00234650926126685,0.00210018991672057
0,0.41,TPC,0.045063721510387,0.0165086514715936
0,0.415,EMCAL,18.7625647849277,0.836933852672831
0,0.415,IHCAL,1.24404952301331,0.326153620209583
0,0.415,INTT,0.0597022814290357,0.0246056438609693
0,0.415,MAGNET,1.47793638476888,0.338048330829429
0,0.415,MVTX,0.0178019619166158,0.00804788884609252
0,0.415,OHCAL,37.667377868278,4.14051560713047
0,0.415,OTHER,3.6988016592604e-25,6.66244048975292e-25
0,0.415,PIPE,0.0023511212662213,0.00210431778719656
0,0.415,TPC,0.0451522931219735,0.0165410988109821
0,0.42,EMCAL,18.6194781228224,0.833354273796919
0,0.42,IHCAL,1.27630016635569,0.33361295636679
0,0.42,INTT,0.0598208871392767,0.0246545259103017
0,0.42,MAGNET,1.48087248185614,0.338719904200063
0,0.42,MVTX,0.0150557856189996,0.0065819969744784
0,0.42,OHCAL,37.7422086117277,4.14874123574286
0,0.42,OTHER,3.69039383114003e-25,6.64729594844997e-25
0,0.42,PIPE,0.00235579204932991,0.00210849826572686
0,0.42,TPC,0.0452419935432337,0.0165739596787018
0,0.425,EMCAL,18.5785718794488,0.832666065407643
0,0.425,IHCAL,1.27886253088516,0.334282735809335
0,0.425,INTT,0.0599409883748118,0.0247040243240658
0,0.425,MAGNET,1.48384560083257,0.339399945585943
0,0.425,MVTX,0.0150860128279439,0.00659521152221792
0,0.425,OHCAL,37.8179829123585,4.15707058310222
0,0.425,OTHER,3.6818799868793e-25,6.6319604463194e-25
0,0.425,PIPE,0.00236052172736243,0.00211273145682361
0,0.425,TPC,0.0453328250167009,0.016607234896278
0,0.43,EMCAL,18.8154090946254,0.783118685348114
0,0.43,IHCAL,1.28145686681095,0.334960872284264
0,0.43,INTT,0.0600625881381782,0.0247541403397248
0,0.43,MAGNET,1.48685581602631,0.340088471988139
0,0.43,MVTX,0.0151166171879946,0.00660859095058902
0,0.43,OHCAL,37.8947026645318,4.16550385744267
0,0.43,OTHER,3.67325991363168e-25,6.61643359997288e-25
0,0.43,PIPE,0.00236531041856107,0.00211701746631681
0,0.43,TPC,0.0454247898131425,0.0166409252955902
0,0.435,EMCAL,18.8579664585923,0.815805497827733
0,0.435,IHCAL,1.28408323898822,0.335647382744254
0,0.435,INTT,0.0601856894693764,0.0248048752101815
0,0.435,MAGNET,1.48990320269289,0.340785500619849
0,0.435,MVTX,0.0151475994642624,0.00662213559407808
0,0.435,OHCAL,37.9723697862454,4.17404126959652
0,0.435,OTHER,3.66453339589487e-25,6.60071502123842e-25
0,0.435,PIPE,0.00237015824264338,0.00212135640135694
0,0.435,TPC,0.0455178902317075,0.0166750317189029
0,0.44,EMCAL,21.0156552702007,0.922717469325592
0,0.44,IHCAL,1.30362004033609,0.346484643924209
0,0.44,INTT,0.0603102954459459,0.0248562302038104
0,0.44,MAGNET,1.49298783701714,0.341491048906823
0,0.44,MVTX,0.0151789604313058,0.00663584579130189
0,0.44,OHCAL,38.0509862191814,4.1826830329995
0,0.44,OTHER,3.65570021550549e-25,6.58480431715074e-25
0,0.44,PIPE,0.00237506532080519,0.00212574837041758
0,0.44,TPC,0.0456121285998867,0.0167095550188757
0,0.445,EMCAL,20.7265445351846,0.913612634607561
0,0.445,IHCAL,1.30634597674319,0.347209162549613
0,0.445,INTT,0.0604364091830428,0.024908206604489
0,0.445,MAGNET,1.49610979611507,0.342205134487806
0,0.445,MVTX,0.0152107008731504,0.0066497218850161
0,0.445,OHCAL,38.1305539287547,4.19142936369615
0,0.445,OTHER,3.64676015163356e-25,6.56870108994141e-25
0,0.445,PIPE,0.0023800317757237,0.00213019348329819
0,0.445,TPC,0.0457075072736514,0.016744496058594
0,0.45,EMCAL,20.413127358596,0.906766635826701
0,0.45,IHCAL,1.30910457162053,0.34794236136562
0,0.45,INTT,0.0605640338335169,0.02496080571163
0,0.45,MAGNET,1.49926915803582,0.342927775214974
0,0.45,MVTX,0.0152428215833092,0.00666376422212377
0,0.45,OHCAL,38.2110749041621,4.2002804803452
0,0.45,OTHER,3.63771298077703e-25,6.55240493702893e-25
0,0.45,PIPE,0.00238505773156059,0.00213469185112684
0,0.45,TPC,0.0458040286375012,0.0167798557115878
0,0.455,EMCAL,18.0644722030455,0.772831021288344
0,0.455,IHCAL,1.28408405508492,0.331971840133551
0,0.455,INTT,0.0606931725879912,0.0250140288402137
0,0.455,MAGNET,1.50246600176362,0.343658989154383
0,0.455,MVTX,0.0152753233648014,0.00667797315368407
0,0.455,OHCAL,38.2925511584324,4.20923660422503
0,0.455,OTHER,3.62855847675615e-25,6.5359154510086e-25
0,0.455,PIPE,0.00239014331396499,0.00213924358636295
0,0.455,TPC,0.0459016951044412,0.0168156348618473
0,0.46,EMCAL,17.9529089638454,0.803242170872602
0,0.46,IHCAL,1.31287632806418,0.348326983688317
0,0.46,INTT,0.0608238286749415,0.0250678773208214
0,0.46,MAGNET,1.50570040721971,0.344398794586421
0,0.46,MVTX,0.0153082070301733,0.00669234903492103
0,0.46,OHCAL,38.374984728476,4.21829795923919
0,0.46,OTHER,3.61929641070784e-25,6.51923221964243e-25
0,0.46,PIPE,0.00239528865007675,0.00214384880280016
0,0.46,TPC,0.0460005091161496,0.0168518344038543
0,0.465,EMCAL,18.3669520399144,0.827401792803838
0,0.465,IHCAL,1.31572930887033,0.349083926359501
0,0.465,INTT,0.0609560053607765,0.0251223524996677
0,0.465,MAGNET,1.50897245526441,0.34514721000626
0,0.465,MVTX,0.0153414734015183,0.00670689222523241
0,0.465,OHCAL,38.4583776751365,4.22746477192203
0,0.465,OTHER,3.60992655107997e-25,6.50235482584876e-25
0,0.465,PIPE,0.00240049386852949,0.00214850761556908
0,0.465,TPC,0.0461004731429817,0.016888455242599
0,0.47,EMCAL,18.5319841192625,0.831409077108346
0,0.47,IHCAL,1.31861518271647,0.349849596087267
0,0.47,INTT,0.0610897059499202,0.025177455738635
0,0.47,MAGNET,1.51228222769907,0.345904254124326
0,0.47,MVTX,0.0153751233104973,0.00672160308819874
0,0.47,OHCAL,38.5427320832419,4.23673727144436
0,0.47,OTHER,3.60044866362555e-25,6.48528284769185e-25
0,0.47,PIPE,0.00240575909945398,0.00215322014114029
0,0.47,TPC,0.0462015896840497,0.0169254982936051
0,0.475,EMCAL,18.3769115736422,0.827048722751379
0,0.475,IHCAL,1.32153402174601,0.350624012012579
0,0.475,INTT,0.0612249337848946,0.025233188415307
0,0.475,MAGNET,1.5156298072682,0.346669945866761
0,0.475,MVTX,0.0164721905353834,0.00730281792991057
0,0.475,OHCAL,38.6280500616569,4.24611568961913
0,0.475,OTHER,3.59086251139692e-25,6.46801585837138e-25
0,0.475,PIPE,0.00241108447448124,0.00215798649732718
0,0.475,TPC,0.0463038612672599,0.0169629644829493
0,0.48,EMCAL,18.5704054509404,0.786013577876949
0,0.48,IHCAL,1.32128528890286,0.349483914179145
0,0.48,INTT,0.0613616922464022,0.0252895519230037
0,0.48,MAGNET,1.51901527766145,0.347444304375898
0,0.48,MVTX,0.0177616676541601,0.00798650325253198
0,0.48,OHCAL,38.7143337433353,4.2556002609073
0,0.48,OTHER,3.58116785473976e-25,6.45055342621172e-25
0,0.48,PIPE,0.00241647012674593,0.00216280680328887
0,0.48,TPC,0.0464072904494072,0.0170008547472885
0,0.485,EMCAL,18.7626549919402,0.823174793076309
0,0.485,IHCAL,1.31075027930654,0.342151575212164
0,0.485,INTT,0.061499984753412,0.0253465476708155
0,0.485,MAGNET,1.52243872351575,0.348227349010741
0,0.485,MVTX,0.0178016924675918,0.00800449991393244
0,0.485,OHCAL,39.4309778912894,4.33122160410636
0,0.485,OTHER,3.57136445128716e-25,6.43289511465114e-25
0,0.485,PIPE,0.00242191619088964,0.00216768117953329
0,0.485,TPC,0.046511879816239,0.0170391700338824
0,0.49,EMCAL,20.8641773083563,0.922094881782719
0,0.49,IHCAL,1.31373043803009,0.342929501980368
0,0.49,INTT,0.0616398147632438,0.0254041770836393
0,0.49,MAGNET,1.52590023041743,0.349019099347446
0,0.49,MVTX,0.0155135752920141,0.00678213068513156
0,0.49,OHCAL,39.5201169757592,4.34101545180322
0,0.49,OTHER,3.56145205595351e-25,6.41504048223093e-25
0,0.49,PIPE,0.00242742280306431,0.00217260974792015
0,0.49,TPC,0.0466176319824887,0.0170779113006147
0,0.495,EMCAL,21.2055468518897,0.927647614541232
0,0.495,IHCAL,1.31674343980358,0.34371600194007
0,0.495,INTT,0.0617811857716551,0.0254624416022134
0,0.495,MAGNET,1.52939988490435,0.349819575179812
0,0.495,MVTX,0.015549155700416,0.00679768551211825
0,0.495,OHCAL,39.6102291299098,4.35091625823088
0,0.495,OTHER,3.55143042092841e-25,6.39698908258436e-25
0,0.495,PIPE,0.00243299010093546,0.00217759263166383
0,0.495,TPC,0.046724549591966,0.017117079516019
0,0.5,EMCAL,20.4279760165319,0.91135887884343
0,0.5,IHCAL,1.31978935994851,0.34451109475296
0,0.5,INTT,0.0619241013129284,0.0255213426831536
0,0.5,MAGNET,1.53293777446805,0.350628796519778
0,0.5,MVTX,0.0155851248385203,0.00681341028159679
0,0.5,OHCAL,39.7013326044495,4.3609259492701
0,0.5,OTHER,3.54129929567048e-25,6.3787404644255e-25
0,0.5,PIPE,0.00243861822368586,0.00218262995533673
0,0.5,TPC,0.0468326353176167,0.0171566756593027
0,0.505,EMCAL,17.6489691382858,0.775687060786015
0,0.505,IHCAL,1.3228682746093,0.345314800295544
0,0.505,INTT,0.0620685649599597,0.0255808817989902
0,0.505,MAGNET,1.53651398755595,0.351446783597919
0,0.505,MVTX,0.0156214836055573,0.00682930538668724
0,0.505,OHCAL,39.6029878387519,4.35106527882435
0,0.505,OTHER,3.53105842690105e-25,6.36029417153794e-25
0,0.505,PIPE,0.00244430731201888,0.0021877218448722
0,0.505,TPC,0.0469418918615958,0.0171967007203721
0,0.51,EMCAL,18.458616650871,0.830236503825237
0,0.51,IHCAL,1.32598026075521,0.346127138659641
0,0.51,INTT,0.0622145803243478,0.025641060438204
0,0.51,MAGNET,1.54012861357357,0.352273556863955
0,0.51,MVTX,0.015658232910498,0.00684537122476805
0,0.51,OHCAL,39.7195707129251,4.36375784806657
0,0.51,OTHER,3.52070755859787e-25,6.3416497427634e-25
0,0.51,PIPE,0.00245005750816199,0.00219286842756772
0,0.51,TPC,0.0470523219553101,0.0172371556998545
0,0.515,EMCAL,18.1299632954313,0.820153217043244
0,0.515,IHCAL,1.32912539618225,0.346948130152882
0,0.515,INTT,0.0623621510564844,0.0257018801052643
0,0.515,MAGNET,1.54378174288674,0.353109136987259
0,0.515,MVTX,0.0156953736720771,0.006861608197486
0,0.515,OHCAL,39.9820470905827,4.39176120917179
0,0.515,OTHER,3.51024643198869e-25,6.32280671199019e-25
0,0.515,PIPE,0.00245586895587038,0.00219806983208813
0,0.515,TPC,0.0471639283595175,0.0172780416091265
0,0.52,EMCAL,18.3649840468593,0.82778645455043
0,0.52,IHCAL,1.33230375951513,0.347777795299222
0,0.52,INTT,0.0625112808456454,0.025763342320666
0,0.52,MAGNET,1.54747346682389,0.353953544857379
0,0.52,MVTX,0.0157329068188154,0.00687801671076627
0,0.52,OHCAL,40.0782059127273,4.4023209130806
0,0.52,OTHER,3.49967478554479e-25,6.30376460814155e-25
0,0.52,PIPE,0.00246174180043061,0.00220332618846883
0,0.52,TPC,0.0472767138643967,0.0173193594703393
0,0.525,EMCAL,19.1889075306707,0.803291284036491
0,0.525,IHCAL,1.33551543020926,0.348616154839449
0,0.525,INTT,0.0626619734200833,0.0258254486209674
0,0.525,MAGNET,1.55120387767831,0.354806801584556
0,0.525,MVTX,0.0157708332890436,0.00689459717482254
0,0.525,OHCAL,40.1753585843391,4.41298982464524
0,0.525,OTHER,3.48899235497448e-25,6.28452295516391e-25
0,0.525,PIPE,0.00246767618866408,0.00220863762811903
0,0.525,TPC,0.0473906812895912,0.0173611103164416
0,0.53,EMCAL,17.8749004217959,0.779229332294202
0,0.53,IHCAL,1.35583841483567,0.359725530398213
0,0.53,INTT,0.0628142325471204,0.0258882005588294
0,0.53,MAGNET,1.55497306871046,0.355668928500252
0,0.53,MVTX,0.0173508148316254,0.00773267725163483
0,0.53,OHCAL,40.2463669873085,4.42092086116658
0,0.53,OTHER,3.47819887321643e-25,6.26508127201493e-25
0,0.53,PIPE,0.00247367226893077,0.00221400428382495
0,0.53,TPC,0.0475058334842735,0.0174032951912047
0,0.535,EMCAL,18.7807538639127,0.843385129650075
0,0.535,IHCAL,1.35915876509398,0.360606473773079
0,0.535,INTT,0.0629680620332427,0.0259515997030537
0,0.535,MAGNET,1.55878113415031,0.356539947157685
0,0.535,MVTX,0.0182319239389637,0.00819839188222202
0,0.535,OHCAL,39.7278400533121,4.36700795855558
0,0.535,OTHER,3.46729407043303e-25,6.24543907265152e-25
0,0.535,PIPE,0.002479730191133,0.00221942628975325
0,0.535,TPC,0.0476221733272799,0.0174459151492553
0,0.54,EMCAL,21.7408555985562,0.95231581529303
0,0.54,IHCAL,1.3625130940783,0.361496432256772
0,0.54,INTT,0.0631234657241955,0.0260156476386223
0,0.54,MAGNET,1.56262816919971,0.357419879332367
0,0.54,MVTX,0.0158869821716129,0.00694537443832817
0,0.54,OHCAL,39.8258878269332,4.37778567330432
0,0.54,OTHER,3.45627767400364e-25,6.22559586601767e-25
0,0.54,PIPE,0.00248585010671921,0.00222490378145443
0,0.54,TPC,0.0477397037270935,0.0174889712560927
0,0.545,EMCAL,21.2376825633048,0.938572306022103
0,0.545,IHCAL,1.36490212209236,0.361794900313016
0,0.545,INTT,0.063280447505079,0.0260803459667368
0,0.545,MAGNET,1.56651427003472,0.358308747022648
0,0.545,MVTX,0.0159264915161261,0.00696264689375695
0,0.545,OHCAL,39.924931252812,4.38867283323636
0,0.545,OTHER,3.44514940851778e-25,6.20555115603218e-25
0,0.545,PIPE,0.00249203216868749,0.00223043689586596
0,0.545,TPC,0.0478584276219683,0.0175324645881206
0,0.55,EMCAL,18.5427193612344,0.828175986825061
0,0.55,IHCAL,1.36932402449421,0.363303483768959
0,0.55,INTT,0.0634390113004461,0.0261456963048589
0,0.55,MAGNET,1.57043953380808,0.359206572450266
0,0.55,MVTX,0.0159663990237568,0.00698009341572075
0,0.55,OHCAL,40.0249728070773,4.39966971053523
0,0.55,OTHER,3.43390899576824e-25,6.18530444157628e-25
0,0.55,PIPE,0.00249827653158987,0.00223602577131615
0,0.55,TPC,0.047978347980063,0.0175763962326798
0,0.555,EMCAL,18.2346562023466,0.808385852094712
0,0.555,IHCAL,1.37278079619134,0.364220621971991
0,0.555,INTT,0.0635991610743997,0.0262117002867503
0,0.555,MAGNET,1.57440405865157,0.360113378060904
0,0.555,MVTX,0.0160067056921945,0.00699771444038343
0,0.555,OHCAL,40.126014990811,4.41077658012743
0,0.555,OTHER,3.4225561547441e-25,6.16485521648102e-25
0,0.555,PIPE,0.00250458335153561,0.00224167054752703
0,0.555,TPC,0.0480994677993313,0.0176207672880578
0,0.56,EMCAL,18.3000938602694,0.826355683154944
0,0.56,IHCAL,1.37627188714986,0.365146865634057
0,0.56,INTT,0.0637609008306927,0.0262783595625141
0,0.56,MAGNET,1.57840794367853,0.36102918652475
0,0.56,MVTX,0.0160474125291083,0.00701551040827162
0,0.56,OHCAL,40.2280603301114,4.42199371968929
0,0.56,OTHER,3.41109060162376e-25,6.14420296951473e-25
0,0.56,PIPE,0.00251095278619559,0.00224737136561836
0,0.56,TPC,0.0482217901078126,0.0176655788635372
0,0.565,EMCAL,18.547663407934,0.834637204029809
0,0.565,IHCAL,1.3797973846431,0.366082237910355
0,0.565,INTT,0.0639242346128273,0.0263456757986356
0,0.565,MAGNET,1.58245128898629,0.361954020737062
0,0.565,MVTX,0.0160885205521711,0.0070334817642854
0,0.565,OHCAL,40.331111376156,4.43332140965395
0,0.565,OTHER,3.39951204976778e-25,6.12334718437015e-25
0,0.565,PIPE,0.002517384994806,0.00225312836811088
0,0.565,TPC,0.0483453179635518,0.0177108320794075
0,0.57,EMCAL,17.9854797785069,0.818561911796205
0,0.57,IHCAL,1.38335737680454,0.367026762184292
0,0.57,INTT,0.0640891665041567,0.0264136506780242
0,0.57,MAGNET,1.5865341956587,0.362887903818744
0,0.57,MVTX,0.0161300307890857,0.00705162895770962
0,0.57,OHCAL,40.4351707052651,4.44475993321833
0,0.57,OTHER,3.38782020971178e-25,6.10228733965157e-25
0,0.57,PIPE,0.0025238801381724,0.00225894169892995
0,0.57,TPC,0.048470054454758,0.0177565280670023
0,0.575,EMCAL,17.9552440458125,0.766315516340301
0,0.575,IHCAL,1.36818874787893,0.356705460324189
0,0.575,INTT,0.0642557006279866,0.0264822859000555
0,0.575,MAGNET,1.59065676576862,0.363830859116923
0,0.575,MVTX,0.0161719442776101,0.00706995244222505
0,0.575,OHCAL,40.5402409189668,4.45630957635023
0,0.575,OTHER,3.37601478915913e-25,6.08102290886177e-25
0,0.575,PIPE,0.00253043837867368,0.00226481150340913
0,0.575,TPC,0.0485960026998435,0.0178026679687228
0,0.58,EMCAL,18.4439378367103,0.811370056315163
0,0.58,IHCAL,1.37176889878353,0.357638855901214
0,0.58,INTT,0.0644238411476789,0.0265515831806136
0,0.58,MAGNET,1.59481910238054,0.364782910205529
0,0.58,MVTX,0.0162142620655837,0.00708845267591977
0,0.58,OHCAL,40.6463246440613,4.4679706277955
0,0.58,OTHER,3.36409549297371e-25,6.05955336038888e-25
0,0.58,PIPE,0.00253705988026626,0.00227073792829389
0,0.58,TPC,0.0487231658475406,0.0178492529380712
0,0.585,EMCAL,21.4641500293686,0.950056282979215
0,0.585,IHCAL,1.37538334363114,0.358581192387998
0,0.585,INTT,0.0645935922667552,0.0266215442521342
0,0.585,MAGNET,1.59902130955308,0.365744080885889
0,0.585,MVTX,0.0162569852109535,0.00710713012130057
0,0.585,OHCAL,40.7534245326875,4.47974337908521
0,0.585,OTHER,3.3520620231725e-25,6.03787815749307e-25
0,0.585,PIPE,0.00254374480848797,0.00227672112174511
0,0.585,TPC,0.0488515470769151,0.0178962841396721
0,0.59,EMCAL,21.0863369657507,0.937157864039316
0,0.59,IHCAL,1.37903217277876,0.359532493342022
0,0.59,INTT,0.0647649582290026,0.0266921708636475
0,0.59,MAGNET,1.60326349234165,0.36671439518732
0,0.59,MVTX,0.0171101412259594,0.00755753075094053
0,0.59,OHCAL,40.8615432623882,4.49162812454299
0,0.59,OTHER,3.33991407891811e-25,6.01599675829313e-25
0,0.59,PIPE,0.0025504933304624,0.00228276123334297
0,0.59,TPC,0.0489811495975109,0.0179437627493085
0,0.595,EMCAL,21.3850443813859,0.947924964321518
0,0.595,IHCAL,1.38271547744301,0.360492782544872
0,0.595,INTT,0.0649379433185788,0.0267634647808227
0,0.595,MAGNET,1.60754575680102,0.367693877367731
0,0.595,MVTX,0.0192286713615281,0.00868202661343218
0,0.595,OHCAL,40.9706835361779,4.50362516129234
0,0.595,OTHER,3.32765135651132e-25,5.99390861575295e-25
0,0.595,PIPE,0.00255730561490289,0.00228885841409052
0,0.595,TPC,0.0491119766493977,0.0179916899539482
0,0.6,EMCAL,18.5155208175617,0.80343530176967
0,0.6,IHCAL,1.38643334970234,0.361462084002832
0,0.6,INTT,0.0651125518601201,0.0268354277860113
0,0.6,MAGNET,1.61186820998804,0.368682551914227
0,0.6,MVTX,0.0187735062220282,0.00843533481742692
0,0.6,OHCAL,41.0808480826102,4.51573478926411
0,0.6,OTHER,3.31527354938342e-25,5.97161317766781e-25
0,0.6,PIPE,0.00256418183211696,0.00229501281641765
0,0.6,TPC,0.049244031503252,0.018040066951773
0,0.605,EMCAL,18.2563732948775,0.827442895426813
0,0.605,IHCAL,1.36032770500306,0.355610962189778
0,0.605,INTT,0.0652887882188492,0.0269080616782922
0,0.605,MAGNET,1.61623095996427,0.369680443543723
0,0.605,MVTX,0.0164319528805829,0.00718362142512726
0,0.605,OHCAL,41.1920376026454,4.5279570958001
0,0.605,OTHER,3.30278034808859e-25,5.94910988665059e-25
0,0.605,PIPE,0.00257112215401036,0.0023012245941847
0,0.605,TPC,0.0493773174604653,0.018088894952212
0,0.61,EMCAL,18.3468991644267,0.829710806203758
0,0.61,IHCAL,1.39397316964312,0.363427820836315
0,0.61,INTT,0.0654666568006844,0.0269813682735166
0,0.61,MAGNET,1.62063411579867,0.370687577203562
0,0.61,MVTX,0.0164767190377652,0.00720319202201205
0,0.61,OHCAL,41.3042548129484,4.54029237984091
0,0.61,OTHER,3.29017144029616e-25,5.92639818011786e-25
0,0.61,PIPE,0.00257812675409158,0.00230749390268651
0,0.61,TPC,0.0495118378531934,0.0181381751759677
0,0.615,EMCAL,18.6067599088137,0.837660343379978
0,0.615,IHCAL,1.39779530581159,0.364424305353327
0,0.615,INTT,0.0656461620523491,0.0270553494043531
0,0.615,MAGNET,1.62507778757037,0.371703978072137
0,0.615,MVTX,0.0165218971137817,0.00722294269907255
0,0.615,OHCAL,41.4175051773007,4.5527412286597
0,0.615,OTHER,3.27744651078275e-25,5.90347749027576e-25
0,0.615,PIPE,0.00258519580747585,0.002313820898656
0,0.615,TPC,0.0496475960444334,0.018187908855046
0,0.62,EMCAL,18.4639170970002,0.787014148837788
0,0.62,IHCAL,1.42087451400406,0.376980673499741
0,0.62,INTT,0.0658273084614844,0.0271300069203338
0,0.62,MAGNET,1.62956208637141,0.372729671559524
0,0.62,MVTX,0.0167336212435792,0.00733138211221775
0,0.62,OHCAL,41.5317942135972,4.5653042353361
0,0.62,OTHER,3.26460524142448e-25,5.88034724410585e-25
0,0.62,PIPE,0.00259232949089005,0.00232020574026855
0,0.62,TPC,0.04978459542818,0.018238097232795
0,0.625,EMCAL,18.1545988430102,0.790573384558085
0,0.625,IHCAL,1.42482001257123,0.378027478916722
0,0.625,INTT,0.0660101005567596,0.0272053426879006
0,0.625,MAGNET,1.63408712430947,0.373764683308113
0,0.625,MVTX,0.0193833375142136,0.008738634040722
0,0.625,OHCAL,41.6471215474509,4.57798137491269
0,0.625,OTHER,3.25164731118895e-25,5.85700686335079e-25
0,0.625,PIPE,0.00259952798267649,0.00232664858714541
0,0.625,TPC,0.0499228394293858,0.0182887415639229
0,0.63,EMCAL,18.9090231561284,0.851991567625294
0,0.63,IHCAL,1.42880113132215,0.379083734950981
0,0.63,INTT,0.0661945429079868,0.0272813585904515
0,0.63,MAGNET,1.63865301451075,0.374809039193251
0,0.63,MVTX,0.0193587812927308,0.00872111466713336
0,0.63,OHCAL,41.7634900620576,4.59077296431929
0,0.63,OTHER,3.23857239612722e-25,5.83345576449982e-25
0,0.63,PIPE,0.00260679146279787,0.00233314960035811
0,0.63,TPC,0.0500623315041839,0.0183398431145429
0,0.635,EMCAL,21.8136180992828,0.96588507031095
0,0.635,IHCAL,1.43281796978036,0.380149468007917
0,0.635,INTT,0.0663806401262343,0.0273580565283881
0,0.635,MAGNET,1.64325987112274,0.375862765323891
0,0.635,MVTX,0.0174309835278233,0.00768959434736175
0,0.635,OHCAL,41.8809026666429,4.60367932334698
0,0.635,OTHER,3.22538016936573e-25,5.80969335877425e-25
0,0.635,PIPE,0.00261412011284164,0.00233970894243238
0,0.635,TPC,0.0502030751398771,0.0183914031621961
0,0.64,EMCAL,21.7578681234086,0.964115422308534
0,0.64,IHCAL,1.40263415681699,0.360651658627125
0,0.64,INTT,0.0665683968639422,0.0274354384191627
0,0.64,MAGNET,1.6479078093171,0.37692588804324
0,0.64,MVTX,0.0167540061692927,0.00732441472715419
0,0.64,OHCAL,41.9993622965341,4.61670077465608
0,0.64,OTHER,3.21207030109813e-25,5.78571905211271e-25
0,0.64,PIPE,0.00262151411602435,0.00234632677735205
0,0.64,TPC,0.0503450738550634,0.0184434229958861
0,0.645,EMCAL,19.1683846404811,0.856583488805678
0,0.645,IHCAL,1.44095920838019,0.38230947199667
0,0.645,INTT,0.066757817815039,0.0275135061973268
0,0.645,MAGNET,1.65259694529251,0.377998433929421
0,0.645,MVTX,0.0168016798392739,0.00734525641283698
0,0.645,OHCAL,42.118871913235,4.62983764378425
0,0.645,OTHER,3.19864245857702e-25,5.76153224515627e-25
0,0.645,PIPE,0.00262897365719648,0.00235300327056334
0,0.645,TPC,0.0504883311997115,0.0184959039161109
0,0.65,EMCAL,18.2798697874346,0.819791197848708
0,0.65,IHCAL,1.44508381204375,0.38340379692654
0,0.65,INTT,0.0669489077150581,0.0275922618145788
0,0.65,MAGNET,1.65732739627764,0.379080429796139
0,0.65,MVTX,0.0168497735521261,0.00736628173031263
0,0.65,OHCAL,42.2394345044987,4.64309025915459
0,0.65,OTHER,3.18509630610564e-25,5.73713233323351e-25
0,0.65,PIPE,0.00263649892284701,0.00235973858897898
0,0.65,TPC,0.0506328507552828,0.0185488472348985
0,0.655,EMCAL,18.3554568038015,0.832781008375111
0,0.655,IHCAL,1.4492445424636,0.384507706876542
0,0.655,INTT,0.067141671341257,0.0276717072398133
0,0.655,MAGNET,1.66209928053399,0.380171902693345
0,0.655,MVTX,0.0168982885101948,0.00738749120521521
0,0.655,OHCAL,42.361053084403,4.65645895208387
0,0.655,OTHER,3.17143150502946e-25,5.71251870634536e-25
0,0.655,PIPE,0.00264409010110789,0.00236653290098221
0,0.655,TPC,0.0507786361347533,0.0186022542758322
0,0.66,EMCAL,17.9847984116036,0.82272244228476
0,0.66,IHCAL,1.45344150365339,0.385621229443383
0,0.66,INTT,0.0673361135127363,0.02775184445917
0,0.66,MAGNET,1.66691271735891,0.381272879907918
0,0.66,MVTX,0.0169472259263563,0.00740888536778269
0,0.66,OHCAL,42.4837306934254,4.66994405679082
0,0.66,OTHER,3.15764771372775e-25,5.68769074914985e-25
0,0.66,PIPE,0.00265174738175905,0.00237338637643127
0,0.66,TPC,0.0509256909827719,0.0186561263740917
0,0.665,EMCAL,18.5814974874346,0.839863167986711
0,0.665,IHCAL,1.43795481900604,0.374894453764895
0,0.665,INTT,0.0675322390905606,0.0278326754760836
0,0.665,MAGNET,1.6717678270886,0.382383388964348
0,0.665,MVTX,0.0169965870240485,0.00743046475287021
0,0.665,OHCAL,42.6074663605341,4.68354548677428
0,0.665,OTHER,3.14374458760502e-25,5.66264784094677e-25
0,0.665,PIPE,0.00265947095623284,0.00238029918666333
0,0.665,TPC,0.0510740189757105,0.0187104648764815
0,0.67,EMCAL,18.7100337748021,0.797532149494707
0,0.67,IHCAL,1.4421667940842,0.375992574748532
0,0.67,INTT,0.0677300529778794,0.0279142023113337
0,0.67,MAGNET,1.67666473110103,0.383503457625418
0,0.67,MVTX,0.0170463730373017,0.00745222989996358
0,0.67,OHCAL,43.2265998120699,4.74912506923494
0,0.67,OTHER,3.12972177908237e-25,5.63738935566211e-25
0,0.67,PIPE,0.00266726101761906,0.00238727150449902
0,0.67,TPC,0.0512236238217974,0.0187652711414692
0,0.675,EMCAL,18.4301942173273,0.819770294119152
0,0.675,IHCAL,1.44641482297351,0.377100095466895
0,0.675,INTT,0.0679295601200504,0.0279964270030955
0,0.675,MAGNET,1.68160355181906,0.384633113892902
0,0.675,MVTX,0.0170965852107687,0.00747418135319259
0,0.675,OHCAL,44.114312771109,4.84288702485326
0,0.675,OTHER,3.11557893758888e-25,5.61191466183242e-25
0,0.675,PIPE,0.00267511776066963,0.00239430350424667
0,0.675,TPC,0.0513745092611409,0.0188205465392121
0,0.68,EMCAL,22.3197032602416,0.987996274743341
0,0.68,IHCAL,1.45069901186992,0.378217043606916
0,0.68,INTT,0.0681307655047622,0.0280793516069905
0,0.68,MAGNET,1.68658441271347,0.385772386008267
0,0.68,MVTX,0.018105872633019,0.00800704393079938
0,0.68,OHCAL,44.2449620878983,4.85722983736499
0,0.68,OTHER,3.10131570955276e-25,5.58622312258902e-25
0,0.68,PIPE,0.00268304138180355,0.00240139536170663
0,0.68,TPC,0.0515266790658916,0.0188762924515986
0,0.685,EMCAL,21.896844293191,0.970459664905502
0,0.685,IHCAL,1.45501946787334,0.379343447091206
0,0.685,INTT,0.0683336741621603,0.0281629781961382
0,0.685,MAGNET,1.69160743830605,0.386921302453374
0,0.685,MVTX,0.0197772474637337,0.00889259580353458
0,0.685,OHCAL,44.3767362935251,4.87169604927145
0,0.685,OTHER,3.08693173839257e-25,5.56031409564211e-25
0,0.685,PIPE,0.00269103207911176,0.0024085472541757
0,0.685,TPC,0.0516801370403027,0.0189325102722796
0,0.69,EMCAL,21.8193986861126,0.968951429873849
0,0.69,IHCAL,1.4593762989903,0.380479334078747
0,0.69,INTT,0.0685382911649714,0.0282473088612075
0,0.69,MAGNET,1.69667275417269,0.388079891951194
0,0.69,MVTX,0.0183922985628844,0.00814983533126242
0,0.69,OHCAL,44.5096238808731,4.88628446938671
0,0.69,OTHER,3.0724266645083e-25,5.53418693326466e-25
0,0.69,PIPE,0.00269909005236211,0.00241575936045157
0,0.69,TPC,0.0518348870208315,0.0189892014067035
0,0.695,EMCAL,18.6023300741555,0.819332199018034
0,0.695,IHCAL,1.46376961413671,0.381624732965604
0,0.695,INTT,0.0687446216286313,0.0283323457104696
0,0.695,MAGNET,1.70178048694654,0.389248183466526
0,0.695,MVTX,0.0183931162709972,0.00814530750300961
0,0.695,OHCAL,44.6436403421677,4.90099673919529
0,0.695,OTHER,3.05780012527231e-25,5.50784098227623e-25
0,0.695,PIPE,0.00270721550300434,0.00242303186083728
0,0.695,TPC,0.0519909328762286,0.0190463672721508
0,0.7,EMCAL,18.2882119260888,0.832891678548581
0,0.7,IHCAL,1.46819952314049,0.382779672385623
0,0.7,INTT,0.0689526707114123,0.0284180908698501
0,0.7,MAGNET,1.70693076432121,0.390426206206718
0,0.7,MVTX,0.0198172695617565,0.00889902724711341
0,0.7,OHCAL,44.3991288858208,4.87600259638484
0,0.7,OTHER,3.04305175502038e-25,5.48127558402669e-25
0,0.7,PIPE,0.00271540863417512,0.00243036493714568
0,0.7,TPC,0.0521482785076623,0.0191040092977727
0,0.705,EMCAL,18.3204105842483,0.834204151325125
0,0.705,IHCAL,1.47823182510371,0.387288660301482
0,0.705,INTT,0.0691624436145526,0.0285045464829825
0,0.705,MAGNET,1.71212371505389,0.3916139896224
0,0.705,MVTX,0.0194954629773403,0.00872253695571616
0,0.705,OHCAL,43.6359678109722,4.79660171090468
0,0.705,OTHER,3.02818118504249e-25,5.4544900743797e-25
0,0.705,PIPE,0.00272366965070323,0.00243775877270414
0,0.705,TPC,0.0523069278487819,0.0191621289246228
0,0.71,EMCAL,18.7981215547191,0.848420420895352
0,0.71,IHCAL,1.49742734191313,0.397291393037537
0,0.71,INTT,0.0693739455823853,0.0285917147112616
0,0.71,MAGNET,1.71735946896862,0.392811563408219
0,0.71,MVTX,0.0174802129386329,0.00786255724921737
0,0.71,OHCAL,43.7694100261143,4.81127008848507
0,0.71,OTHER,3.0131880435736e-25,5.42748378369612e-25
0,0.71,PIPE,0.00273199875911445,0.00244521355235886
0,0.71,TPC,0.052466884865815,0.0192207276056932
0,0.715,EMCAL,18.8158000988212,0.792620419860577
0,0.715,IHCAL,1.50202996741658,0.398512545004926
0,0.715,INTT,0.0695871819024709,0.0286795977338976
0,0.715,MAGNET,1.72263815695952,0.394018957503582
0,0.715,MVTX,0.0175137772550024,0.00765656683890631
0,0.715,OHCAL,43.9039463406391,4.82605873357502
0,0.715,OTHER,2.99807195578442e-25,5.40025603681729e-25
0,0.715,PIPE,0.00274039616763693,0.00245272946247974
0,0.715,TPC,0.0526281535577091,0.0192798068059555
0,0.72,EMCAL,18.4607878396972,0.814537051143211
0,0.72,IHCAL,1.50667014326707,0.399743659696822
0,0.72,INTT,0.0698021579057284,0.0287681977479707
0,0.72,MAGNET,1.72795991099406,0.395236202093405
0,0.72,MVTX,0.0175678826481695,0.00768022030629357
0,0.72,OHCAL,44.0395965040094,4.84096973497264
0,0.72,OTHER,2.98283254377194e-25,5.37280615304811e-25
0,0.72,PIPE,0.00274886208620633,0.00246030669096494
0,0.72,TPC,0.0527907379561765,0.0193393680023915
0,0.725,EMCAL,21.5882067973858,0.960061239529531
0,0.725,IHCAL,1.51134798546384,0.400984767889916
0,0.725,INTT,0.0700188789665689,0.0288575169684858
0,0.725,MAGNET,1.73332486411637,0.396463327608865
0,0.725,MVTX,0.0176224272393176,0.00770406577958847
0,0.725,OHCAL,44.1763506233078,4.85600207179358
0,0.725,OTHER,2.96746942655007e-25,5.34513344614004e-25
0,0.725,PIPE,0.00275739672647106,0.00246794542724554
0,0.725,TPC,0.0529546421258356,0.0193994126840342
0,0.73,EMCAL,22.4659374644963,0.998840179622017
0,0.73,IHCAL,1.48958815082423,0.386326525691953
0,0.73,INTT,0.0702373505030306,0.0289475576284281
0,0.73,MAGNET,1.73873315045057,0.397700364728165
0,0.73,MVTX,0.0182066922531334,0.00801008026065615
0,0.73,OHCAL,44.2177817081246,4.81321818161201
0,0.73,OTHER,2.9519822200401e-25,5.317237224274e-25
0,0.73,PIPE,0.00276600030179757,0.00247564586229037
0,0.73,TPC,0.0531198701643126,0.019459942352005
0,0.735,EMCAL,23.3857124430479,1.02535046698117
0,0.735,IHCAL,1.52081713760416,0.403497089136406
0,0.735,INTT,0.0704575779769129,0.0290383219788188
0,0.735,MAGNET,1.74418490520408,0.398947344377296
0,0.735,MVTX,0.0210083652576565,0.00949738733210135
0,0.735,OHCAL,44.3564268990841,4.82831005820015
0,0.735,OTHER,2.93637053706103e-25,5.28911679004296e-25
0,0.735,PIPE,0.00277467302727565,0.00248340818861067
0,0.735,TPC,0.0532864262023104,0.0195209585195481
0,0.74,EMCAL,18.0456697673513,0.800274060510787
0,0.74,IHCAL,1.52560868426593,0.404768364995432
0,0.74,INTT,0.0706795668939144,0.0291298122887714
0,0.74,MAGNET,1.74968026467107,0.400204297730815
0,0.74,MVTX,0.0208432943401112,0.00940410485796721
0,0.74,OHCAL,44.4961810165194,4.84352264420679
0,0.74,OTHER,2.92063398732e-25,5.26077144043461e-25
0,0.74,PIPE,0.00278341511972399,0.00249123260026508
0,0.74,TPC,0.0534543144037313,0.0195824627120702
0,0.745,EMCAL,18.1966762023801,0.834600850117347
0,0.745,IHCAL,1.5304383707164,0.406049759968497
0,0.745,INTT,0.0709033228037694,0.0292220308455484
0,0.745,MAGNET,1.75521936623581,0.401471256212622
0,0.745,MVTX,0.0202061429328259,0.00905927671319954
0,0.745,OHCAL,38.7082373797738,4.23195212804161
0,0.745,OTHER,2.90477217740243e-25,5.23220046681373e-25
0,0.745,PIPE,0.00279222679769526,0.00249911929286422
0,0.745,TPC,0.0536235389658037,0.0196444564671807
0,0.75,EMCAL,19.354254780803,0.868426976449462
0,0.75,IHCAL,1.5353063176923,0.407341306089247
0,0.75,INTT,0.0711288513003874,0.0293149799546186
0,0.75,MAGNET,1.76080234837612,0.402748251496744
0,0.75,MVTX,0.0202480805279075,0.00907619387752337
0,0.75,OHCAL,38.8313591990186,4.24541297864555
0,0.75,OTHER,2.88878471076225e-25,5.20340315490449e-25
0,0.75,PIPE,0.0028011082814819,0.00250706846357585
0,0.75,TPC,0.0537941041191431,0.0197069413347261
0,0.755,EMCAL,19.1577359246236,0.863215351491687
0,0.755,IHCAL,1.52127992073016,0.397266166753816
0,0.755,INTT,0.0713561580219926,0.0294086619397144
0,0.755,MAGNET,1.76642935066684,0.404035315508129
0,0.755,MVTX,0.0185423582023526,0.00816199399015232
0,0.755,OHCAL,38.9554517955662,4.25897996388239
0,0.755,OTHER,2.87267118771196e-25,5.17437878477261e-25
0,0.755,PIPE,0.00281005979312145,0.00251508031112962
0,0.755,TPC,0.0539660141278871,0.0197699188768313
0,0.76,EMCAL,18.0454392930269,0.779166311439369
0,0.76,IHCAL,1.52425398656286,0.397393857487989
0,0.76,INTT,0.0715852486512648,0.0295030791428904
0,0.76,MAGNET,1.77210051378334,0.405332480423446
0,0.76,MVTX,0.0180166528568344,0.00787641094226684
0,0.76,OHCAL,39.0805183529359,4.27265343144603
0,0.76,OTHER,2.85643120541265e-25,5.14512663080731e-25
0,0.76,PIPE,0.00281908155640223,0.00252315503582221
0,0.76,TPC,0.0541392732898025,0.0198333906679388
0,0.765,EMCAL,18.4011049179178,0.808380404720051
0,0.765,IHCAL,1.52917003013745,0.398675539041573
0,0.765,INTT,0.0718161289154815,0.0295982339245815
0,0.765,MAGNET,1.77781597950498,0.406639778671885
0,0.765,MVTX,0.0182975605552535,0.0080205118432513
0,0.765,OHCAL,39.2096410516025,4.28828390138353
0,0.765,OTHER,2.84006435786392e-25,5.11564596170323e-25
0,0.765,PIPE,0.0028281737968687,0.00253129283952206
0,0.765,TPC,0.0543138859363553,0.0198973582948445
0,0.77,EMCAL,19.9016941047271,0.902147617596989
0,0.77,IHCAL,1.53412430250578,0.399967187381645
0,0.77,INTT,0.0720488045866618,0.0296941286636625
0,0.77,MAGNET,1.7835758907187,0.407957242935969
0,0.77,MVTX,0.0208614948244228,0.00938086300100504
0,0.77,OHCAL,39.3436352336635,4.30635986790227
0,0.77,OTHER,2.82357023589371e-25,5.08593604044208e-25
0,0.77,PIPE,0.00283733674182744,0.00253949392567478
0,0.77,TPC,0.0544898564328999,0.0199618233567454
0,0.775,EMCAL,24.2289473533957,1.05504636556029
0,0.775,IHCAL,1.53911692751897,0.401268834798126
0,0.775,INTT,0.0722832814817092,0.0297907657575065
0,0.775,MAGNET,1.78938039142258,0.409284906152375
0,0.775,MVTX,0.0192837642146324,0.00853467883419345
0,0.775,OHCAL,39.4716751923125,4.32037449196843
0,0.775,OTHER,2.80694842714813e-25,5.05599612427431e-25
0,0.775,PIPE,0.00284657062035248,0.00254775849930789
0,0.775,TPC,0.0546671891786861,0.0200267874652692
0,0.78,EMCAL,23.3590610557268,1.03225944488648
0,0.78,IHCAL,1.51965652236251,0.396978572260709
0,0.78,INTT,0.0725195654625584,0.0298881476220461
0,0.78,MAGNET,1.79522962672944,0.410622801512752
0,0.78,MVTX,0.0182518027231062,0.00797921233354044
0,0.78,OHCAL,39.6007019384503,4.33449712494558
0,0.78,OTHER,2.7901985160811e-25,5.02582546470044e-25
0,0.78,PIPE,0.00285587566329123,0.00255608676703613
0,0.78,TPC,0.0548458886070416,0.0200922522445218
0,0.785,EMCAL,19.3399716865901,0.868983811372058
0,0.785,IHCAL,1.54921773568155,0.403902257270649
0,0.785,INTT,0.0727576624363212,0.029986276691833
0,0.785,MAGNET,1.80112374287047,0.411970962464553
0,0.785,MVTX,0.0183117272271538,0.00800540976450282
0,0.785,OHCAL,39.7307186976814,4.34872811989282
0,0.785,OTHER,2.77332008394395e-25,4.99542330745242e-25
0,0.785,PIPE,0.00286525210327042,0.00256447893706677
0,0.785,TPC,0.0550259591854836,0.0201582193311287
0,0.79,EMCAL,19.8530937232028,0.882073846796931
0,0.79,IHCAL,1.55432617133955,0.405234098159621
0,0.79,INTT,0.0729975783554343,0.0300851554200988
0,0.79,MAGNET,1.80706288719889,0.413329422711872
0,0.79,MVTX,0.0183721095253357,0.00803180733112626
0,0.79,OHCAL,39.8617287203601,4.36306783257826
0,0.79,OTHER,2.756312708775e-25,4.96478889247471e-25
0,0.79,PIPE,0.00287470017470137,0.00257293521920436
0,0.79,TPC,0.0552074054157638,0.0202246903742679
0,0.795,EMCAL,18.634426372482,0.850924660849404
0,0.795,IHCAL,1.57387991187495,0.415233051345456
0,0.795,INTT,0.0732393192178084,0.0301847862788172
0,0.795,MAGNET,1.8130472081936,0.414698216216287
0,0.795,MVTX,0.0184329511272127,0.0080584056933513
0,0.795,OHCAL,39.9937352816716,4.37751662148793
0,0.795,OTHER,2.739175965389e-25,4.93392145390538e-25
0,0.795,PIPE,0.00288422011378641,0.00258145582485643
0,0.795,TPC,0.0553902318340548,0.0202916670357198
0,0.8,EMCAL,18.404899861206,0.844524707897698
0,0.8,IHCAL,1.58611736626521,0.420822310315419
0,0.8,INTT,0.0734828910669775,0.0302851717587646
0,0.8,MAGNET,1.83405019528734,0.41950222862348
0,0.8,MVTX,0.0184942535538279,0.00808520551613838
0,0.8,OHCAL,40.1267416817141,4.39207484783465
0,0.8,OTHER,2.72190942536647e-25,4.90282022005684e-25
0,0.8,PIPE,0.00289381215852451,0.00259004096703858
0,0.8,TPC,0.0555744430110265,0.0203591509899045
0,0.805,EMCAL,19.2031973521611,0.838503179073372
0,0.805,IHCAL,1.59179665231428,0.422315133648334
0,0.805,INTT,0.0737282999922504,0.0303863143695834
0,0.805,MAGNET,1.87845770592646,0.429659556775457
0,0.805,MVTX,0.0185560183377452,0.00811220746948448
0,0.805,OHCAL,40.2607512455811,4.40674287556713
0,0.805,OTHER,2.704512657043e-25,4.8714844133966e-25
0,0.805,PIPE,0.0029034765487173,0.0025986908603798
0,0.805,TPC,0.0557600435519681,0.0204271439239243
0,0.81,EMCAL,18.9355576889344,0.821622708265521
0,0.81,IHCAL,1.73452501348741,0.455156642105234
0,0.81,INTT,0.0739755521288632,0.030488216639844
0,0.81,MAGNET,1.92318452463482,0.439889920249481
0,0.81,MVTX,0.0186182470230874,0.00813941222843981
0,0.81,OHCAL,40.3957674567407,4.42152108536334
0,0.81,OTHER,2.68698522549849e-25,4.83991325052791e-25
0,0.81,PIPE,0.002913213525975,0.00260740572112785
0,0.81,TPC,0.0559470380969026,0.0204956475376061
0,0.815,EMCAL,20.9004917687354,0.92308761107055
0,0.815,IHCAL,1.75181873259152,0.45930895031632
0,0.815,INTT,0.074224653658132,0.0305908811171086
0,0.815,MAGNET,1.96823418017003,0.450194126178142
0,0.815,MVTX,0.0186809411655749,0.00816682047312483
0,0.815,OHCAL,40.5317938532039,4.43640986373771
0,0.815,OTHER,2.66932669254623e-25,4.80810594217e-25
0,0.815,PIPE,0.0029230233337226,0.00261618576715476
0,0.815,TPC,0.0561354313206959,0.020564663543543
0,0.82,EMCAL,23.365710055948,1.0394697529519
0,0.82,IHCAL,1.74650823900409,0.454112088208407
0,0.82,INTT,0.0744756108076084,0.0306943103679944
0,0.82,MAGNET,2.01361021749209,0.460572985399998
0,0.82,MVTX,0.0197686037694313,0.00888226963368972
0,0.82,OHCAL,40.6688335439332,4.4514095523074
0,0.82,OTHER,2.65153661672197e-25,4.77606169313855e-25
0,0.82,PIPE,0.00293290621720582,0.00262503121796213
0,0.82,TPC,0.056325227933211,0.0206341936671413
0,0.825,EMCAL,24.413529282816,1.06520158249519
0,0.825,IHCAL,1.70302404410588,0.446251186063998
0,0.825,INTT,0.0747284298512336,0.030798506978238
0,0.825,MAGNET,2.05931619791559,0.471027312494397
0,0.825,MVTX,0.0239522207412094,0.0109630013677356
0,0.825,OHCAL,40.8068897962089,4.46652050941397
0,0.825,OTHER,2.6336145532729e-25,4.74377970232565e-25
0,0.825,PIPE,0.0029428624234972,0.00263394229468665
0,0.825,TPC,0.0565164326793429,0.0207042396466542
0,0.83,EMCAL,20.7034893928865,0.948175796096822
0,0.83,IHCAL,1.82540623221423,0.476739577969099
0,0.83,INTT,0.0749831171094973,0.0309034735527601
0,0.83,MAGNET,2.10535569926155,0.481557925816197
0,0.83,MVTX,0.0213950088297751,0.00959450762183854
0,0.83,OHCAL,40.9459659519336,4.48174310134321
0,0.83,OTHER,2.61556005414649e-25,4.71125916267983e-25
0,0.83,PIPE,0.00295289220150243,0.00264291922010572
0,0.83,TPC,0.0567090503392506,0.0207748032332384
0,0.835,EMCAL,18.5831345398282,0.847337309008784
0,0.835,IHCAL,1.72007417366299,0.452849588346267
0,0.835,INTT,0.0752396789495942,0.0310092127157307
0,0.835,MAGNET,2.15173231600877,0.492165647530394
0,0.835,MVTX,0.019520057305456,0.0085894463020114
0,0.835,OHCAL,41.0732022561833,4.48934793018632
0,0.835,OTHER,2.59737266797933e-25,4.67849926118592e-25
0,0.835,PIPE,0.00296299580196651,0.00265196221864294
0,0.835,TPC,0.0569030857283627,0.0208458861909846
0,0.84,EMCAL,19.6381020442421,0.883944495504029
0,0.84,IHCAL,1.62876099844518,0.432167622784143
0,0.84,INTT,0.0754981217855835,0.0311157271106342
0,0.84,MAGNET,2.19844965944468,0.502851303646617
0,0.84,MVTX,0.0190014490021588,0.00830693814377159
0,0.84,OHCAL,41.2166623928734,4.50619702950692
0,0.84,OTHER,2.57905194008582e-25,4.64549917884468e-25
0,0.84,PIPE,0.00297317347747995,0.00266107151637376
0,0.84,TPC,0.0570985436975741,0.0209174902969703
0,0.845,EMCAL,19.3669666750757,0.876472598849234
0,0.845,IHCAL,1.63522943014898,0.433852730838221
0,0.845,INTT,0.0757584520785497,0.031223019400336
0,0.845,MAGNET,2.24551135781586,0.513615724053565
0,0.845,MVTX,0.0197867190523141,0.00871903207975986
0,0.845,OHCAL,41.3587837036805,4.52173508429081
0,0.845,OTHER,2.56059741244679e-25,4.61225809065233e-25
0,0.845,PIPE,0.00298342548248518,0.00267024734103108
0,0.845,TPC,0.0572954291333672,0.0209896173413047
0,0.85,EMCAL,18.7992870950367,0.845401062149596
0,0.85,IHCAL,1.64088761944833,0.435354007851493
0,0.85,INTT,0.0760206763367635,0.0313310922671491
0,0.85,MAGNET,2.27136606226187,0.519529469578836
0,0.85,MVTX,0.0215368812322187,0.00964513140330544
0,0.85,OHCAL,41.5019389788536,4.537386181913
0,0.85,OTHER,2.54200862369812e-25,4.57877516557994e-25
0,0.85,PIPE,0.00299375207328287,0.002679489922011
0,0.85,TPC,0.057493746957865,0.021062269127165
0,0.855,EMCAL,18.7252488606807,0.817222539938317
0,0.855,IHCAL,1.63667957931168,0.430911178231032
0,0.855,INTT,0.0762848011158452,0.0314399484129007
0,0.855,MAGNET,2.2792576529227,0.521334512798539
0,0.855,MVTX,0.0191994413074174,0.00839349521805256
0,0.855,OHCAL,41.6567718267737,4.55954441629501
0,0.855,OTHER,2.52328510911909e-25,4.54504956655262e-25
0,0.855,PIPE,0.00300415350803828,0.0026887994903785
0,0.855,TPC,0.0576935021290235,0.0211354474708496
0,0.86,EMCAL,20.975301315697,0.9254877481839
0,0.86,IHCAL,1.62998257220268,0.424958836981915
0,0.86,INTT,0.0765508330189279,0.0315495905590001
0,0.86,MAGNET,2.28720622514355,0.523152589408216
0,0.86,MVTX,0.01926639650471,0.00842276628481439
0,0.86,OHCAL,41.802042898568,4.57544507332685
0,0.86,OTHER,2.50442640062088e-25,4.51108045042866e-25
0,0.86,PIPE,0.00301463004678789,0.00269817627887333
0,0.86,TPC,0.0578946996407479,0.0212091542018226
0,0.865,EMCAL,24.8381480600812,1.0895358156587
0,0.865,IHCAL,1.63569396582877,0.426447681373683
0,0.865,INTT,0.0768187786968233,0.0316600214465067
0,0.865,MAGNET,2.29521197763916,0.524983744859875
0,0.865,MVTX,0.0193338333629187,0.00845224792117203
0,0.865,OHCAL,41.9483590159909,4.5914601159243
0,0.865,OTHER,2.48543202673479e-25,4.47686696797837e-25
0,0.865,PIPE,0.0030251819514457,0.00270762052191568
0,0.865,TPC,0.0580973445229864,0.0212833911627562
0,0.87,EMCAL,25.1691295234004,1.09586852119336
0,0.87,IHCAL,1.6414520021535,0.427948502237422
0,0.87,INTT,0.077088644848187,0.0317712438361984
0,0.87,MAGNET,2.30327511055376,0.526828024932498
0,0.87,MVTX,0.0207448362549463,0.00919747466117176
0,0.87,OHCAL,42.0957239280491,4.60758995402126
0,0.87,OTHER,2.46630151260048e-25,4.44240826386292e-25
0,0.87,PIPE,0.00303580948580981,0.00271713245561206
0,0.87,TPC,0.0583014418418561,0.0213581602095765
0,0.875,EMCAL,21.1233248408901,0.973529711074515
0,0.875,IHCAL,1.64723599972881,0.42945657370098
0,0.875,INTT,0.0773604382196869,0.0318832605086408
0,0.875,MAGNET,2.31139582546608,0.528685475733184
0,0.875,MVTX,0.0201028107667555,0.00884889424157546
0,0.875,OHCAL,42.3971703728063,4.63988946424852
0,0.875,OTHER,2.4470343799541e-25,4.4077034766129e-25
0,0.875,PIPE,0.00304651291556924,0.00272671231776139
0,0.875,TPC,0.0585069966998084,0.0214334632115144
0,0.88,EMCAL,19.0194552505694,0.864851841773241
0,0.88,IHCAL,1.65305383845797,0.430973702761781
0,0.88,INTT,0.0776341656061715,0.0319960742642565
0,0.88,MAGNET,2.31957432539442,0.530556143698299
0,0.88,MVTX,0.0195390508227519,0.00854196364467619
0,0.88,OHCAL,43.4438384521514,4.75037592612297
0,0.88,OTHER,2.42763014711634e-25,4.37275173860683e-25
0,0.88,PIPE,0.0030572925083102,0.00273636034786066
0,0.88,TPC,0.0587140142357254,0.021509302051149
0,0.885,EMCAL,19.2767632030184,0.877923408766229
0,0.885,IHCAL,1.65892190192401,0.432503641496508
0,0.885,INTT,0.0779098338508397,0.0321096879233953
0,0.885,MAGNET,2.32781081480171,0.532440075594639
0,0.885,MVTX,0.019608431304924,0.00857229498276116
0,0.885,OHCAL,43.596887127989,4.76711645139825
0,0.885,OTHER,2.40808832898037e-25,4.33755217604944e-25
0,0.885,PIPE,0.0030681485335231,0.00274607678711115
0,0.885,TPC,0.0589224996250639,0.0215856786244558
0,0.89,EMCAL,19.6606311267248,0.88962093155038
0,0.89,IHCAL,1.66483878577663,0.4340460733816
0,0.89,INTT,0.078187449845412,0.0322241043264045
0,0.89,MAGNET,2.33610549960061,0.534337318520601
0,0.89,MVTX,0.0217747217662517,0.00971971839858502
0,0.89,OHCAL,43.7513414351403,4.78400927604328
0,0.89,OTHER,2.3884084369997e-25,4.30210390894983e-25
0,0.89,PIPE,0.00307908126260914,0.00275586187842434
0,0.89,TPC,0.0591324580799544,0.0216625948408518
0,0.895,EMCAL,19.244828019679,0.865916378075515
0,0.895,IHCAL,1.69371117922738,0.449368226880087
0,0.895,INTT,0.0784670205303027,0.0323393263337002
0,0.895,MAGNET,2.34445858715867,0.536247919907356
0,0.895,MVTX,0.0218664106468363,0.00976184076707922
0,0.895,OHCAL,43.9077807679755,4.80111520228171
0,0.895,OTHER,2.36858997917602e-25,4.26640605109947e-25
0,0.895,PIPE,0.00309009096888711,0.00276571586642802
0,0.895,TPC,0.0593438948493691,0.0217400526232463
0,0.9,EMCAL,18.7992125707286,0.823473434104233
0,0.9,IHCAL,1.6997892460141,0.4509807901471
0,0.9,INTT,0.0787485528947935,0.0324553568258387
0,0.9,MAGNET,2.35287028630352,0.538171927520038
0,0.9,MVTX,0.0198195210216469,0.00866457790389016
0,0.9,OHCAL,44.0653177976169,4.81834115665026
0,0.9,OTHER,2.34863246004686e-25,4.23045771005008e-25
0,0.9,PIPE,0.00310117792760022,0.00277563899747238
0,0.9,TPC,0.0595568152192455,0.0218180539080886
0,0.905,EMCAL,21.9869390756891,0.962226545987106
0,0.905,IHCAL,1.7059047838705,0.452603478875217
0,0.905,INTT,0.0790320539772081,0.032572198703588
0,0.905,MAGNET,2.44841071465187,0.560024885917121
0,0.905,MVTX,0.0198908728809005,0.00869577107664218
0,0.905,OHCAL,44.2239564624983,4.83568756979868
0,0.905,OTHER,2.32853538067318e-25,4.19425798709122e-25
0,0.905,PIPE,0.00311234241592309,0.0027856315196363
0,0.905,TPC,0.0597712245126202,0.0218966006454167
0,0.91,EMCAL,25.3672044514024,1.1138204123363
0,0.91,IHCAL,1.71206379111992,0.454237670657758
0,0.91,INTT,0.0793175308650884,0.0326898548880016
0,0.91,MAGNET,2.54758802969102,0.582709709263136
0,0.91,MVTX,0.0199627220130121,0.00872718164412403
0,0.91,OHCAL,44.3846507666479,4.85325454509308
0,0.91,OTHER,2.30829823862696e-25,4.15780597722796e-25
0,0.91,PIPE,0.00312358471296844,0.00279569368273327
0,0.91,TPC,0.0599871280897129,0.0219756947989005
0,0.915,EMCAL,25.8359500007216,1.12406121590034
0,0.915,IHCAL,1.67839306760253,0.431923454836381
0,0.915,INTT,0.0796049906953715,0.0328083283204898
0,0.915,MAGNET,2.64844847041206,0.605779513879793
0,0.915,MVTX,0.0200350702142138,0.00875881039160151
0,0.915,OHCAL,43.6018671897627,4.77184497168861
0,0.915,OTHER,2.2879205279786e-25,4.12110076915815e-25
0,0.915,PIPE,0.00313490509979427,0.00280582573831789
0,0.915,TPC,0.060204531348124,0.0220553383458979
0,0.92,EMCAL,21.6529924162793,0.996692835004884
0,0.92,IHCAL,1.72451507637896,0.457541240727616
0,0.92,INTT,0.0798944406545679,0.0329276219628948
0,0.92,MAGNET,2.6818120472793,0.613410763496963
0,0.92,MVTX,0.0201079192932144,0.00879065810979497
0,0.92,OHCAL,43.6167387163619,4.76859618999494
0,0.92,OTHER,2.26740173928427e-25,4.08414144524967e-25
0,0.92,PIPE,0.0031463038594109,0.00281602793969213
0,0.92,TPC,0.0604234397229626,0.0221355332775036
0,0.925,EMCAL,19.5366422392117,0.885713736863282
0,0.925,IHCAL,1.73081088796959,0.4592114386405
0,0.925,INTT,0.0801858879789422,0.0330477387975641
0,0.925,MAGNET,2.69159504268236,0.615648427648545
0,0.925,MVTX,0.0201812710712443,0.00882272559489901
0,0.925,OHCAL,44.1005905350209,4.82006068403739
0,0.925,OTHER,2.24674135957318e-25,4.04692708151751e-25
0,0.925,PIPE,0.00315778127678791,0.00282630054191156
0,0.925,TPC,0.0606438586869494,0.022216281598595
0,0.93,EMCAL,19.5021162917971,0.89019557779823
0,0.93,IHCAL,1.72592460535615,0.458325539670002
0,0.93,INTT,0.0804793399546921,0.0331686818274244
0,0.93,MAGNET,2.70144532810168,0.617901483042884
0,0.93,MVTX,0.0202551273821024,0.00885501364860245
0,0.93,OHCAL,45.9884694815459,5.01882829154835
0,0.93,OTHER,2.22593887233476e-25,4.00945674760063e-25
0,0.93,PIPE,0.00316933763886128,0.00283664380179171
0,0.93,TPC,0.0608657937505457,0.0222975853278816
0,0.935,EMCAL,20.5678461339899,0.921814345770148
0,0.935,IHCAL,1.71305346677849,0.452399791342003
0,0.935,INTT,0.0807748039181325,0.0332904540760579
0,0.935,MAGNET,2.71136314979489,0.620169986006481
0,0.935,MVTX,0.0214138641629893,0.00946522861930698
0,0.935,OHCAL,48.0020054945024,5.23078359528669
0,0.935,OTHER,2.20499375750574e-25,3.97172950673872e-25
0,0.935,PIPE,0.0031809732345407,0.00284705797791465
0,0.935,TPC,0.0610892504621639,0.0223794464979638
0,0.94,EMCAL,18.6196172117963,0.845014944894915
0,0.94,IHCAL,1.72626392130778,0.450060486966126
0,0.94,INTT,0.0810722872558778,0.0334130585877772
0,0.94,MAGNET,2.69977713749107,0.617519917870505
0,0.94,MVTX,0.023463661479991,0.0105501118221618
0,0.94,OHCAL,48.5082138918065,5.29021675131672
0,0.94,OTHER,2.18694954737974e-25,3.93922750008255e-25
0,0.94,PIPE,0.00319268835471665,0.00285754333063532
0,0.94,TPC,0.0613142344082337,0.0224618671553748
0,0.945,EMCAL,20.1275083677851,0.869234719869525
0,0.945,IHCAL,1.73264134582442,0.451723168753309
0,0.945,INTT,0.0813717974050271,0.0335364984277014
0,0.945,MAGNET,2.51047405222768,0.574220630665962
0,0.945,MVTX,0.0213461744464515,0.00941480537635092
0,0.945,OHCAL,49.0701890964122,5.37139489387552
0,0.945,OTHER,2.19384961476531e-25,3.95165619796004e-25
0,0.945,PIPE,0.00320448329226775,0.00286810012208809
0,0.945,TPC,0.0615407512133489,0.0225448493606338
0,0.95,EMCAL,22.6620473218996,0.997772128098427
0,0.95,IHCAL,1.73906208630445,0.453397143606526
0,0.95,INTT,0.0816733418533498,0.0336607766818331
0,0.95,MAGNET,2.51152497336086,0.574461007815186
0,0.95,MVTX,0.0205556350722176,0.00898638777660877
0,0.95,OHCAL,49.3274074437786,5.42575345260916
0,0.95,OTHER,2.20053745327449e-25,3.96370262006567e-25
0,0.95,PIPE,0.00321635834206807,0.00287872861619329
0,0.95,TPC,0.0617688065404576,0.0226283951883016
0,0.955,EMCAL,25.7851173028209,1.13546163914281
0,0.955,IHCAL,1.74552698841711,0.455082610089661
0,0.955,INTT,0.0819769281394724,0.033785896457135
0,0.955,MAGNET,2.50840096268807,0.573746452977568
0,0.955,MVTX,0.0206320419972786,0.00901979089234827
0,0.955,OHCAL,48.3290480463543,5.34605691884582
0,0.955,OTHER,2.20701574459297e-25,3.97537159676698e-25
0,0.955,PIPE,0.00322831380099445,0.00288942907866383
0,0.955,TPC,0.0619984060909312,0.0227125067270264
0,0.96,EMCAL,25.9815221309088,1.13755200273905
0,0.96,IHCAL,1.75203683327768,0.456779752035934
0,0.96,INTT,0.0822825638530682,0.0339118608816079
0,0.96,MAGNET,2.5131788751992,0.574839304717251
0,0.96,MVTX,0.0207089647244641,0.00905341950332985
0,0.96,OHCAL,48.5092339037936,5.36598869670575
0,0.96,OTHER,2.21328711072743e-25,3.98666785093504e-25
0,0.96,PIPE,0.00324034996793397,0.0029002017770118
0,0.96,TPC,0.062229555604794,0.0227971860796029
0,0.965,EMCAL,21.2289398689771,0.992046786446628
0,0.965,IHCAL,1.75858461279482,0.45848697168853
0,0.965,INTT,0.082590256635046,0.0340386731043693
0,0.965,MAGNET,2.51802979160023,0.575948854633784
0,0.965,MVTX,0.0207864051768463,0.00908727445027056
0,0.965,OHCAL,48.6906324946071,5.38605462456257
0,0.965,OTHER,2.21935411551183e-25,3.99759600065779e-25
0,0.965,PIPE,0.00325246714379152,0.0029110469805553
0,0.965,TPC,0.0624622608607881,0.0228824353630188
0,0.97,EMCAL,19.9292174436562,0.906447442699946
0,0.97,IHCAL,1.76681529585554,0.461186393555425
0,0.97,INTT,0.0829000141777411,0.0341663362957309
0,0.97,MAGNET,2.52295344296619,0.577075041215968
0,0.97,MVTX,0.0214348180663897,0.00942526805479886
0,0.97,OHCAL,48.8732532607588,5.40625571886411
0,0.97,OTHER,2.22521926606725e-25,4.00816056186941e-25
0,0.97,PIPE,0.00326466563149703,0.00292196496042491
0,0.97,TPC,0.0626965276765569,0.0229682567085106
0,0.975,EMCAL,19.9935407056166,0.910113759747013
0,0.975,IHCAL,1.79612676224976,0.476540746344429
0,0.975,INTT,0.0832118442251085,0.0342948536472796
0,0.975,MAGNET,2.36907875873372,0.541879290777884
0,0.975,MVTX,0.02527856542688,0.0114655416962612
0,0.975,OHCAL,49.0571023504161,5.42659265067541
0,0.975,OTHER,2.23088501421667e-25,4.01836595089885e-25
0,0.975,PIPE,0.00327694573601333,0.00293295598957068
0,0.975,TPC,0.0629323619087831,0.0230546522616163
0,0.98,EMCAL,19.4591162547062,0.894464499562508
0,0.98,IHCAL,1.80290405175583,0.478338811825868
0,0.98,INTT,0.0835257545729155,0.0344242283719556
0,0.98,MAGNET,2.19294060264562,0.501591217302874
0,0.98,MVTX,0.0250266716354345,0.0113237926628738
0,0.98,OHCAL,49.2421780211601,5.44706526342438
0,0.98,OTHER,2.23635375785657e-25,4.02821648694024e-25
0,0.98,PIPE,0.00328930776434374,0.00294402034276898
0,0.98,TPC,0.0631697694533262,0.0231416241822284
0,0.985,EMCAL,20.5043246084169,0.886849876176166
0,0.985,IHCAL,1.80972487083221,0.48014848284362
0,0.985,INTT,0.0838417530689369,0.0345544637041337
0,0.985,MAGNET,2.01721608370899,0.461397755037163
0,0.985,MVTX,0.0214938606184082,0.00970175343927789
0,0.985,OHCAL,49.4209283929575,5.46313329689314
0,0.985,OTHER,2.24162784228661e-25,4.03771639444815e-25
0,0.985,PIPE,0.00330175202553961,0.00295515829662921
0,0.985,TPC,0.0634087562454128,0.0232291746446522
0,0.99,EMCAL,19.0826314907259,0.849083130458963
0,0.99,IHCAL,1.81658629727276,0.481969097240241
0,0.99,INTT,0.0841598476131519,0.0346855628997042
0,0.99,MAGNET,1.8418859727815,0.42129450569978
0,0.99,MVTX,0.021181441532975,0.0092599740467344
0,0.99,OHCAL,49.780711504719,5.52165288224801
0,0.99,OTHER,2.24670956149912e-25,4.04686980546014e-25
0,0.99,PIPE,0.00331427883070805,0.00296637012960075
0,0.99,TPC,0.0636493282596995,0.0233173058376511
0,0.995,EMCAL,23.8781596590195,1.05546867741944
0,0.995,IHCAL,1.81076397108066,0.476150832600984
0,0.995,INTT,0.0844800461579407,0.0348175292361539
0,0.995,MAGNET,1.66693136105818,0.381277144280514
0,0.995,MVTX,0.0212620294492764,0.00929520498284748
0,0.995,OHCAL,50.1822081373032,5.59117232424379
0,0.995,OTHER,2.25160115942966e-25,4.05568076184932e-25
0,0.995,PIPE,0.00332688849301988,0.00297765612198002
0,0.995,TPC,0.0638914915105078,0.0234060199645104
0,1,EMCAL,27.2888557685832,1.18683138973734
0,1,IHCAL,1.81799046911228,0.478159538914324
0,1,INTT,0.0848023567082832,0.0349503660126477
0,1,MAGNET,1.4930706032368,0.341509980020973
0,1,MVTX,0.0214209115289684,0.00937209670695226
0,1,OHCAL,50.5845957425903,5.6607479092686
0,1,OTHER,2.25630483116994e-25,4.06415321750925e-25
0,1,PIPE,0.0033395813277173,0.00298901655591743
0,1,TPC,0.064135252051923,0.0234953192430868
0,1.005,EMCAL,26.8262882149879,1.17402750572143
0,1.005,IHCAL,1.83745800891249,0.487506679369377
0,1.005,INTT,0.0851267873219603,0.0350840765501123
0,1.005,MAGNET,1.31880949481474,0.301651243584373
0,1.005,MVTX,0.0246670997836505,0.0110937147267988
0,1.005,OHCAL,49.9986659198198,5.6235505322078
0,1.005,OTHER,2.28035274153511e-25,4.10746934702102e-25
0,1.005,PIPE,0.00335235765212186,0.00300045171542441
0,1.005,TPC,0.064380615977997,0.02358520590587
0,1.01,EMCAL,21.6690996076727,0.992875822594647
0,1.01,IHCAL,1.84450659621706,0.489376787311743
0,1.01,INTT,0.0854533461097542,0.0352186641913178
0,1.01,MAGNET,1.14486902441711,0.261865846670419
0,1.01,MVTX,0.0241295718446585,0.0107994884502197
0,1.01,OHCAL,50.3347219595386,5.65415928406289
0,1.01,OTHER,2.32875162379221e-25,4.19464749348939e-25
0,1.01,PIPE,0.00336521778564229,0.00301196188638053
0,1.01,TPC,0.064627589422815,0.0236756822000283
0,1.015,EMCAL,20.158210660456,0.919861261549777
0,1.015,IHCAL,1.85160129432404,0.491259129251299
0,1.015,INTT,0.0857820412356515,0.0353541323009625
0,1.015,MAGNET,0.971231482507353,0.222149738577514
0,1.015,MVTX,0.0215897169795762,0.00943846142841518
0,1.015,OHCAL,50.6718153463187,5.68489554695646
0,1.015,OTHER,2.37690306175744e-25,4.28137993266634e-25
0,1.015,PIPE,0.00337816204978267,0.0030235473565407
0,1.015,TPC,0.064876178560726,0.0237667503874737
0,1.02,EMCAL,20.2986964160791,0.924469210530991
0,1.02,IHCAL,1.83426409049317,0.478444557326374
0,1.02,INTT,0.0861128809170474,0.035490484265756
0,1.02,MAGNET,1.02554855446227,0.234573680297287
0,1.02,MVTX,0.0233882372638872,0.0103886731597975
0,1.02,OHCAL,51.0622038714301,5.74715285555406
0,1.02,OTHER,2.42481338294003e-25,4.36767806193336e-25
0,1.02,PIPE,0.00339119076815026,0.0030352084155423
0,1.02,TPC,0.0651263896064973,0.0238584127449186
0,1.025,EMCAL,19.831276348193,0.912404642648309
0,1.025,IHCAL,1.84068681174178,0.47989197364753
0,1.025,INTT,0.0864458734249516,0.0356277234945048
0,1.025,MAGNET,1.13753378329415,0.260188057258505
0,1.025,MVTX,0.0238920836493007,0.0106490893219522
0,1.025,OHCAL,49.5736179448967,5.59550810561967
0,1.025,OTHER,2.47248880457078e-25,4.45355308003376e-25
0,1.025,PIPE,0.00340430426646363,0.00304694535491231
0,1.025,TPC,0.0653782288153833,0.0239506715639227
0,1.03,EMCAL,20.5514648581125,0.870524080141624
0,1.03,IHCAL,1.84782301732271,0.481752485498814
0,1.03,INTT,0.0867810270841936,0.0357658534181964
0,1.03,MAGNET,1.25186245367077,0.286338449511557
0,1.03,MVTX,0.0218411428191337,0.00954837825090132
0,1.03,OHCAL,47.1239553324241,5.33041495948815
0,1.03,OTHER,2.51993543634764e-25,4.53901599201801e-25
0,1.03,PIPE,0.00341750287256102,0.00305875846807494
0,1.03,TPC,0.0656317024834124,0.0240435291509654
0,1.035,EMCAL,20.1494322380697,0.892035882268389
0,1.035,IHCAL,1.85500531639269,0.483625017815099
0,1.035,INTT,0.0871183502736342,0.0359048774900864
0,1.035,MAGNET,1.36519898437149,0.312261909695784
0,1.035,MVTX,0.0219260406845345,0.00958549338440209
0,1.035,OHCAL,44.710417043206,5.07304338825439
0,1.035,OTHER,2.54360021762853e-25,4.58164201295973e-25
0,1.035,PIPE,0.0034307869164082,0.00307064805035856
0,1.035,TPC,0.0658868169474131,0.0241369878274882
0,1.04,EMCAL,26.7374599013931,1.16768068897047
0,1.04,IHCAL,1.86223398715848,0.485509639973754
0,1.04,INTT,0.0874578514263658,0.0360447991857835
0,1.04,MAGNET,1.3663313850863,0.312520923666492
0,1.04,MVTX,0.0237939638453893,0.0105724714743756
0,1.04,OHCAL,43.0052249430248,4.87373493271895
0,1.04,OTHER,2.56193329811779e-25,4.61466434532722e-25
0,1.04,PIPE,0.00344415673010697,0.00308261439900337
0,1.04,TPC,0.0661435785852691,0.0242310499299637
0,1.045,EMCAL,27.370301500054,1.1952867078895
0,1.045,IHCAL,1.86950921030056,0.487406399082041
0,1.045,INTT,0.0877995390299398,0.0361856220033377
0,1.045,MAGNET,1.35266806156942,0.30939571221892
0,1.045,MVTX,0.024958525154584,0.0111846775391707
0,1.045,OHCAL,41.508228562724,4.68988758654496
0,1.045,OTHER,2.58008688827645e-25,4.64736337199838e-25
0,1.045,PIPE,0.00345761264790337,0.0030946578131687
0,1.045,TPC,0.0664019938160347,0.0243257178099496
0,1.05,EMCAL,27.033591676007,1.18579362788233
0,1.05,IHCAL,1.87837501060601,0.490243053573648
0,1.05,INTT,0.0881434216265624,0.0363273494633266
0,1.05,MAGNET,1.20659871103231,0.275985275448237
0,1.05,MVTX,0.0232409232282619,0.010261344398766
0,1.05,OHCAL,40.0140840839737,4.50637855455342
0,1.05,OTHER,2.59806406858681e-25,4.67974464167026e-25
0,1.05,PIPE,0.00347115500619599,0.00310677859394049
0,1.05,TPC,0.0666620691000785,0.0244209938341453
0,1.055,EMCAL,20.3106026882158,0.924528179436282
0,1.055,IHCAL,1.91003972242897,0.50676384633402
0,1.055,INTT,0.0884895078133165,0.0364699851089442
0,1.055,MAGNET,1.20766916784025,0.276230120991577
0,1.055,MVTX,0.0222711350981177,0.00973635966555103
0,1.055,OHCAL,38.7170175918774,4.3676488730272
0,1.055,OTHER,2.61586786311504e-25,4.71181360142082e-25
0,1.055,PIPE,0.00348478414354469,0.00311897704433906
0,1.055,TPC,0.0669238109393731,0.0245168803844635
0,1.06,EMCAL,21.2714873410203,0.959198248176129
0,1.06,IHCAL,1.91755740450953,0.508758418192004
0,1.06,INTT,0.0888378062423748,0.036613532506089
0,1.06,MAGNET,1.20877336944915,0.276482684981905
0,1.06,MVTX,0.0239149370381522,0.0106037244647699
0,1.06,OHCAL,37.4285487302134,4.23257419122747
0,1.06,OTHER,2.63350124084347e-25,4.7435755991086e-25
0,1.06,PIPE,0.00349850040067841,0.00313125346932612
0,1.06,TPC,0.0671872258774011,0.0246133798580658
0,1.065,EMCAL,19.976239344475,0.921762906328399
0,1.065,IHCAL,1.9251230219045,0.510765708185938
0,1.065,INTT,0.0891883256212159,0.0367579952434533
0,1.065,MAGNET,1.20991110926026,0.276742920163897
0,1.065,MVTX,0.0224470143203362,0.00981324947640586
0,1.065,OHCAL,36.0590815320307,4.09387108098206
0,1.065,OTHER,2.65096711696555e-25,4.77503588570532e-25
0,1.065,PIPE,0.0035123041205043,0.00314360817581294
0,1.065,TPC,0.0674523204995663,0.0247104946674456
0,1.07,EMCAL,21.1361100315027,0.954769784104111
0,1.07,IHCAL,1.91221858279369,0.508092643778536
0,1.07,INTT,0.0895410747128432,0.0369033769326133
0,1.07,MAGNET,1.21108218608902,0.277010780520619
0,1.07,MVTX,0.0225357945934951,0.00985206189736567
0,1.07,OHCAL,35.0104675307161,3.9920579270305
0,1.07,OTHER,2.68807718107587e-25,4.84188012783626e-25
0,1.07,PIPE,0.00352619564811626,0.003156041472668
0,1.07,TPC,0.0677191014332753,0.0248082272404811
0,1.075,EMCAL,20.4208761420232,0.883214269469719
0,1.075,IHCAL,1.92017721057817,0.510193355614629
0,1.075,INTT,0.0898960623360017,0.0370496812081187
0,1.075,MAGNET,1.15223962333194,0.26355172346867
0,1.075,MVTX,0.0226251382626926,0.00989112062038606
0,1.075,OHCAL,33.7443160029712,3.85935799474207
0,1.075,OTHER,2.73420413733344e-25,4.92496598356743e-25
0,1.075,PIPE,0.00354017533080301,0.0031685536707242
0,1.075,TPC,0.0679875753480382,0.0249065800204886
0,1.08,EMCAL,23.2648344701901,1.01924239288856
0,1.08,IHCAL,1.94810904353057,0.516864312664907
0,1.08,INTT,0.0902532973654006,0.0371969117275838
0,1.08,MAGNET,0.98451676753875,0.225188481297255
0,1.08,MVTX,0.0243465572010546,0.0107996212728247
0,1.08,OHCAL,32.4800403966531,3.72686367903954
0,1.08,OTHER,2.7801520045517e-25,5.00772925642535e-25
0,1.08,PIPE,0.00355424351805742,0.0031811450827872
0,1.08,TPC,0.0682577489557257,0.0250055554662939
0,1.085,EMCAL,27.2041268475899,1.2046734645578
0,1.085,IHCAL,1.95586809127839,0.518922931192178
0,1.085,INTT,0.0906127887319344,0.0373450721717795
0,1.085,MAGNET,0.816935308227238,0.186857580737502
0,1.085,MVTX,0.0231914064930568,0.0101755612560515
0,1.085,OHCAL,31.2175245880894,3.59456273269882
0,1.085,OTHER,2.83444945506991e-25,5.10553215751285e-25
0,1.085,PIPE,0.0035684005615849,0.00319381602364295
0,1.085,TPC,0.0685296290106922,0.0251051560522883
0,1.09,EMCAL,28.7130514751744,1.2484715181664
0,1.09,IHCAL,1.96367602936993,0.52099452134206
0,1.09,INTT,0.0909745454229059,0.0374941662447246
0,1.09,MAGNET,0.649480834803026,0.148555725654728
0,1.09,MVTX,0.0228965720532405,0.0100097843974461
0,1.09,OHCAL,29.9620791529638,3.45696938216768
0,1.09,OTHER,2.91091781598183e-25,5.243270255107e-25
0,1.09,PIPE,0.00358264681531227,0.00320656681006563
0,1.09,TPC,0.0639561833226665,0.0238264691746685
0,1.095,EMCAL,24.9102336574246,1.13390168386929
0,1.095,IHCAL,1.95643100537796,0.514004159967353
0,1.095,INTT,0.0913385764822511,0.0376441976737785
0,1.095,MAGNET,0.482139135243387,0.110279665333538
0,1.095,MVTX,0.0229881917842452,0.0100498381553526
0,1.095,OHCAL,29.7969803597158,3.30288606252557
0,1.095,OTHER,2.98679272132642e-25,5.37993939503191e-25
0,1.095,PIPE,0.00359698263539652,0.00321939776082549
0,1.095,TPC,0.0716301266488043,0.0254458089179295
0,1.1,EMCAL,20.8272094492664,0.912347777820177
0,1.1,IHCAL,1.78985638664181,0.411254476186437
0,1.1,INTT,0.0917048910107659,0.0377951702097351
0,1.1,MAGNET,0.314896191187621,0.0720261933548423
0,1.1,MVTX,0.0230803862212418,0.0100901431597364
0,1.1,OHCAL,29.907553584142,3.31409010853592
0,1.1,OTHER,3.06794170277952e-25,5.52610842747563e-25
0,1.1,PIPE,0.00361140838023417,0.0032323091966972
0,1.1,TPC,0.15240758980008,0.0420396593443059
1.5707963267949,-1.1,EMCAL,24.9267202540469,1.13412055951898
1.5707963267949,-1.1,IHCAL,1.956528577739,0.514058817573707
1.5707963267949,-1.1,INTT,0.0695788177609239,0.0299645710133526
1.5707963267949,-1.1,MAGNET,0.764804283894881,0.174933653603969
1.5707963267949,-1.1,MVTX,0.0206441393665957,0.00895634053002284
1.5707963267949,-1.1,OHCAL,0.676726787174405,0.0709962710588757
1.5707963267949,-1.1,OTHER,3.17614618621102e-25,5.721010992684e-25
1.5707963267949,-1.1,PIPE,0.00372833180241148,0.00333695885495283
1.5707963267949,-1.1,TPC,0.0716021867289321,0.0254394718340521
1.5707963267949,-1.095,EMCAL,27.5824041887132,1.21658647098269
1.5707963267949,-1.095,IHCAL,1.96368648725208,0.520996913373031
1.5707963267949,-1.095,INTT,0.0693015104969724,0.0298451468341183
1.5707963267949,-1.095,MAGNET,0.931019593764168,0.212952074855838
1.5707963267949,-1.095,MVTX,0.0205618618863423,0.00892064492082276
1.5707963267949,-1.095,OHCAL,0.824625382479946,0.16120740007287
1.5707963267949,-1.095,OTHER,3.10077321304858e-25,5.58524595457408e-25
1.5707963267949,-1.095,PIPE,0.00371347248854984,0.00332365936295561
1.5707963267949,-1.095,TPC,0.063956359401321,0.0238265631836934
1.5707963267949,-1.09,EMCAL,29.617097455498,1.27420612095093
1.5707963267949,-1.09,IHCAL,1.95587833014264,0.51892527312719
1.5707963267949,-1.09,INTT,0.069025935774393,0.0297264687851093
1.5707963267949,-1.09,MAGNET,1.04587664985474,0.239223324752344
1.5707963267949,-1.09,MVTX,0.0204800984537069,0.00888517232821032
1.5707963267949,-1.09,OHCAL,2.1749138455144,0.302570865004908
1.5707963267949,-1.09,OTHER,3.03208447525023e-25,5.46152084843004e-25
1.5707963267949,-1.09,PIPE,0.00369870601169388,0.00331044296261563
1.5707963267949,-1.09,TPC,0.0685296290106922,0.0251051560522883
1.5707963267949,-1.085,EMCAL,23.2037517074976,1.01909817312845
1.5707963267949,-1.085,IHCAL,1.94811906574713,0.516866605046103
1.5707963267949,-1.085,INTT,0.068752086703803,0.0296085338993682
1.5707963267949,-1.085,MAGNET,1.04171843201021,0.238272215749238
1.5707963267949,-1.085,MVTX,0.0203988470245996,0.00884992186536886
1.5707963267949,-1.085,OHCAL,3.54364335106005,0.445870863196902
1.5707963267949,-1.085,OTHER,3.00238584144891e-25,5.40802639304802e-25
1.5707963267949,-1.085,PIPE,0.00368403200268082,0.00329730932352211
1.5707963267949,-1.085,TPC,0.0682577489557257,0.0250055554662939
1.5707963267949,-1.08,EMCAL,20.9005144393811,0.897252101990278
1.5707963267949,-1.08,IHCAL,1.92018701880325,0.510195599049564
1.5707963267949,-1.08,INTT,0.0684799564389614,0.0294913392285167
1.5707963267949,-1.08,MAGNET,1.15226799902069,0.263558213838834
1.5707963267949,-1.08,MVTX,0.019890087485883,0.00872712485164294
1.5707963267949,-1.08,OHCAL,4.91340232836616,0.589280717157126
1.5707963267949,-1.08,OTHER,2.96487251891642e-25,5.34045578451866e-25
1.5707963267949,-1.08,PIPE,0.00366945009465971,0.00328425811733341
1.5707963267949,-1.08,TPC,0.0679875753480469,0.0249065800204894
1.5707963267949,-1.075,EMCAL,20.1709573326315,0.928095849300561
1.5707963267949,-1.075,IHCAL,1.9122270980479,0.508094591472295
1.5707963267949,-1.075,INTT,0.0682095381765974,0.0293748818426819
1.5707963267949,-1.075,MAGNET,1.36702007697313,0.291371949432502
1.5707963267949,-1.075,MVTX,0.0202378720645585,0.00878008380947645
1.5707963267949,-1.075,OHCAL,7.2461562667529,0.833721446950356
1.5707963267949,-1.075,OTHER,2.91556796731716e-25,5.2516463075137e-25
1.5707963267949,-1.075,PIPE,0.00365495992308208,0.0032712890177687
1.5707963267949,-1.075,TPC,0.0677191014332754,0.0248082272404811
1.5707963267949,-1.07,EMCAL,21.1838703205462,0.956337334047912
1.5707963267949,-1.07,IHCAL,1.92513240788483,0.510767855040846
1.5707963267949,-1.07,INTT,0.0679408251562404,0.0292591588304231
1.5707963267949,-1.07,MAGNET,2.4945906505875,0.395056049744139
1.5707963267949,-1.07,MVTX,0.0201581445092423,0.00874549447047047
1.5707963267949,-1.07,OHCAL,8.61607988011709,0.977152256281025
1.5707963267949,-1.07,OTHER,2.84393393405921e-25,5.12261600862562e-25
1.5707963267949,-1.07,PIPE,0.00364056112569286,0.00325840170059978
1.5707963267949,-1.07,TPC,0.0674523204995663,0.0247104946674456
1.5707963267949,-1.065,EMCAL,19.9842131457375,0.921469283633535
1.5707963267949,-1.065,IHCAL,1.91756658305666,0.508760517600727
1.5707963267949,-1.065,INTT,0.067673810660051,0.0291441672986591
1.5707963267949,-1.065,MAGNET,3.62319578155006,0.498839983058912
1.5707963267949,-1.065,MVTX,0.0200789209085888,0.00871112376928175
1.5707963267949,-1.065,OHCAL,10.1238305240144,1.13504450602773
1.5707963267949,-1.065,OTHER,2.77209429892603e-25,4.99321537080498e-25
1.5707963267949,-1.065,PIPE,0.00362625334252145,0.00324559584364314
1.5707963267949,-1.065,TPC,0.0671872258774011,0.0246133798580658
1.5707963267949,-1.06,EMCAL,21.75573684232,0.966389607052001
1.5707963267949,-1.06,IHCAL,1.91004869578077,0.506765898808421
1.5707963267949,-1.06,INTT,0.0674084880126527,0.0290299043725953
1.5707963267949,-1.06,MAGNET,4.75293595113007,0.602733030732435
1.5707963267949,-1.06,MVTX,0.0200001992820038,0.00867697084664097
1.5707963267949,-1.06,OHCAL,11.5103291045507,1.28021787055039
1.5707963267949,-1.06,OTHER,2.70004143640931e-25,4.86343065865851e-25
1.5707963267949,-1.06,PIPE,0.00361203621587245,0.00323287112675161
1.5707963267949,-1.06,TPC,0.0669238109393731,0.0245168803844635
1.5707963267949,-1.055,EMCAL,24.8416412406501,1.12244470185365
1.5707963267949,-1.055,IHCAL,1.87837759638719,0.490241343237847
1.5707963267949,-1.055,INTT,0.0671448505809656,0.0289163671956529
1.5707963267949,-1.055,MAGNET,5.01243567485613,0.626485511014348
1.5707963267949,-1.055,MVTX,0.0199219776614424,0.00864303484872325
1.5707963267949,-1.055,OHCAL,12.8845273139774,1.42410260380655
1.5707963267949,-1.055,OTHER,2.64761220955003e-25,4.76899288230487e-25
1.5707963267949,-1.055,PIPE,0.00359790939031697,0.00322022723180663
1.5707963267949,-1.055,TPC,0.0666620691001041,0.0244209938341476
1.5707963267949,-1.05,EMCAL,27.3820882301976,1.19615763751346
1.5707963267949,-1.05,IHCAL,1.86959063056154,0.487452135924372
1.5707963267949,-1.05,INTT,0.0668828917740402,0.0288035529293965
1.5707963267949,-1.05,MAGNET,5.14368573081174,0.658535092197863
1.5707963267949,-1.05,MVTX,0.0199750034537399,0.00867897228227448
1.5707963267949,-1.05,OHCAL,13.9132762667291,1.53174762385558
1.5707963267949,-1.05,OTHER,2.60125549881191e-25,4.68549318293057e-25
1.5707963267949,-1.05,PIPE,0.00358387251268364,0.00320766384271016
1.5707963267949,-1.05,TPC,0.0664019938160347,0.0243257178099496
1.5707963267949,-1.045,EMCAL,25.5949398144261,1.1357132688434
1.5707963267949,-1.045,IHCAL,1.862314925273,0.485555161017364
1.5707963267949,-1.045,INTT,0.0666226050428925,0.0286914587534634
1.5707963267949,-1.045,MAGNET,5.14256695199297,0.660295005513678
1.5707963267949,-1.045,MVTX,0.0214311969722074,0.00946240503775944
1.5707963267949,-1.045,OHCAL,14.5139939617575,1.59448914049602
1.5707963267949,-1.045,OTHER,2.55469192116572e-25,4.60162086599218e-25
1.5707963267949,-1.045,PIPE,0.00356992523204977,0.00319518064537681
1.5707963267949,-1.045,TPC,0.0661435785852602,0.0242310499299627
1.5707963267949,-1.04,EMCAL,20.114830997734,0.890813976254039
1.5707963267949,-1.04,IHCAL,1.85508577631152,0.483670324638851
1.5707963267949,-1.04,INTT,0.0663639838803409,0.0285800818654936
1.5707963267949,-1.04,MAGNET,5.12677564636513,0.658685973222691
1.5707963267949,-1.04,MVTX,0.0228903962038337,0.0102473902221444
1.5707963267949,-1.04,OHCAL,15.9231008222757,1.74204159155792
1.5707963267949,-1.04,OTHER,2.50791577693055e-25,4.51736566497952e-25
1.5707963267949,-1.04,PIPE,0.00355606719973267,0.00318277732772604
1.5707963267949,-1.04,TPC,0.0658868169474131,0.0241369878274882
1.5707963267949,-1.035,EMCAL,20.211801942788,0.861057298523117
1.5707963267949,-1.035,IHCAL,1.84790300296486,0.481797579671686
1.5707963267949,-1.035,INTT,0.0661070218208428,0.0284694194810589
1.5707963267949,-1.035,MAGNET,4.75047949499546,0.608542391273159
1.5707963267949,-1.035,MVTX,0.0215297956803213,0.00953006476007595
1.5707963267949,-1.035,OHCAL,17.3076586740946,1.88702036300398
1.5707963267949,-1.035,OTHER,2.46657706576934e-25,4.44290460207145e-25
1.5707963267949,-1.035,PIPE,0.00354229806928075,0.00317045357967422
1.5707963267949,-1.035,TPC,0.0656317024834124,0.0240435291509654
1.5707963267949,-1.03,EMCAL,20.2360430851518,0.923396738750489
1.5707963267949,-1.03,IHCAL,1.84076632684468,0.47993685669436
1.5707963267949,-1.03,INTT,0.0658517124403332,0.028359468833594
1.5707963267949,-1.03,MAGNET,3.50531221874795,0.478246940986135
1.5707963267949,-1.03,MVTX,0.0199094998901882,0.00867433688770645
1.5707963267949,-1.03,OHCAL,18.6945105064217,2.03224158017202
1.5707963267949,-1.03,OTHER,2.4447793565346e-25,4.40364163152915e-25
1.5707963267949,-1.03,PIPE,0.00352861749646507,0.00315820909312702
1.5707963267949,-1.03,TPC,0.0653782288153833,0.0239506715639227
1.5707963267949,-1.025,EMCAL,19.9702009734411,0.914649288804079
1.5707963267949,-1.025,IHCAL,1.83434549782314,0.478490648233636
1.5707963267949,-1.025,INTT,0.0655980493560645,0.0282502271743271
1.5707963267949,-1.025,MAGNET,2.26103819171066,0.34835394957414
1.5707963267949,-1.025,MVTX,0.0199993269678092,0.00872963693001898
1.5707963267949,-1.025,OHCAL,19.6332869393358,2.13045640965538
1.5707963267949,-1.025,OTHER,2.42278653518742e-25,4.36402721666576e-25
1.5707963267949,-1.025,PIPE,0.00351502513927057,0.00314604356197164
1.5707963267949,-1.025,TPC,0.0651263896064973,0.0238584127449186
1.5707963267949,-1.02,EMCAL,20.3302784692612,0.925187299697993
1.5707963267949,-1.02,IHCAL,1.85160870349568,0.491260823950835
1.5707963267949,-1.02,INTT,0.0653460262264462,0.0281416917722108
1.5707963267949,-1.02,MAGNET,1.02325081511477,0.220157648435007
1.5707963267949,-1.02,MVTX,0.0221611490037426,0.00988875417947749
1.5707963267949,-1.02,OHCAL,19.6090193190376,2.15301702066543
1.5707963267949,-1.02,OTHER,2.40059496486366e-25,4.32405480660531e-25
1.5707963267949,-1.02,PIPE,0.00350152065788766,0.00313395668206918
1.5707963267949,-1.02,TPC,0.0648761785607347,0.0237667503874747
1.5707963267949,-1.015,EMCAL,21.8550187369899,0.998552756055235
1.5707963267949,-1.015,IHCAL,1.84451381920819,0.489378439426218
1.5707963267949,-1.015,INTT,0.065095636750887,0.0280338599138546
1.5707963267949,-1.015,MAGNET,0.948094472749852,0.216857611250849
1.5707963267949,-1.015,MVTX,0.020681711507364,0.00910792486023845
1.5707963267949,-1.015,OHCAL,19.5976474040365,2.18308568315359
1.5707963267949,-1.015,OTHER,2.35102442928847e-25,4.2347662278333e-25
1.5707963267949,-1.015,PIPE,0.00348810371470352,0.00312194815124696
1.5707963267949,-1.015,TPC,0.0646275894228064,0.0236756822000273
1.5707963267949,-1.01,EMCAL,25.7627685396138,1.14411956907255
1.5707963267949,-1.01,IHCAL,1.8374650477151,0.487508289354419
1.5707963267949,-1.01,INTT,0.064846874669637,0.0279267289034563
1.5707963267949,-1.01,MAGNET,1.14248409922568,0.261320342825717
1.5707963267949,-1.01,MVTX,0.0192401647692265,0.00834723426667879
1.5707963267949,-1.01,OHCAL,19.5656464696145,2.20051822166524
1.5707963267949,-1.01,OTHER,2.27520549028793e-25,4.09819789689222e-25
1.5707963267949,-1.01,PIPE,0.00347477397429396,0.00311001766929116
1.5707963267949,-1.01,TPC,0.064380615977997,0.02358520590587
1.5707963267949,-1.005,EMCAL,26.2324178424548,1.15671687439092
1.5707963267949,-1.005,IHCAL,1.8179056785515,0.478105958721566
1.5707963267949,-1.005,INTT,0.0645997337636312,0.0278202960627352
1.5707963267949,-1.005,MAGNET,1.18634145524348,0.271351834132922
1.5707963267949,-1.005,MVTX,0.0191668376925248,0.00831542173832149
1.5707963267949,-1.005,OHCAL,20.4703918389129,2.2948726923247
1.5707963267949,-1.005,OTHER,2.24498876566967e-25,4.04377023406786e-25
1.5707963267949,-1.005,PIPE,0.0034615311034147,0.00309816493793904
1.5707963267949,-1.005,TPC,0.0641352520519316,0.0234953192430878
1.5707963267949,-1,EMCAL,24.7749092452917,1.08131184579305
1.5707963267949,-1,IHCAL,1.81076439022048,0.476150899921551
1.5707963267949,-1,INTT,0.064354207854334,0.0277145587308645
1.5707963267949,-1,MAGNET,1.19012766613561,0.272217854000517
1.5707963267949,-1,MVTX,0.0190939897877636,0.00828381709594075
1.5707963267949,-1,OHCAL,20.3925712175168,2.28614859314322
1.5707963267949,-1,OTHER,2.24032807590219e-25,4.03537519938431e-25
1.5707963267949,-1,PIPE,0.00344837477099333,0.00308638966087175
1.5707963267949,-1,TPC,0.0638914915105078,0.0234060199645104
1.5707963267949,-0.995,EMCAL,20.4071969567192,0.886974820738522
1.5707963267949,-0.995,IHCAL,1.81659289902587,0.481970607258969
1.5707963267949,-0.995,INTT,0.064110290803585,0.0276095142644056
1.5707963267949,-0.995,MAGNET,1.36203193206337,0.311537509946619
1.5707963267949,-0.995,MVTX,0.0190216192337416,0.00825241954941885
1.5707963267949,-0.995,OHCAL,20.3152642389018,2.27748204933712
1.5707963267949,-0.995,OTHER,2.23547917806905e-25,4.02664115624543e-25
1.5707963267949,-0.995,PIPE,0.00343530464812084,0.00307469154370673
1.5707963267949,-0.995,TPC,0.0636493282596995,0.0233173058376511
1.5707963267949,-0.99,EMCAL,18.9601778161756,0.842394432630155
1.5707963267949,-0.99,IHCAL,1.80973109433758,0.480149906345757
1.5707963267949,-0.99,INTT,0.0638679765134452,0.0275051600372414
1.5707963267949,-0.99,MAGNET,1.53429087253785,0.350938290587762
1.5707963267949,-0.99,MVTX,0.0189497242211912,0.00822122831381551
1.5707963267949,-0.99,OHCAL,20.2384658458517,2.26887251644308
1.5707963267949,-0.99,OTHER,2.23043987814389e-25,4.01756415267661e-25
1.5707963267949,-0.99,PIPE,0.00342232040804347,0.00306307029399044
1.5707963267949,-0.99,TPC,0.0634087562454128,0.0232291746446522
1.5707963267949,-0.985,EMCAL,20.5305582686512,0.925389353905422
1.5707963267949,-0.985,IHCAL,1.80291032808469,0.478340247410319
1.5707963267949,-0.985,INTT,0.0636272589260446,0.0274014934405106
1.5707963267949,-0.985,MAGNET,1.70617767648167,0.390253952454967
1.5707963267949,-0.985,MVTX,0.0188783029527333,0.0081902426093482
1.5707963267949,-0.985,OHCAL,20.1621757672057,2.26031995220039
1.5707963267949,-0.985,OTHER,2.22520793324942e-25,4.00814014871096e-25
1.5707963267949,-0.985,PIPE,0.00340942172615455,0.00305152562119104
1.5707963267949,-0.985,TPC,0.0631697694533262,0.0231416241822284
1.5707963267949,-0.98,EMCAL,19.9432052639056,0.908547919191792
1.5707963267949,-0.98,IHCAL,1.79613287362702,0.476542144199508
1.5707963267949,-0.98,INTT,0.0633881320234312,0.027298511882543
1.5707963267949,-0.98,MAGNET,1.87919946079711,0.42982921833768
1.5707963267949,-0.98,MVTX,0.0188073536428325,0.0081594616613727
1.5707963267949,-0.98,OHCAL,20.086389874522,2.25182390976704
1.5707963267949,-0.98,OTHER,2.21978105044458e-25,3.99836501420446e-25
1.5707963267949,-0.98,PIPE,0.00339660827998636,0.0030400572366911
1.5707963267949,-0.98,TPC,0.0629323619087746,0.0230546522616154
1.5707963267949,-0.975,EMCAL,19.6000835379454,0.897104019015913
1.5707963267949,-0.975,IHCAL,1.76681381733014,0.461183652360651
1.5707963267949,-0.975,INTT,0.0631505898274197,0.0271962127887942
1.5707963267949,-0.975,MAGNET,1.96412085342296,0.449253285113983
1.5707963267949,-0.975,MVTX,0.0187368745177522,0.0081288847003637
1.5707963267949,-0.975,OHCAL,20.0111061020126,2.24338415878734
1.5707963267949,-0.975,OTHER,2.22664706451238e-25,4.01073237378267e-25
1.5707963267949,-0.975,PIPE,0.00338387974920209,0.00302866485378043
1.5707963267949,-0.975,TPC,0.0626965276765569,0.0229682567085106
1.5707963267949,-0.97,EMCAL,22.446183452518,1.02688904888298
1.5707963267949,-0.97,IHCAL,1.75865875195241,0.458529434433201
1.5707963267949,-0.97,INTT,0.0629146263994431,0.0270945936017817
1.5707963267949,-0.97,MAGNET,1.97092884956488,0.450810477802239
1.5707963267949,-0.97,MVTX,0.0186668638155108,0.0080985109618956
1.5707963267949,-0.97,OHCAL,19.9363290165651,2.23500116483845
1.5707963267949,-0.97,OTHER,2.24439701234607e-25,4.04270434255317e-25
1.5707963267949,-0.97,PIPE,0.00337123581558778,0.00301734818764883
1.5707963267949,-0.97,TPC,0.0624622608607881,0.0228824353630188
1.5707963267949,-0.965,EMCAL,25.6488342550203,1.12748394243799
1.5707963267949,-0.965,IHCAL,1.75210588046224,0.456820955074457
1.5707963267949,-0.965,INTT,0.0626802358404032,0.0269936517810203
1.5707963267949,-0.965,MAGNET,2.14357568547262,0.49029998175049
1.5707963267949,-0.965,MVTX,0.0263085314444008,0.00935514924045711
1.5707963267949,-0.965,OHCAL,20.8000928610168,2.32508528425109
1.5707963267949,-0.965,OTHER,2.2382366809948e-25,4.03160808900786e-25
1.5707963267949,-0.965,PIPE,0.00335867616304442,0.00300610695537905
1.5707963267949,-0.965,TPC,0.062229555604794,0.0227971860796029
1.5707963267949,-0.96,EMCAL,26.3599476642042,1.15082130361956
1.5707963267949,-0.96,IHCAL,1.74560029160064,0.455124692218553
1.5707963267949,-0.96,INTT,0.062447412290524,0.0268933848029594
1.5707963267949,-0.96,MAGNET,2.31931945670371,0.530497847592754
1.5707963267949,-0.96,MVTX,0.035493382681429,0.0106565347457037
1.5707963267949,-0.96,OHCAL,21.2645377754826,2.37327991803549
1.5707963267949,-0.96,OTHER,2.23187261197023e-25,4.02014485441058e-25
1.5707963267949,-0.96,PIPE,0.00334620047758009,0.00299494087593975
1.5707963267949,-0.96,TPC,0.0619984060909312,0.0227125067270263
1.5707963267949,-0.955,EMCAL,22.2638054649757,0.986556391179182
1.5707963267949,-0.955,IHCAL,1.73913502386492,0.45343904835525
1.5707963267949,-0.955,INTT,0.0622161499292045,0.0267937901609193
1.5707963267949,-0.955,MAGNET,2.50337606201454,0.572597107645268
1.5707963267949,-0.955,MVTX,0.0187729492727451,0.00817552664100849
1.5707963267949,-0.955,OHCAL,22.5651490313029,2.50920138978675
1.5707963267949,-0.955,OTHER,2.22530223911829e-25,4.00831001649439e-25
1.5707963267949,-0.955,PIPE,0.00333380844730199,0.00298384967017834
1.5707963267949,-0.955,TPC,0.0617688065404497,0.0226283951883009
1.5707963267949,-0.95,EMCAL,19.0560667014348,0.838423811993698
1.5707963267949,-0.95,IHCAL,1.73271386446035,0.451764884560764
1.5707963267949,-0.95,INTT,0.0619864429748736,0.0266948653650287
1.5707963267949,-0.95,MAGNET,2.5105044878027,0.574227592193833
1.5707963267949,-0.95,MVTX,0.0183914704042512,0.00797903312234198
1.5707963267949,-0.95,OHCAL,22.6198078827601,2.5144119509621
1.5707963267949,-0.95,OTHER,2.21852293812774e-25,3.99609884823706e-25
1.5707963267949,-0.95,PIPE,0.00332149976240872,0.00297283306081411
1.5707963267949,-0.95,TPC,0.0615407512133489,0.0225448493606338
1.5707963267949,-0.945,EMCAL,20.2932834724519,0.893122482504089
1.5707963267949,-0.945,IHCAL,1.726336024487,0.450102015253728
1.5707963267949,-0.945,INTT,0.0617582856848456,0.0265966079421626
1.5707963267949,-0.945,MAGNET,2.69980766731913,0.617526900956869
1.5707963267949,-0.945,MVTX,0.0183237757948224,0.00794966420735238
1.5707963267949,-0.945,OHCAL,22.5365372781809,2.50515569032606
1.5707963267949,-0.945,OTHER,2.21153202502366e-25,3.98350651514769e-25
1.5707963267949,-0.945,PIPE,0.00330927411518247,0.0029618907724312
1.5707963267949,-0.945,TPC,0.0613142344082337,0.0224618671553748
1.5707963267949,-0.94,EMCAL,18.735572141565,0.868856714646549
1.5707963267949,-0.94,IHCAL,1.71313175316032,0.452445096548993
1.5707963267949,-0.94,INTT,0.0615316723551763,0.0264990154358803
1.5707963267949,-0.94,MAGNET,2.71136314979489,0.620169986006481
1.5707963267949,-0.94,MVTX,0.0194510515417564,0.00855687621842602
1.5707963267949,-0.94,OHCAL,21.7658619841738,2.42378644675307
1.5707963267949,-0.94,OTHER,2.22949032558669e-25,4.0158537778074e-25
1.5707963267949,-0.94,PIPE,0.00329713119998147,0.00295102253147187
1.5707963267949,-0.94,TPC,0.0610892504621639,0.0223794464979638
1.5707963267949,-0.935,EMCAL,19.7180040192877,0.895992168019801
1.5707963267949,-0.935,IHCAL,1.72612784793602,0.458372027337257
1.5707963267949,-0.935,INTT,0.0613065973205206,0.0264020854063641
1.5707963267949,-0.935,MAGNET,2.70144532810168,0.617901483042884
1.5707963267949,-0.935,MVTX,0.0212177198529641,0.00950468256616128
1.5707963267949,-0.935,OHCAL,20.9224374125084,2.33478849115858
1.5707963267949,-0.935,OTHER,2.25034583508402e-25,4.05341961769545e-25
1.5707963267949,-0.935,PIPE,0.0032850707132322,0.00294022806622954
1.5707963267949,-0.935,TPC,0.0608657937505616,0.0222975853278833
1.5707963267949,-0.93,EMCAL,19.5117001056458,0.884912370553287
1.5707963267949,-0.93,IHCAL,1.73081537183769,0.459212464235473
1.5707963267949,-0.93,INTT,0.0610830549539911,0.0263058154303581
1.5707963267949,-0.93,MAGNET,2.69159504268236,0.615648427648546
1.5707963267949,-0.93,MVTX,0.019662640809348,0.00868276696663131
1.5707963267949,-0.93,OHCAL,19.6802009676685,2.2039541676101
1.5707963267949,-0.93,OTHER,2.27105932716611e-25,4.09072964971255e-25
1.5707963267949,-0.93,PIPE,0.00327309235342186,0.002929507106842
1.5707963267949,-0.93,TPC,0.0606438586869413,0.0222162815985941
1.5707963267949,-0.925,EMCAL,22.5131370560177,1.02128041676804
1.5707963267949,-0.925,IHCAL,1.72452682419243,0.457543927804526
1.5707963267949,-0.925,INTT,0.0608610396670167,0.0262102031011079
1.5707963267949,-0.925,MAGNET,2.6818120472793,0.613410763496963
1.5707963267949,-0.925,MVTX,0.0180575615584463,0.00783416869976134
1.5707963267949,-0.925,OHCAL,19.2856370325645,2.16205373106656
1.5707963267949,-0.925,OTHER,2.29163131967132e-25,4.1277848066114e-25
1.5707963267949,-0.925,PIPE,0.00326119582109083,0.00291885938528471
1.5707963267949,-0.925,TPC,0.0604234397229626,0.0221355332775036
1.5707963267949,-0.92,EMCAL,24.1586978091877,1.07621123898092
1.5707963267949,-0.92,IHCAL,1.67841332333679,0.431930404220982
1.5707963267949,-0.92,INTT,0.0606405459092039,0.0261152460283005
1.5707963267949,-0.92,MAGNET,2.6720960973171,0.611188434646417
1.5707963267949,-0.92,MVTX,0.0179921407304955,0.00780578625172232
1.5707963267949,-0.92,OHCAL,19.2157670039816,2.15422081604631
1.5707963267949,-0.92,OTHER,2.31206232690055e-25,4.16458601477288e-25
1.5707963267949,-0.92,PIPE,0.00324938081882518,0.00290828463536407
1.5707963267949,-0.92,TPC,0.0602045313481321,0.0220553383458988
1.5707963267949,-0.915,EMCAL,25.4298769511866,1.11514699942211
1.5707963267949,-0.915,IHCAL,1.71207119316564,0.454239363727384
1.5707963267949,-0.915,INTT,0.0604215681681972,0.0260209418380039
1.5707963267949,-0.915,MAGNET,2.6624469498965,0.608981385538569
1.5707963267949,-0.915,MVTX,0.0179271697070002,0.00777759894874614
1.5707963267949,-0.915,OHCAL,19.1463773705745,2.14644175665865
1.5707963267949,-0.915,OTHER,2.33235285963004e-25,4.20113419422908e-25
1.5707963267949,-0.915,PIPE,0.00323764705124923,0.00289778259271079
1.5707963267949,-0.915,TPC,0.0599871280897129,0.0219756947989005
1.5707963267949,-0.91,EMCAL,20.4174079605835,0.918158469753401
1.5707963267949,-0.91,IHCAL,1.70590923241417,0.452604496390435
1.5707963267949,-0.91,INTT,0.0602041009695417,0.0259272881726085
1.5707963267949,-0.91,MAGNET,2.65286436378832,0.606789560997078
1.5707963267949,-0.91,MVTX,0.0178626468636812,0.00774960608614878
1.5707963267949,-0.91,OHCAL,19.0774663975989,2.13871635842671
1.5707963267949,-0.91,OTHER,2.35250342512416e-25,4.23743025868643e-25
1.5707963267949,-0.91,PIPE,0.0032259942250182,0.00288735299477326
1.5707963267949,-0.91,TPC,0.0597712245126279,0.0218966006454174
1.5707963267949,-0.905,EMCAL,20.3222073405369,0.866816075387972
1.5707963267949,-0.905,IHCAL,1.6997932690801,0.450981710342827
1.5707963267949,-0.905,INTT,0.059988138876546,0.0258342826907678
1.5707963267949,-0.905,MAGNET,2.64334809942741,0.604612906226215
1.5707963267949,-0.905,MVTX,0.0177985705874642,0.00772180696410718
1.5707963267949,-0.905,OHCAL,19.0090323622769,2.13104442821512
1.5707963267949,-0.905,OTHER,2.3725145271481e-25,4.27347511554841e-25
1.5707963267949,-0.905,PIPE,0.00321442204881081,0.00287699558081098
1.5707963267949,-0.905,TPC,0.0595568152192535,0.0218180539080895
1.5707963267949,-0.9,EMCAL,19.534137938864,0.874362640070216
1.5707963267949,-0.9,IHCAL,1.69371507875354,0.449369118818551
1.5707963267949,-0.9,INTT,0.0597736764901466,0.0257419230673399
1.5707963267949,-0.9,MAGNET,2.63389791890665,0.602451366809498
1.5707963267949,-0.9,MVTX,0.0177349392764388,0.00769420088764187
1.5707963267949,-0.9,OHCAL,18.941073553754,2.12342577422523
1.5707963267949,-0.9,OTHER,2.39238666598046e-25,4.30926966593832e-25
1.5707963267949,-0.9,PIPE,0.00320293023332205,0.00286671009188805
1.5707963267949,-0.9,TPC,0.0593438948493612,0.0217400526232454
1.5707963267949,-0.895,EMCAL,18.5837102393912,0.858920891709428
1.5707963267949,-0.895,IHCAL,1.66491310758916,0.434087218263453
1.5707963267949,-0.895,INTT,0.0595607084487727,0.0256502069933294
1.5707963267949,-0.895,MAGNET,2.5429818416334,0.581656136050909
1.5707963267949,-0.895,MVTX,0.0176717513398191,0.00766678716659949
1.5707963267949,-0.895,OHCAL,18.8735882730564,2.11586020599028
1.5707963267949,-0.895,OTHER,2.41212033842573e-25,4.34481480472177e-25
1.5707963267949,-0.895,PIPE,0.00319151849125597,0.00285649627086675
1.5707963267949,-0.895,TPC,0.0591324580799544,0.0216625948408518
1.5707963267949,-0.89,EMCAL,19.6563313243411,0.889175939100615
1.5707963267949,-0.89,IHCAL,1.65900685313135,0.432547131908145
1.5707963267949,-0.89,INTT,0.0593492294282122,0.0255591321758297
1.5707963267949,-0.89,MAGNET,2.44756807590631,0.559832149190178
1.5707963267949,-0.89,MVTX,0.0176090051979033,0.00763956511563558
1.5707963267949,-0.89,OHCAL,18.8065748330487,2.10834753437069
1.5707963267949,-0.89,OTHER,2.43171603782676e-25,4.38011142052911e-25
1.5707963267949,-0.89,PIPE,0.00318018653731838,0.00284635386240098
1.5707963267949,-0.89,TPC,0.0589224996250485,0.0215856786244542
1.5707963267949,-0.885,EMCAL,19.345342739201,0.873667275756182
1.5707963267949,-0.885,IHCAL,1.65313984578997,0.431017349610988
1.5707963267949,-0.885,INTT,0.0591392341414784,0.0254686963379656
1.5707963267949,-0.885,MAGNET,2.35371160164507,0.538364361544834
1.5707963267949,-0.885,MVTX,0.0175466992820345,0.00761253405419746
1.5707963267949,-0.885,OHCAL,18.7400315583913,2.10088757154927
1.5707963267949,-0.885,OTHER,2.45117425407705e-25,4.41516039577755e-25
1.5707963267949,-0.885,PIPE,0.00316893408820984,0.00283628261293001
1.5707963267949,-0.885,TPC,0.0587140142357175,0.0215093020511481
1.5707963267949,-0.88,EMCAL,21.9519487376384,0.997067562482325
1.5707963267949,-0.88,IHCAL,1.64731064986822,0.429497538289555
1.5707963267949,-0.88,INTT,0.0589307173386784,0.0253788972188364
1.5707963267949,-0.88,MAGNET,2.31139582546608,0.528685475733184
1.5707963267949,-0.88,MVTX,0.0174848320345617,0.00758569330650719
1.5707963267949,-0.88,OHCAL,18.673956785499,2.09348013102656
1.5707963267949,-0.88,OTHER,2.47049547363303e-25,4.44996260669331e-25
1.5707963267949,-0.88,PIPE,0.00315776086261858,0.00282628227067211
1.5707963267949,-0.88,TPC,0.0585069966998005,0.0214334632115136
1.5707963267949,-0.875,EMCAL,23.4301811763297,1.04733680986063
1.5707963267949,-0.875,IHCAL,1.64152257749693,0.427988450864901
1.5707963267949,-0.875,INTT,0.0587236738068811,0.0252897325734596
1.5707963267949,-0.875,MAGNET,2.30327511055376,0.526828024932498
1.5707963267949,-0.875,MVTX,0.0174234019088004,0.00755904220154466
1.5707963267949,-0.875,OHCAL,18.6083488624988,2.08612502761615
1.5707963267949,-0.875,OTHER,2.48968017952618e-25,4.48451892333347e-25
1.5707963267949,-0.875,PIPE,0.00314666658121335,0.00281635258561817
1.5707963267949,-0.875,TPC,0.0583014418418561,0.0213581602095765
1.5707963267949,-0.87,EMCAL,24.6559621648081,1.08419928101564
1.5707963267949,-0.87,IHCAL,1.63577471046261,0.426489872684531
1.5707963267949,-0.87,INTT,0.0585180983699875,0.0252012001727142
1.5707963267949,-0.87,MAGNET,2.29521197763916,0.524983744859875
1.5707963267949,-0.87,MVTX,0.0173624073689943,0.00753258007303087
1.5707963267949,-0.87,OHCAL,18.5432061491894,2.07882207744009
1.5707963267949,-0.87,OTHER,2.50872885137516e-25,4.51883020960775e-25
1.5707963267949,-0.87,PIPE,0.00313565096663653,0.00280649330952555
1.5707963267949,-0.87,TPC,0.0580973445229864,0.0212833911627562
1.5707963267949,-0.865,EMCAL,19.7845439160019,0.891122619049137
1.5707963267949,-0.865,IHCAL,1.63006294269061,0.425000859969429
1.5707963267949,-0.865,INTT,0.0583139858886011,0.0251132978032858
1.5707963267949,-0.865,MAGNET,2.28720622514355,0.523152589408216
1.5707963267949,-0.865,MVTX,0.0173018468902767,0.00750630625941124
1.5707963267949,-0.865,OHCAL,18.4785270169995,2.07157109792424
1.5707963267949,-0.865,OTHER,2.52764196539775e-25,4.55289732330009e-25
1.5707963267949,-0.865,PIPE,0.0031247137434972,0.00279670419591185
1.5707963267949,-0.865,TPC,0.0578946996407479,0.0212091542018226
1.5707963267949,-0.86,EMCAL,19.6329282461016,0.843572523764697
1.5707963267949,-0.86,IHCAL,1.63677295087077,0.430958685410304
1.5707963267949,-0.86,INTT,0.058111331259899,0.0250260232676103
1.5707963267949,-0.86,MAGNET,2.2792576529227,0.52133451279854
1.5707963267949,-0.86,MVTX,0.0172417189586326,0.00748022010383904
1.5707963267949,-0.86,OHCAL,18.4143098489475,2.06437190779373
1.5707963267949,-0.86,OTHER,2.54641999442279e-25,4.5867211160901e-25
1.5707963267949,-0.86,PIPE,0.00311385463836419,0.0027869850000487
1.5707963267949,-0.86,TPC,0.0576935021290313,0.0211354474708505
1.5707963267949,-0.855,EMCAL,19.6139313824186,0.86846100852094
1.5707963267949,-0.855,IHCAL,1.64091808748448,0.435360976804196
1.5707963267949,-0.855,INTT,0.057910129417505,0.02493937438382
1.5707963267949,-0.855,MAGNET,2.27136606226187,0.519529469578836
1.5707963267949,-0.855,MVTX,0.0171820220708604,0.00745432095415903
1.5707963267949,-0.855,OHCAL,18.3505530396008,2.05722432706844
1.5707963267949,-0.855,OTHER,2.56506340790199e-25,4.62030243357438e-25
1.5707963267949,-0.855,PIPE,0.00310307337975933,0.00277733547895571
1.5707963267949,-0.855,TPC,0.057493746957865,0.021062269127165
1.5707963267949,-0.85,EMCAL,18.7493428408538,0.858746285965104
1.5707963267949,-0.85,IHCAL,1.63525965168926,0.433859643409934
1.5707963267949,-0.85,INTT,0.0577103753313626,0.0248533489856883
1.5707963267949,-0.85,MAGNET,2.26353125587091,0.517737414622931
1.5707963267949,-0.85,MVTX,0.0181930968142282,0.00799883808231574
1.5707963267949,-0.85,OHCAL,18.2872549950358,2.05012817705847
1.5707963267949,-0.85,OTHER,2.58357267192164e-25,4.6536421152876e-25
1.5707963267949,-0.85,PIPE,0.00309236969815058,0.00276775539139435
1.5707963267949,-0.85,TPC,0.0572954291333672,0.0209896173413047
1.5707963267949,-0.845,EMCAL,18.4594302578357,0.849992102583421
1.5707963267949,-0.845,IHCAL,1.62888224234438,0.432195354896411
1.5707963267949,-0.845,INTT,0.0575120640076093,0.0247679449225756
1.5707963267949,-0.845,MAGNET,2.25575303787923,0.515958303129357
1.5707963267949,-0.845,MVTX,0.0199130324927836,0.00892096196129565
1.5707963267949,-0.845,OHCAL,18.2244141327981,2.0430832803597
1.5707963267949,-0.845,OTHER,2.60194824921432e-25,4.68674099472354e-25
1.5707963267949,-0.845,PIPE,0.00308174332594534,0.00275824449786192
1.5707963267949,-0.845,TPC,0.0570985436975818,0.0209174902969712
1.5707963267949,-0.84,EMCAL,19.5554396552383,0.874617584780429
1.5707963267949,-0.84,IHCAL,1.719118166012,0.452630920754069
1.5707963267949,-0.84,INTT,0.0573151904884516,0.024683160059376
1.5707963267949,-0.84,MAGNET,2.24803121383099,0.514192090620234
1.5707963267949,-0.84,MVTX,0.0187003162798589,0.00828065916683226
1.5707963267949,-0.84,OHCAL,18.162028881863,2.03608946084935
1.5707963267949,-0.84,OTHER,2.62019059917041e-25,4.71959989935592e-25
1.5707963267949,-0.84,PIPE,0.00307119399748378,0.00274880256058562
1.5707963267949,-0.84,TPC,0.0569030857283627,0.0208458861909846
1.5707963267949,-0.835,EMCAL,20.6654769484857,0.946718043295504
1.5707963267949,-0.835,IHCAL,1.61852161597923,0.429418867880846
1.5707963267949,-0.835,INTT,0.0571197498520412,0.0245989922764635
1.5707963267949,-0.835,MAGNET,2.24036559068018,0.512438732940157
1.5707963267949,-0.835,MVTX,0.0161764592912792,0.0071811990102023
1.5707963267949,-0.835,OHCAL,18.1000976825959,2.02914654368157
1.5707963267949,-0.835,OTHER,2.63830017784962e-25,4.75221965065905e-25
1.5707963267949,-0.835,PIPE,0.00306072144903207,0.00273942934351646
1.5707963267949,-0.835,TPC,0.0567090503392506,0.0207748032332384
1.5707963267949,-0.83,EMCAL,22.9923564648946,1.02552685566865
1.5707963267949,-0.83,IHCAL,1.70112938703811,0.445785814222515
1.5707963267949,-0.83,INTT,0.0569257372123522,0.024515439469639
1.5707963267949,-0.83,MAGNET,2.22084696285123,0.507974237968887
1.5707963267949,-0.83,MVTX,0.0168899514302756,0.00732760779506594
1.5707963267949,-0.83,OHCAL,18.0386189867135,2.02225435528307
1.5707963267949,-0.83,OTHER,2.65627743799235e-25,4.78460106412844e-25
1.5707963267949,-0.83,PIPE,0.00305032541877603,0.0027301246123236
1.5707963267949,-0.83,TPC,0.0565164326793429,0.0207042396466542
1.5707963267949,-0.825,EMCAL,24.7964958803326,1.07934648980633
1.5707963267949,-0.825,IHCAL,1.59641244824553,0.41980955052367
1.5707963267949,-0.825,INTT,0.0567331477190584,0.0244324995500783
1.5707963267949,-0.825,MAGNET,2.17483051186053,0.497448896953933
1.5707963267949,-0.825,MVTX,0.0168328098393713,0.00730281724616109
1.5707963267949,-0.825,OHCAL,17.9775912572453,2.01541272334878
1.5707963267949,-0.825,OTHER,2.67412282903104e-25,4.81674494930107e-25
1.5707963267949,-0.825,PIPE,0.00304000564681433,0.00272088813438823
1.5707963267949,-0.825,TPC,0.056325227933211,0.0206341936671413
1.5707963267949,-0.82,EMCAL,19.4846939912711,0.882772303259663
1.5707963267949,-0.82,IHCAL,1.60214974819324,0.425075169434956
1.5707963267949,-0.82,INTT,0.0565419765574123,0.0243501704442786
1.5707963267949,-0.82,MAGNET,2.1291463310183,0.486999556076897
1.5707963267949,-0.82,MVTX,0.0167760890695896,0.00727820926806774
1.5707963267949,-0.82,OHCAL,17.917012968495,2.00862147683754
1.5707963267949,-0.82,OTHER,2.6918367971014e-25,4.8486521097758e-25
1.5707963267949,-0.82,PIPE,0.00302976187515212,0.00271171967879792
1.5707963267949,-0.82,TPC,0.0561354313206959,0.020564663543543
1.5707963267949,-0.815,EMCAL,18.6518949092345,0.815189845059629
1.5707963267949,-0.815,IHCAL,1.7503758926136,0.458782213060798
1.5707963267949,-0.815,INTT,0.0563522189481251,0.0242684500940084
1.5707963267949,-0.815,MAGNET,2.08379086609223,0.47662540237836
1.5707963267949,-0.815,MVTX,0.0167197877029085,0.00725378324558517
1.5707963267949,-0.815,OHCAL,17.8568826060019,2.00188044596784
1.5707963267949,-0.815,OTHER,2.70941978505355e-25,4.88032334323325e-25
1.5707963267949,-0.815,PIPE,0.00301959384769459,0.00270261901634083
1.5707963267949,-0.815,TPC,0.0559470380968951,0.0204956475376053
1.5707963267949,-0.81,EMCAL,18.4345692980756,0.817113884896833
1.5707963267949,-0.81,IHCAL,1.59143566462128,0.422232564947591
1.5707963267949,-0.81,INTT,0.0561638701472466,0.0241873364562545
1.5707963267949,-0.81,MAGNET,2.03876057921298,0.466325626641612
1.5707963267949,-0.81,MVTX,0.0166639043317908,0.00722953856806154
1.5707963267949,-0.81,OHCAL,17.7971986665041,1.99518946221355
1.5707963267949,-0.81,OTHER,2.72687223246312e-25,4.91175944145595e-25
1.5707963267949,-0.81,PIPE,0.00300950131024054,0.00269358591949992
1.5707963267949,-0.81,TPC,0.0557600435519681,0.0204271439239243
1.5707963267949,-0.805,EMCAL,19.4638974530574,0.876051024697705
1.5707963267949,-0.805,IHCAL,1.58613850730594,0.420827145904829
1.5707963267949,-0.805,INTT,0.0559769254460471,0.0241068275031718
1.5707963267949,-0.805,MAGNET,1.99405194872263,0.456099423357974
1.5707963267949,-0.805,MVTX,0.0166084375591493,0.00720547462937865
1.5707963267949,-0.805,OHCAL,18.1791565585208,2.03483488831519
1.5707963267949,-0.805,OTHER,2.74419457564218e-25,4.94296119034796e-25
1.5707963267949,-0.805,PIPE,0.00299948401047599,0.00268462016244728
1.5707963267949,-0.805,TPC,0.0555744430110337,0.0203591509899052
1.5707963267949,-0.8,EMCAL,19.1471811560904,0.867473074879566
1.5707963267949,-0.8,IHCAL,1.5738936476728,0.415233474027248
1.5707963267949,-0.8,INTT,0.0557913801708991,0.0240269212220323
1.5707963267949,-0.8,MAGNET,1.94966146902242,0.445945990691979
1.5707963267949,-0.8,MVTX,0.0165533859983118,0.00718159082793678
1.5707963267949,-0.8,OHCAL,18.5947354188231,2.07801072403146
1.5707963267949,-0.8,OTHER,2.76138724765023e-25,4.97392936995463e-25
1.5707963267949,-0.8,PIPE,0.00298954169796791,0.00267572152103852
1.5707963267949,-0.8,TPC,0.0553902318340548,0.0202916670357198
1.5707963267949,-0.795,EMCAL,17.9045934970331,0.826986944219829
1.5707963267949,-0.795,IHCAL,1.55440768341043,0.405275284972139
1.5707963267949,-0.795,INTT,0.0556072296831612,0.0239476156151746
1.5707963267949,-0.795,MAGNET,1.90558565042015,0.435864530446471
1.5707963267949,-0.795,MVTX,0.0164987482729864,0.00715788656663965
1.5707963267949,-0.795,OHCAL,18.532516798895,2.07106339654517
1.5707963267949,-0.795,OTHER,2.77845067830496e-25,5.00466475448208e-25
1.5707963267949,-0.795,PIPE,0.002979674124158,0.00266688977280715
1.5707963267949,-0.795,TPC,0.0552074054157638,0.0202246903742679
1.5707963267949,-0.79,EMCAL,19.888466437475,0.884719908482924
1.5707963267949,-0.79,IHCAL,1.54929895095577,0.403943302107859
1.5707963267949,-0.79,INTT,0.0554244693790614,0.0238689086999546
1.5707963267949,-0.79,MAGNET,1.86182101897709,0.425854248027581
1.5707963267949,-0.79,MVTX,0.0175293402794254,0.00771230289578958
1.5707963267949,-0.79,OHCAL,18.4716073016012,2.06425658062719
1.5707963267949,-0.79,OTHER,2.79538529419302e-25,5.03516811231653e-25
1.5707963267949,-0.79,PIPE,0.00296988104235636,0.00265812469695899
1.5707963267949,-0.79,TPC,0.0550259591854762,0.0201582193311278
1.5707963267949,-0.785,EMCAL,23.9838218765756,1.04930034392173
1.5707963267949,-0.785,IHCAL,1.51973744356252,0.397019476307031
1.5707963267949,-0.785,INTT,0.0552430946895831,0.0237907985086954
1.5707963267949,-0.785,MAGNET,1.81836411635442,0.415914352409605
1.5707963267949,-0.785,MVTX,0.0191367225669536,0.00857396637317326
1.5707963267949,-0.785,OHCAL,18.4111595954521,2.05750137123124
1.5707963267949,-0.785,OTHER,2.8121915186807e-25,5.06544020604349e-25
1.5707963267949,-0.785,PIPE,0.00296016220773549,0.00264942607436672
1.5707963267949,-0.785,TPC,0.054845888607049,0.0200922522445226
1.5707963267949,-0.78,EMCAL,23.3211966878936,1.02899693974175
1.5707963267949,-0.78,IHCAL,1.53919755613348,0.401309598953948
1.5707963267949,-0.78,INTT,0.0550631010803492,0.0237132830886379
1.5707963267949,-0.78,MAGNET,1.78938039142258,0.409284906152375
1.5707963267949,-0.78,MVTX,0.0172439485171832,0.00757086410368208
1.5707963267949,-0.78,OHCAL,18.3520674417872,2.0508915236612
1.5707963267949,-0.78,OTHER,2.82886977192447e-25,5.09548179246689e-25
1.5707963267949,-0.78,PIPE,0.00295051737732398,0.00264079368756429
1.5707963267949,-0.78,TPC,0.0546671891786861,0.0200267874652692
1.5707963267949,-0.775,EMCAL,21.2586705418989,0.940413749492684
1.5707963267949,-0.775,IHCAL,1.53420464123645,0.400007812822967
1.5707963267949,-0.775,INTT,0.0548844840515101,0.0236363605018927
1.5707963267949,-0.775,MAGNET,1.7835758907187,0.40795724293597
1.5707963267949,-0.775,MVTX,0.0166770598273826,0.00727409327365444
1.5707963267949,-0.775,OHCAL,18.2938683414082,2.04437850627544
1.5707963267949,-0.775,OTHER,2.84542047088155e-25,5.12529362262795e-25
1.5707963267949,-0.775,PIPE,0.00294094631000057,0.00263222732074159
1.5707963267949,-0.775,TPC,0.0544898564328999,0.0199618233567455
1.5707963267949,-0.77,EMCAL,18.7359297992294,0.818520853672923
1.5707963267949,-0.77,IHCAL,1.5292500812679,0.398716026846968
1.5707963267949,-0.77,INTT,0.0547072391376309,0.0235600288253911
1.5707963267949,-0.77,MAGNET,1.77781597950498,0.406639778671885
1.5707963267949,-0.77,MVTX,0.0180272351251231,0.00799860728707775
1.5707963267949,-0.77,OHCAL,17.3731147175092,1.94737692145084
1.5707963267949,-0.77,OTHER,2.86184402932026e-25,5.15487644182399e-25
1.5707963267949,-0.77,PIPE,0.00293144876648808,0.002623726759739
1.5707963267949,-0.77,TPC,0.0543138859363626,0.0198973582948453
1.5707963267949,-0.765,EMCAL,18.6911269511945,0.79836984304301
1.5707963267949,-0.765,IHCAL,1.52433375236651,0.3974342087319
1.5707963267949,-0.765,INTT,0.0545313619075795,0.0234842861508373
1.5707963267949,-0.765,MAGNET,1.77210051378334,0.405332480423446
1.5707963267949,-0.765,MVTX,0.0188852793607868,0.00846089595977996
1.5707963267949,-0.765,OHCAL,17.2798897027541,1.93719553785931
1.5707963267949,-0.765,OTHER,2.87814085783043e-25,5.18423098962703e-25
1.5707963267949,-0.765,PIPE,0.00292202450934743,0.00261529179204205
1.5707963267949,-0.765,TPC,0.0541392732897952,0.019833390667938
1.5707963267949,-0.76,EMCAL,18.3704530487658,0.840157299710578
1.5707963267949,-0.76,IHCAL,1.52136367925087,0.397308951866878
1.5707963267949,-0.76,INTT,0.0543568479644159,0.0234091305846603
1.5707963267949,-0.76,MAGNET,1.76642935066685,0.404035315508129
1.5707963267949,-0.76,MVTX,0.0179693964379452,0.00797807635130774
1.5707963267949,-0.76,OHCAL,17.2245900683578,1.93099606284433
1.5707963267949,-0.76,OTHER,2.89431136383361e-25,5.21335799990227e-25
1.5707963267949,-0.76,PIPE,0.00291267330297174,0.00260692220677615
1.5707963267949,-0.76,TPC,0.0539660141278944,0.0197699188768321
1.5707963267949,-0.755,EMCAL,18.1954243329391,0.834260541685896
1.5707963267949,-0.755,IHCAL,1.53532650125075,0.407345922673772
1.5707963267949,-0.755,INTT,0.0541836929452826,0.0233345602479672
1.5707963267949,-0.755,MAGNET,1.76080234837612,0.402748251496744
1.5707963267949,-0.755,MVTX,0.0165003708923801,0.00720052745518436
1.5707963267949,-0.755,OHCAL,17.1697191412562,1.92484466262363
1.5707963267949,-0.755,OTHER,2.9103559515933e-25,5.24225820082651e-25
1.5707963267949,-0.755,PIPE,0.00290339491358028,0.00259861779470116
1.5707963267949,-0.755,TPC,0.0537941041191431,0.0197069413347261
1.5707963267949,-0.75,EMCAL,19.3134879352396,0.865449193698745
1.5707963267949,-0.75,IHCAL,1.53045846283778,0.406054355638624
1.5707963267949,-0.75,INTT,0.0540118925212949,0.0232605732764957
1.5707963267949,-0.75,MAGNET,1.75521936623581,0.401471256212622
1.5707963267949,-0.75,MVTX,0.0160254093493582,0.00695253121077588
1.5707963267949,-0.75,OHCAL,17.1152774731855,1.91874138521
1.5707963267949,-0.75,OTHER,2.92627502222503e-25,5.27093231490628e-25
1.5707963267949,-0.75,PIPE,0.0028941891092129,0.00259037834820639
1.5707963267949,-0.75,TPC,0.0536235389658109,0.0196444564671815
1.5707963267949,-0.745,EMCAL,18.8299501205955,0.822128566153191
1.5707963267949,-0.745,IHCAL,1.52562868571296,0.404772939925619
1.5707963267949,-0.745,INTT,0.0538414423974334,0.0231871678205675
1.5707963267949,-0.745,MAGNET,1.74968026467107,0.400204297730815
1.5707963267949,-0.745,MVTX,0.0159748365424999,0.00693059049085831
1.5707963267949,-0.745,OHCAL,32.7321513090434,3.55673890006195
1.5707963267949,-0.745,OTHER,2.94206897370638e-25,5.2993810589959e-25
1.5707963267949,-0.745,PIPE,0.002885055659724,0.00258220366130526
1.5707963267949,-0.745,TPC,0.0534543144037454,0.0195824627120716
1.5707963267949,-0.74,EMCAL,22.344755199318,0.994748514234261
1.5707963267949,-0.74,IHCAL,1.52083704913441,0.403501643499933
1.5707963267949,-0.74,INTT,0.053672338312436,0.0231143420450425
1.5707963267949,-0.74,MAGNET,1.74418490520408,0.398947344377296
1.5707963267949,-0.74,MVTX,0.0159246631073872,0.00690882303606398
1.5707963267949,-0.74,OHCAL,44.2507585059418,4.76478509972123
1.5707963267949,-0.74,OTHER,2.95773820088698e-25,5.32760514431548e-25
1.5707963267949,-0.74,PIPE,0.00287599433677681,0.00257409352963011
1.5707963267949,-0.74,TPC,0.0532864262022899,0.0195209585195462
1.5707963267949,-0.735,EMCAL,23.5897315772879,1.03022945729852
1.5707963267949,-0.735,IHCAL,1.48958583495671,0.386317756569882
1.5707963267949,-0.735,INTT,0.053504576038692,0.0230420941292726
1.5707963267949,-0.735,MAGNET,1.73873315045057,0.397700364728165
1.5707963267949,-0.735,MVTX,0.0158748877896816,0.00688722830220538
1.5707963267949,-0.735,OHCAL,44.1124319508551,4.74989055936511
1.5707963267949,-0.735,OTHER,2.97328309549831e-25,5.3556052764686e-25
1.5707963267949,-0.735,PIPE,0.00286700491383787,0.00256604775042731
1.5707963267949,-0.735,TPC,0.0531198701643126,0.019459942352005
1.5707963267949,-0.73,EMCAL,21.5688720778605,0.959655162517348
1.5707963267949,-0.73,IHCAL,1.51136771941299,0.400989281635322
1.5707963267949,-0.73,INTT,0.0533381513821355,0.0229704222670559
1.5707963267949,-0.73,MAGNET,1.73332486411637,0.396463327608865
1.5707963267949,-0.73,MVTX,0.0158255093449976,0.00686580574941305
1.5707963267949,-0.73,OHCAL,44.1763851664081,4.85600569575433
1.5707963267949,-0.73,OTHER,2.98870404616357e-25,5.38338215546006e-25
1.5707963267949,-0.73,PIPE,0.00285808716617109,0.0025580661225519
1.5707963267949,-0.73,TPC,0.0529546421258356,0.0193994126840342
1.5707963267949,-0.725,EMCAL,18.3813361981069,0.812148727135367
1.5707963267949,-0.725,IHCAL,1.50668978954183,0.399748153388467
1.5707963267949,-0.725,INTT,0.0531730601821417,0.0228993246665923
1.5707963267949,-0.725,MAGNET,1.72795991099406,0.395236202093405
1.5707963267949,-0.725,MVTX,0.0157765265388714,0.00684455484212205
1.5707963267949,-0.725,OHCAL,44.0396298394272,4.84097323223386
1.5707963267949,-0.725,OTHER,3.00400143840729e-25,5.41093647571323e-25
1.5707963267949,-0.725,PIPE,0.00284924087083232,0.00255014844646278
1.5707963267949,-0.725,TPC,0.0527907379561627,0.0193393680023901
1.5707963267949,-0.72,EMCAL,18.240377369526,0.776653006755849
1.5707963267949,-0.72,IHCAL,1.50204952675444,0.3985170188115
1.5707963267949,-0.72,INTT,0.0530092983114219,0.0228287995504381
1.5707963267949,-0.72,MAGNET,1.72263815695952,0.394018957503582
1.5707963267949,-0.72,MVTX,0.017613500498726,0.00782801751118117
1.5707963267949,-0.72,OHCAL,43.903978802572,4.82606213919783
1.5707963267949,-0.72,OTHER,3.01917565466511e-25,5.43826892608759e-25
1.5707963267949,-0.72,PIPE,0.00284046580666373,0.00254229452421766
1.5707963267949,-0.72,TPC,0.0526281535577024,0.0192798068059549
1.5707963267949,-0.715,EMCAL,18.2326404276774,0.83335365562247
1.5707963267949,-0.715,IHCAL,1.49744681504667,0.397295847126601
1.5707963267949,-0.715,INTT,0.0528468616759207,0.0227588451554616
1.5707963267949,-0.715,MAGNET,1.71735946896862,0.392811563408219
1.5707963267949,-0.715,MVTX,0.0183048866918084,0.00820112386553302
1.5707963267949,-0.715,OHCAL,43.7694416253322,4.81127340359935
1.5707963267949,-0.715,OTHER,3.0342270742932e-25,5.46538018989581e-25
1.5707963267949,-0.715,PIPE,0.00283176175428824,0.00253450415946805
1.5707963267949,-0.715,TPC,0.052466884865815,0.0192207276056932
1.5707963267949,-0.71,EMCAL,18.593178165464,0.842432868420318
1.5707963267949,-0.71,IHCAL,1.47824326481214,0.387288318835899
1.5707963267949,-0.71,INTT,0.0526857462147139,0.0226894597327994
1.5707963267949,-0.71,MAGNET,1.71212371505389,0.3916139896224
1.5707963267949,-0.71,MVTX,0.0156673283611646,0.00680068015277362
1.5707963267949,-0.71,OHCAL,44.8814915446802,4.9272711956724
1.5707963267949,-0.71,OTHER,3.04915607357785e-25,5.49227094492088e-25
1.5707963267949,-0.71,PIPE,0.00282312849610408,0.00252677715745441
1.5707963267949,-0.71,TPC,0.0523069278487618,0.0191621289246209
1.5707963267949,-0.705,EMCAL,19.3532253629255,0.863116396617304
1.5707963267949,-0.705,IHCAL,1.46827603875362,0.382818467240786
1.5707963267949,-0.705,INTT,0.0525259478999065,0.0226206415478122
1.5707963267949,-0.705,MAGNET,1.70693076432121,0.390426206206718
1.5707963267949,-0.705,MVTX,0.015584527356215,0.00676125710658459
1.5707963267949,-0.705,OHCAL,45.6477022074054,5.00699201730937
1.5707963267949,-0.705,OTHER,3.06396302574481e-25,5.51894186343311e-25
1.5707963267949,-0.705,PIPE,0.0028145658162794,0.00251911332500135
1.5707963267949,-0.705,TPC,0.0521482785076694,0.0191040092977735
1.5707963267949,-0.7,EMCAL,18.5627948762163,0.818083788044286
1.5707963267949,-0.7,IHCAL,1.46384587308778,0.38166340486632
1.5707963267949,-0.7,INTT,0.0523674627365324,0.0225523888800419
1.5707963267949,-0.7,MAGNET,1.70178048694654,0.389248183466526
1.5707963267949,-0.7,MVTX,0.0155375045710411,0.00674085654305373
1.5707963267949,-0.7,OHCAL,45.8879370196618,5.03153749192932
1.5707963267949,-0.7,OTHER,3.07864830096867e-25,5.54539361220683e-25
1.5707963267949,-0.7,PIPE,0.00280607350074671,0.00251151247051262
1.5707963267949,-0.7,TPC,0.0519909328762422,0.0190463672721522
1.5707963267949,-0.695,EMCAL,21.0001119465693,0.946398124547418
1.5707963267949,-0.695,IHCAL,1.45945230341865,0.380517884045081
1.5707963267949,-0.695,INTT,0.0522102867624541,0.0224847000231681
1.5707963267949,-0.695,MAGNET,1.69667275417269,0.388079891951194
1.5707963267949,-0.695,MVTX,0.0154908702242906,0.00672062450128751
1.5707963267949,-0.695,OHCAL,45.7501875973145,5.01643359241171
1.5707963267949,-0.695,OTHER,3.09321226638206e-25,5.57162685253714e-25
1.5707963267949,-0.695,PIPE,0.00279765133719767,0.00250397440396643
1.5707963267949,-0.695,TPC,0.0518348870208315,0.0189892014067035
1.5707963267949,-0.69,EMCAL,23.0420421036285,1.00334589069708
1.5707963267949,-0.69,IHCAL,1.45509521990932,0.379381876139569
1.5707963267949,-0.69,INTT,0.0520544160482641,0.0224175732849661
1.5707963267949,-0.69,MAGNET,1.69160743830605,0.386921302453374
1.5707963267949,-0.69,MVTX,0.0154446231501025,0.00670056047548385
1.5707963267949,-0.69,OHCAL,45.613599685807,5.00145696656555
1.5707963267949,-0.69,OTHER,3.10765528608488e-25,5.59764224025642e-25
1.5707963267949,-0.69,PIPE,0.00278929911507778,0.00249649893691077
1.5707963267949,-0.69,TPC,0.0516801370403093,0.0189325102722802
1.5707963267949,-0.685,EMCAL,22.5755792200766,0.994114715589603
1.5707963267949,-0.685,IHCAL,1.450774513635,0.378255352750109
1.5707963267949,-0.685,INTT,0.0518998466971866,0.0223510069872637
1.5707963267949,-0.685,MAGNET,1.68658441271347,0.385772386008267
1.5707963267949,-0.685,MVTX,0.0153987621922976,0.00668066396404107
1.5707963267949,-0.685,OHCAL,45.4781538558224,4.98660555986102
1.5707963267949,-0.685,OTHER,3.12197772115338e-25,5.62344042575072e-25
1.5707963267949,-0.685,PIPE,0.00278101662558102,0.00248908588245854
1.5707963267949,-0.685,TPC,0.0515266790658917,0.0188762924515986
1.5707963267949,-0.68,EMCAL,18.3348034460959,0.818393788594922
1.5707963267949,-0.68,IHCAL,1.4464900765803,0.377138285714128
1.5707963267949,-0.68,INTT,0.0517465748449796,0.0222849994659002
1.5707963267949,-0.68,MAGNET,1.68160355181906,0.384633113892902
1.5707963267949,-0.68,MVTX,0.0153532862043495,0.00666093446954535
1.5707963267949,-0.68,OHCAL,44.1184765303234,4.84228627867349
1.5707963267949,-0.68,OTHER,3.13617992964917e-25,5.64902205397601e-25
1.5707963267949,-0.68,PIPE,0.00277280366164476,0.00248173505528302
1.5707963267949,-0.68,TPC,0.0513745092611409,0.0188205465392121
1.5707963267949,-0.675,EMCAL,18.1959965683816,0.781558500572056
1.5707963267949,-0.675,IHCAL,1.44224180163656,0.376030647105459
1.5707963267949,-0.675,INTT,0.0515945966598388,0.022219549070684
1.5707963267949,-0.675,MAGNET,1.67666473110103,0.383503457625418
1.5707963267949,-0.675,MVTX,0.0153081940493561,0.00664137149875828
1.5707963267949,-0.675,OHCAL,43.2240326032715,4.74782121592635
1.5707963267949,-0.675,OTHER,3.15026226662822e-25,5.67438776447435e-25
1.5707963267949,-0.675,PIPE,0.00276466001794444,0.00247444627161313
1.5707963267949,-0.675,TPC,0.0512236238217905,0.0187652711414685
1.5707963267949,-0.67,EMCAL,18.3810772541813,0.834495004494046
1.5707963267949,-0.67,IHCAL,1.43802958259915,0.374932409233644
1.5707963267949,-0.67,INTT,0.0514439083423018,0.0221546541653518
1.5707963267949,-0.67,MAGNET,1.6717678270886,0.382383388964348
1.5707963267949,-0.67,MVTX,0.0152634846000114,0.00662197456260461
1.5707963267949,-0.67,OHCAL,42.6054116025467,4.68229841678848
1.5707963267949,-0.67,OTHER,3.16422508414967e-25,5.69953819138979e-25
1.5707963267949,-0.67,PIPE,0.0027565854908886,0.00246721934922894
1.5707963267949,-0.67,TPC,0.0510740189757239,0.0187104648764829
1.5707963267949,-0.665,EMCAL,18.3352901327777,0.832587974702565
1.5707963267949,-0.665,IHCAL,1.45346015398419,0.385625495332808
1.5707963267949,-0.665,INTT,0.0512945061251527,0.0220903131275276
1.5707963267949,-0.665,MAGNET,1.66691271735892,0.381272879907919
1.5707963267949,-0.665,MVTX,0.015722651472928,0.0068709824309243
1.5707963267949,-0.665,OHCAL,42.481679075174,4.66870031186518
1.5707963267949,-0.665,OTHER,3.17806873128469e-25,5.72447396348433e-25
1.5707963267949,-0.665,PIPE,0.00274857987861359,0.00246005410745697
1.5707963267949,-0.665,TPC,0.0509256909827719,0.0186561263740917
1.5707963267949,-0.66,EMCAL,18.3752102367085,0.833966416031038
1.5707963267949,-0.66,IHCAL,1.44926311433598,0.384511954820176
1.5707963267949,-0.66,INTT,0.0511463862733283,0.0220265243486822
1.5707963267949,-0.66,MAGNET,1.66209928053399,0.380171902693345
1.5707963267949,-0.66,MVTX,0.0173134426031056,0.00772283096166226
1.5707963267949,-0.66,OHCAL,42.3590043233703,4.65521847686643
1.5707963267949,-0.66,OTHER,3.1917935541252e-25,5.74919570415358e-25
1.5707963267949,-0.66,PIPE,0.00274064298097871,0.00245295036716582
1.5707963267949,-0.66,TPC,0.0507786361347465,0.0186022542758315
1.5707963267949,-0.655,EMCAL,18.5950443119743,0.827569518367365
1.5707963267949,-0.655,IHCAL,1.44510230613453,0.38340802707919
1.5707963267949,-0.655,INTT,0.0509995450838246,0.0219632862340926
1.5707963267949,-0.655,MAGNET,1.65732739627764,0.379080429796139
1.5707963267949,-0.655,MVTX,0.0176606047499239,0.00791209261217343
1.5707963267949,-0.655,OHCAL,42.2394502592615,4.64309191200686
1.5707963267949,-0.655,OTHER,3.20539989579245e-25,5.77370403144233e-25
1.5707963267949,-0.655,PIPE,0.00273277459956107,0.00244590795076158
1.5707963267949,-0.655,TPC,0.0506328507552828,0.0185488472348985
1.5707963267949,-0.65,EMCAL,19.5624627429383,0.866889004670381
1.5707963267949,-0.65,IHCAL,1.4409776253618,0.382313684512144
1.5707963267949,-0.65,INTT,0.0508539788856043,0.0219005972028029
1.5707963267949,-0.65,MAGNET,1.65259694529252,0.377998433929422
1.5707963267949,-0.65,MVTX,0.0168704101446168,0.00749538453534304
1.5707963267949,-0.65,OHCAL,42.1188845909422,4.6298389738187
1.5707963267949,-0.65,OTHER,3.21888809644571e-25,5.79799955806005e-25
1.5707963267949,-0.65,PIPE,0.00272497453765077,0.00243892668218352
1.5707963267949,-0.65,TPC,0.0504883311997115,0.0184959039161109
1.5707963267949,-0.645,EMCAL,22.0121888675211,0.973436539281314
1.5707963267949,-0.645,IHCAL,1.40257422797267,0.360608820783925
1.5707963267949,-0.645,INTT,0.0507096840395047,0.0218384556875839
1.5707963267949,-0.645,MAGNET,1.6479078093171,0.37692588804324
1.5707963267949,-0.645,MVTX,0.0151664526265513,0.00659182753725324
1.5707963267949,-0.645,OHCAL,41.9993719233897,4.61670178462179
1.5707963267949,-0.645,OTHER,3.2322584932907e-25,5.82208289139616e-25
1.5707963267949,-0.645,PIPE,0.00271724260024583,0.00243200638689953
1.5707963267949,-0.645,TPC,0.0503450738550635,0.0184434229958861
1.5707963267949,-0.64,EMCAL,22.4327287632325,0.983502786494352
1.5707963267949,-0.64,IHCAL,1.43283623454357,0.380153645706482
1.5707963267949,-0.64,INTT,0.0505666569381473,0.0217768601348945
1.5707963267949,-0.64,MAGNET,1.64325987112274,0.375862765323891
1.5707963267949,-0.64,MVTX,0.0149311359612302,0.00649427504869214
1.5707963267949,-0.64,OHCAL,41.8809092684747,4.60368001595358
1.5707963267949,-0.64,OTHER,3.24551142058804e-25,5.84595463353526e-25
1.5707963267949,-0.64,PIPE,0.00270957859404742,0.00242514689190189
1.5707963267949,-0.64,TPC,0.0502030751398771,0.0183914031621961
1.5707963267949,-0.635,EMCAL,19.6931002706945,0.87426250651827
1.5707963267949,-0.635,IHCAL,1.42881932096753,0.379087895467848
1.5707963267949,-0.635,INTT,0.050424894005847,0.0217158090048427
1.5707963267949,-0.635,MAGNET,1.63865301451075,0.374809039193251
1.5707963267949,-0.635,MVTX,0.0149611415212512,0.00649080476558932
1.5707963267949,-0.635,OHCAL,41.7634936643211,4.59077334223735
1.5707963267949,-0.635,OTHER,3.25864720966159e-25,5.86961538127213e-25
1.5707963267949,-0.635,PIPE,0.00270198232745499,0.00241834802570286
1.5707963267949,-0.635,TPC,0.050062331504184,0.0183398431145429
1.5707963267949,-0.63,EMCAL,18.1659611958247,0.790956475627201
1.5707963267949,-0.63,IHCAL,1.42483812775403,0.378031622401766
1.5707963267949,-0.63,INTT,0.0502843916985231,0.021655300771147
1.5707963267949,-0.63,MAGNET,1.63408712430947,0.373764683308113
1.5707963267949,-0.63,MVTX,0.0153383001003509,0.00669586113375019
1.5707963267949,-0.63,OHCAL,41.6471221752319,4.57798144077399
1.5707963267949,-0.63,OTHER,3.27166618890678e-25,5.89306572612671e-25
1.5707963267949,-0.63,PIPE,0.00269445361056147,0.00241160961833042
1.5707963267949,-0.63,TPC,0.0499228394293859,0.0182887415639229
1.5707963267949,-0.625,EMCAL,17.8112974239988,0.76875991369823
1.5707963267949,-0.625,IHCAL,1.42089255537531,0.376984800101874
1.5707963267949,-0.625,INTT,0.0501451465036107,0.0215953339210985
1.5707963267949,-0.625,MAGNET,1.62956208637141,0.372729671559524
1.5707963267949,-0.625,MVTX,0.0172480448292303,0.00771737329282586
1.5707963267949,-0.625,OHCAL,41.5317918916152,4.565303991734
1.5707963267949,-0.625,OTHER,3.28456868379875e-25,5.91630625435885e-25
1.5707963267949,-0.625,PIPE,0.00268699225514855,0.00240493150132404
1.5707963267949,-0.625,TPC,0.04978459542818,0.018238097232795
1.5707963267949,-0.62,EMCAL,18.4085577317459,0.832199530665194
1.5707963267949,-0.62,IHCAL,1.39786774318943,0.364461146302912
1.5707963267949,-0.62,INTT,0.0500071549399726,0.0215359069555228
1.5707963267949,-0.62,MAGNET,1.62507778757037,0.371703978072137
1.5707963267949,-0.62,MVTX,0.0173160934160947,0.00775767613506836
1.5707963267949,-0.62,OHCAL,41.417499929912,4.55274067814945
1.5707963267949,-0.62,OTHER,3.29735501690055e-25,5.93933754698294e-25
1.5707963267949,-0.62,PIPE,0.00267959807468196,0.00239831350773046
1.5707963267949,-0.62,TPC,0.0496475960444401,0.0181879088550468
1.5707963267949,-0.615,EMCAL,18.5409416629128,0.835581114176672
1.5707963267949,-0.615,IHCAL,1.39404538555657,0.363464555696903
1.5707963267949,-0.615,INTT,0.0498704135578125,0.0214770183887427
1.5707963267949,-0.615,MAGNET,1.62063411579867,0.370687577203562
1.5707963267949,-0.615,MVTX,0.0153807127994617,0.00673060569102833
1.5707963267949,-0.615,OHCAL,41.3042466648443,4.5402915250129
1.5707963267949,-0.615,OTHER,3.31002550787117e-25,5.96216017978251e-25
1.5707963267949,-0.615,PIPE,0.00267227088430679,0.00239175547209948
1.5707963267949,-0.615,TPC,0.0495118378531935,0.0181381751759677
1.5707963267949,-0.61,EMCAL,18.4159936539209,0.831832241135685
1.5707963267949,-0.61,IHCAL,1.36039673313822,0.355646912981936
1.5707963267949,-0.61,INTT,0.0497349189385889,0.0214186667485408
1.5707963267949,-0.61,MAGNET,1.61623095996427,0.369680443543723
1.5707963267949,-0.61,MVTX,0.0147564248861267,0.00640198963681229
1.5707963267949,-0.61,OHCAL,41.1920265767677,4.52795593906119
1.5707963267949,-0.61,OTHER,3.32258047347356e-25,5.98477472332458e-25
1.5707963267949,-0.61,PIPE,0.00266501050084292,0.00238525723047988
1.5707963267949,-0.61,TPC,0.0493773174604653,0.018088894952212
1.5707963267949,-0.605,EMCAL,17.8888072402824,0.785161374655792
1.5707963267949,-0.605,IHCAL,1.38650512866921,0.361498609568639
1.5707963267949,-0.605,INTT,0.049600667694929,0.0213608505761232
1.5707963267949,-0.605,MAGNET,1.61186820998805,0.368682551914227
1.5707963267949,-0.605,MVTX,0.0147165923412022,0.00638470851745023
1.5707963267949,-0.605,OHCAL,41.08083448235,4.51573336244345
1.5707963267949,-0.605,OTHER,3.3350202275825e-25,6.00718174297389e-25
1.5707963267949,-0.605,PIPE,0.00265781674278037,0.00237881862041527
1.5707963267949,-0.605,TPC,0.0492440315032586,0.0180400669517738
1.5707963267949,-0.6,EMCAL,21.6504357650816,0.957843691813815
1.5707963267949,-0.6,IHCAL,1.38278704091227,0.360529204898631
1.5707963267949,-0.6,INTT,0.0494676564705449,0.0213035684260826
1.5707963267949,-0.6,MAGNET,1.60754575680102,0.367693877367731
1.5707963267949,-0.6,MVTX,0.0146771277118527,0.00636758701613362
1.5707963267949,-0.6,OHCAL,40.9706688025978,4.50362361557364
1.5707963267949,-0.6,OTHER,3.3473450811925e-25,6.02938179890712e-25
1.5707963267949,-0.6,PIPE,0.00265068943027482,0.00237243948094006
1.5707963267949,-0.6,TPC,0.0491119766493977,0.0179916899539482
1.5707963267949,-0.595,EMCAL,21.3905080939523,0.946170140826149
1.5707963267949,-0.595,IHCAL,1.37910352272403,0.359568813436499
1.5707963267949,-0.595,INTT,0.049335881940149,0.0212468188663622
1.5707963267949,-0.595,MAGNET,1.60326349234165,0.36671439518732
1.5707963267949,-0.595,MVTX,0.0146380300114605,0.00635062470482413
1.5707963267949,-0.595,OHCAL,40.8615274044997,4.49162646087166
1.5707963267949,-0.595,OTHER,3.35955534242553e-25,6.05137544612683e-25
1.5707963267949,-0.595,PIPE,0.00264362838514309,0.00236611965257546
1.5707963267949,-0.595,TPC,0.0489811495975171,0.017943762749309
1.5707963267949,-0.59,EMCAL,21.6496897745867,0.954952899610342
1.5707963267949,-0.59,IHCAL,1.37545448201846,0.358617411172896
1.5707963267949,-0.59,INTT,0.0492053408093711,0.02119060047822
1.5707963267949,-0.59,MAGNET,1.59902130955308,0.365744080885889
1.5707963267949,-0.59,MVTX,0.014599298262581,0.00633382115946298
1.5707963267949,-0.59,OHCAL,40.7500623888242,4.47773145118398
1.5707963267949,-0.59,OTHER,3.37165131653876e-25,6.07316323447532e-25
1.5707963267949,-0.59,PIPE,0.00263663343085867,0.00235985897732539
1.5707963267949,-0.59,TPC,0.0488515470769151,0.0178962841396721
1.5707963267949,-0.585,EMCAL,18.121429328724,0.80210940160452
1.5707963267949,-0.585,IHCAL,1.37183982757151,0.357674974323206
1.5707963267949,-0.585,INTT,0.0490760298146763,0.0211349118561935
1.5707963267949,-0.585,MAGNET,1.59481910238054,0.364782910205529
1.5707963267949,-0.585,MVTX,0.0145609314969184,0.00631717595996069
1.5707963267949,-0.585,OHCAL,40.6429701845573,4.46596386642907
1.5707963267949,-0.585,OTHER,3.38363330593219e-25,6.09474570864845e-25
1.5707963267949,-0.585,PIPE,0.00262970439254732,0.00235365729867265
1.5707963267949,-0.585,TPC,0.0487231658475341,0.0178492529380705
1.5707963267949,-0.58,EMCAL,18.7727600455162,0.789031038281814
1.5707963267949,-0.58,IHCAL,1.36825946901872,0.356741479326937
1.5707963267949,-0.58,INTT,0.0489479457232829,0.0210797516080642
1.5707963267949,-0.58,MAGNET,1.59065676576862,0.363830859116923
1.5707963267949,-0.58,MVTX,0.0145229287553017,0.00630068869018646
1.5707963267949,-0.58,OHCAL,40.5368951376458,4.45430804441083
1.5707963267949,-0.58,OTHER,3.39550161015615e-25,6.11612340820919e-25
1.5707963267949,-0.58,PIPE,0.00262284109698278,0.00234751446157499
1.5707963267949,-0.58,TPC,0.0485960026998563,0.0178026679687241
1.5707963267949,-0.575,EMCAL,18.4134303378483,0.831133506033024
1.5707963267949,-0.575,IHCAL,1.38337471496844,0.367030727941834
1.5707963267949,-0.575,INTT,0.048821085333082,0.021025118354823
1.5707963267949,-0.575,MAGNET,1.5865341956587,0.362887903818745
1.5707963267949,-0.575,MVTX,0.0175860906881322,0.00653380691977887
1.5707963267949,-0.575,OHCAL,40.4318336014194,4.44276358936857
1.5707963267949,-0.575,OTHER,3.40725652591889e-25,6.13729686760116e-25
1.5707963267949,-0.575,PIPE,0.00261604337258227,0.00234143031246112
1.5707963267949,-0.575,TPC,0.048470054454758,0.0177565280670023
1.5707963267949,-0.57,EMCAL,17.7120400192418,0.810594165399458
1.5707963267949,-0.57,IHCAL,1.37981465588959,0.366086188361881
1.5707963267949,-0.57,INTT,0.0486954454725571,0.0209710107306357
1.5707963267949,-0.57,MAGNET,1.58245128898629,0.361954020737062
1.5707963267949,-0.57,MVTX,0.0175408333169336,0.00651699232861405
1.5707963267949,-0.57,OHCAL,40.3277828663107,4.4313302039802
1.5707963267949,-0.57,OTHER,3.4188983470939e-25,6.15826661616193e-25
1.5707963267949,-0.57,PIPE,0.00260931104940232,0.00233540469922702
1.5707963267949,-0.57,TPC,0.0483453179635518,0.0177108320794075
1.5707963267949,-0.565,EMCAL,18.0663852452691,0.820239854896236
1.5707963267949,-0.565,IHCAL,1.37628909208227,0.365150800917565
1.5707963267949,-0.565,INTT,0.0485710230007053,0.0209174273828089
1.5707963267949,-0.565,MAGNET,1.57840794367853,0.36102918652475
1.5707963267949,-0.565,MVTX,0.0174960144674816,0.0065003406625969
1.5707963267949,-0.565,OHCAL,40.2280423781518,4.42199183632628
1.5707963267949,-0.565,OTHER,3.43042736472732e-25,6.17903317813631e-25
1.5707963267949,-0.565,PIPE,0.00260264395913451,0.00232943747123204
1.5707963267949,-0.565,TPC,0.0482217901078188,0.0176655788635377
1.5707963267949,-0.56,EMCAL,17.988739866571,0.801534899023315
1.5707963267949,-0.56,IHCAL,1.37279793540923,0.364224542224619
1.5707963267949,-0.56,INTT,0.0484478148069582,0.0208643669717561
1.5707963267949,-0.56,MAGNET,1.57440405865157,0.360113378060904
1.5707963267949,-0.56,MVTX,0.0143745391638943,0.00623631072372562
1.5707963267949,-0.56,OHCAL,40.1259971282937,4.41077470614793
1.5707963267949,-0.56,OTHER,3.44184386704519e-25,6.19959707268944e-25
1.5707963267949,-0.56,PIPE,0.00259604193510122,0.00232352847929515
1.5707963267949,-0.56,TPC,0.0480994677993313,0.0176207672880578
1.5707963267949,-0.555,EMCAL,19.8278045309067,0.86447597157034
1.5707963267949,-0.555,IHCAL,1.3693410985934,0.363307389126991
1.5707963267949,-0.555,INTT,0.0483258178111047,0.0208118281709643
1.5707963267949,-0.555,MAGNET,1.57043953380808,0.359206572450266
1.5707963267949,-0.555,MVTX,0.0143383424726346,0.00622060699845887
1.5707963267949,-0.555,OHCAL,40.0249551775269,4.39966786099659
1.5707963267949,-0.555,OTHER,3.45314813946067e-25,6.21995881391974e-25
1.5707963267949,-0.555,PIPE,0.00258950481225153,0.00231767757569127
1.5707963267949,-0.555,TPC,0.0479783479800692,0.0175763962326803
1.5707963267949,-0.55,EMCAL,21.2019192929237,0.937553729814309
1.5707963267949,-0.55,IHCAL,1.36499621602627,0.361845111693402
1.5707963267949,-0.55,INTT,0.0482050289632134,0.0207598096669607
1.5707963267949,-0.55,MAGNET,1.56651427003472,0.358308747022648
1.5707963267949,-0.55,MVTX,0.0143025042406835,0.00620505878869106
1.5707963267949,-0.55,OHCAL,39.9249136460761,4.38867098609121
1.5707963267949,-0.55,OTHER,3.46434046458115e-25,6.24011891087181e-25
1.5707963267949,-0.55,PIPE,0.00258303242715703,0.00231188461414751
1.5707963267949,-0.55,TPC,0.0478584276219802,0.0175324645881216
1.5707963267949,-0.545,EMCAL,20.8266123883916,0.926174350957125
1.5707963267949,-0.545,IHCAL,1.36253003971286,0.361500308231093
1.5707963267949,-0.545,INTT,0.0480854452435568,0.0207083101592801
1.5707963267949,-0.545,MAGNET,1.56262816919971,0.357419879332367
1.5707963267949,-0.545,MVTX,0.0142670235720834,0.00618966570571613
1.5707963267949,-0.545,OHCAL,39.8258701874795,4.37778382272672
1.5707963267949,-0.545,OTHER,3.47542112221535e-25,6.26007786754913e-25
1.5707963267949,-0.545,PIPE,0.00257662461800772,0.00230614944983949
1.5707963267949,-0.545,TPC,0.0477397037270935,0.0174889712560927
1.5707963267949,-0.54,EMCAL,19.3540330558383,0.859304426058132
1.5707963267949,-0.54,IHCAL,1.35917564737529,0.360610335256614
1.5707963267949,-0.54,INTT,0.0479670636625358,0.020657328360432
1.5707963267949,-0.54,MAGNET,1.55878113415031,0.356539947157685
1.5707963267949,-0.54,MVTX,0.0142318995798156,0.00617442736470623
1.5707963267949,-0.54,OHCAL,39.7278223812664,4.3670061045587
1.5707963267949,-0.54,OTHER,3.48639038938028e-25,6.27983618292664e-25
1.5707963267949,-0.54,PIPE,0.00257028122460806,0.00230047193938783
1.5707963267949,-0.54,TPC,0.04762217332728,0.0174459151492553
1.5707963267949,-0.535,EMCAL,18.072288089165,0.78640280824033
1.5707963267949,-0.535,IHCAL,1.35585523434497,0.359729377523909
1.5707963267949,-0.535,INTT,0.0478498812606047,0.0206068629958688
1.5707963267949,-0.535,MAGNET,1.55497306871046,0.355668928500252
1.5707963267949,-0.535,MVTX,0.0141971313857786,0.00615934338470204
1.5707963267949,-0.535,OHCAL,40.2465786920765,4.42094307138403
1.5707963267949,-0.535,OTHER,3.49724854030818e-25,6.29939435096326e-25
1.5707963267949,-0.535,PIPE,0.00256400208837289,0.00229485194085448
1.5707963267949,-0.535,TPC,0.0475058334842799,0.0174032951912054
1.5707963267949,-0.53,EMCAL,17.3100214671251,0.749701058948564
1.5707963267949,-0.53,IHCAL,1.33558418059821,0.348651230909657
1.5707963267949,-0.53,INTT,0.0477338951081972,0.0205569128039537
1.5707963267949,-0.53,MAGNET,1.55120387767831,0.354806801584556
1.5707963267949,-0.53,MVTX,0.0141627181207656,0.00614441338860326
1.5707963267949,-0.53,OHCAL,40.1753407428144,4.41298795286811
1.5707963267949,-0.53,OTHER,3.50799584645342e-25,6.31875286061423e-25
1.5707963267949,-0.53,PIPE,0.00255778705232347,0.00228928931373917
1.5707963267949,-0.53,TPC,0.0473906812895913,0.0173611103164416
1.5707963267949,-0.525,EMCAL,18.0849040805438,0.820878748777059
1.5707963267949,-0.525,IHCAL,1.33237232324836,0.347812782139934
1.5707963267949,-0.525,INTT,0.0476191023056536,0.0205074765359295
1.5707963267949,-0.525,MAGNET,1.54747346682389,0.353953544857379
1.5707963267949,-0.525,MVTX,0.0137482600102478,0.00604070618346476
1.5707963267949,-0.525,OHCAL,40.0781880456631,4.40231903862409
1.5707963267949,-0.525,OTHER,3.51863257649919e-25,6.33791219584326e-25
1.5707963267949,-0.525,PIPE,0.00255163596108358,0.00228378391897594
1.5707963267949,-0.525,TPC,0.0472767138644091,0.0173193594703406
1.5707963267949,-0.52,EMCAL,18.8505320993237,0.840555770471631
1.5707963267949,-0.52,IHCAL,1.32919377512707,0.346983028673817
1.5707963267949,-0.52,INTT,0.0475054999831478,0.0204585529558867
1.5707963267949,-0.52,MAGNET,1.54378174288674,0.353109136987259
1.5707963267949,-0.52,MVTX,0.0143331187496616,0.00624189784305231
1.5707963267949,-0.52,OHCAL,39.9820291897607,4.3917593311737
1.5707963267949,-0.52,OTHER,3.5291589963643e-25,6.35687283563476e-25
1.5707963267949,-0.52,PIPE,0.00254554866087561,0.00227833561892963
1.5707963267949,-0.52,TPC,0.0471639283595239,0.0172780416091272
1.5707963267949,-0.515,EMCAL,18.1669383759261,0.820922834853116
1.5707963267949,-0.515,IHCAL,1.32604845677236,0.34616194976786
1.5707963267949,-0.515,INTT,0.0473930853006158,0.0204101408407334
1.5707963267949,-0.515,MAGNET,1.54012861357357,0.352273556863955
1.5707963267949,-0.515,MVTX,0.0173722097623207,0.00786428730352391
1.5707963267949,-0.515,OHCAL,39.7193132950791,4.36373084203177
1.5707963267949,-0.515,OTHER,3.53957536920979e-25,6.37563525400571e-25
1.5707963267949,-0.515,PIPE,0.00253952499951676,0.00227294427739247
1.5707963267949,-0.515,TPC,0.0470523219553101,0.0172371556998545
1.5707963267949,-0.51,EMCAL,18.6147330144298,0.803189007690647
1.5707963267949,-0.51,IHCAL,1.322936289553,0.345349524895479
1.5707963267949,-0.51,INTT,0.0472818554476848,0.0203622389801642
1.5707963267949,-0.51,MAGNET,1.53651398755595,0.351446783597919
1.5707963267949,-0.51,MVTX,0.0187212658574391,0.00858626771709411
1.5707963267949,-0.51,OHCAL,39.6032064116862,4.35108820958988
1.5707963267949,-0.51,OTHER,3.54988195544554e-25,6.39419992001754e-25
1.5707963267949,-0.51,PIPE,0.00253356482641514,0.00226760975958061
1.5707963267949,-0.51,TPC,0.0469418918615958,0.0171967007203721
1.5707963267949,-0.505,EMCAL,21.0003794440175,0.926264913306568
1.5707963267949,-0.505,IHCAL,1.31985719566652,0.344545733746439
1.5707963267949,-0.505,INTT,0.0471718076436025,0.0203148461766299
1.5707963267949,-0.505,MAGNET,1.53293777446805,0.350628796519778
1.5707963267949,-0.505,MVTX,0.0158368044486154,0.00705278651648427
1.5707963267949,-0.505,OHCAL,39.7013148040547,4.36092408180796
1.5707963267949,-0.505,OTHER,3.56007901273672e-25,6.41256729778786e-25
1.5707963267949,-0.505,PIPE,0.00252766799256615,0.00226233193213085
1.5707963267949,-0.505,TPC,0.046832635317629,0.0171566756593039
1.5707963267949,-0.5,EMCAL,19.6014113795974,0.882618737805792
1.5707963267949,-0.5,IHCAL,1.31681109813727,0.343750556226344
1.5707963267949,-0.5,INTT,0.0470629391371682,0.0202679612453082
1.5707963267949,-0.5,MAGNET,1.52939988490435,0.349819575179812
1.5707963267949,-0.5,MVTX,0.0139636444799578,0.00605804644029097
1.5707963267949,-0.5,OHCAL,39.6064151893269,4.34863325558314
1.5707963267949,-0.5,OTHER,3.57016679601031e-25,6.43073784650207e-25
1.5707963267949,-0.5,PIPE,0.00252183435054862,0.00225711066309722
1.5707963267949,-0.5,TPC,0.0467245495919723,0.0171170795160197
1.5707963267949,-0.495,EMCAL,20.4935625691241,0.91427166339081
1.5707963267949,-0.495,IHCAL,1.31379792081449,0.342963972456137
1.5707963267949,-0.495,INTT,0.0469552472066635,0.0202215830140732
1.5707963267949,-0.495,MAGNET,1.52590023041743,0.349019099347446
1.5707963267949,-0.495,MVTX,0.0139316921229971,0.00604418409492531
1.5707963267949,-0.495,OHCAL,39.5163116678483,4.33873766332044
1.5707963267949,-0.495,OTHER,3.58014555746141e-25,6.44871202042484e-25
1.5707963267949,-0.495,PIPE,0.0025160637545212,0.00225194582194773
1.5707963267949,-0.495,TPC,0.046617631982495,0.0170779113006154
1.5707963267949,-0.49,EMCAL,17.7771983287263,0.795105680362826
1.5707963267949,-0.49,IHCAL,1.31081758837043,0.342185962771601
1.5707963267949,-0.49,INTT,0.0468487291597845,0.0201757103234668
1.5707963267949,-0.49,MAGNET,1.52243872351575,0.348227349010741
1.5707963267949,-0.49,MVTX,0.0139000880590652,0.00603047285447684
1.5707963267949,-0.49,OHCAL,39.4271814086375,4.32894900302878
1.5707963267949,-0.49,OTHER,3.59001554655959e-25,6.46649026891148e-25
1.5707963267949,-0.49,PIPE,0.00251035606021869,0.00224683727956107
1.5707963267949,-0.49,TPC,0.0465118798162453,0.0170391700338831
1.5707963267949,-0.485,EMCAL,17.9568597395379,0.768686655116174
1.5707963267949,-0.485,IHCAL,1.32136322633396,0.349524709703789
1.5707963267949,-0.485,INTT,0.0467433823335746,0.0201303420266693
1.5707963267949,-0.485,MAGNET,1.51901527766145,0.347444304375898
1.5707963267949,-0.485,MVTX,0.0138688314980587,0.00601691237616381
1.5707963267949,-0.485,OHCAL,38.7105461701664,4.25333280921317
1.5707963267949,-0.485,OTHER,3.59977701005507e-25,6.48407303641909e-25
1.5707963267949,-0.485,PIPE,0.00250471112494843,0.00224178490822343
1.5707963267949,-0.485,TPC,0.0464072904494135,0.0170008547472892
1.5707963267949,-0.48,EMCAL,18.2502560107957,0.823321763487752
1.5707963267949,-0.48,IHCAL,1.32155018812401,0.350627709747577
1.5707963267949,-0.48,INTT,0.0466392040943576,0.0200854769894709
1.5707963267949,-0.48,MAGNET,1.5156298072682,0.346669945866761
1.5707963267949,-0.48,MVTX,0.0138379216585619,0.00600350232097357
1.5707963267949,-0.48,OHCAL,38.6242714028773,4.24385334107079
1.5707963267949,-0.48,OTHER,3.60943019198495e-25,6.50146076251779e-25
1.5707963267949,-0.48,PIPE,0.00249912880758674,0.00223678858162524
1.5707963267949,-0.48,TPC,0.0463038612672537,0.0169629644829486
1.5707963267949,-0.475,EMCAL,18.3177351216106,0.824915449467247
1.5707963267949,-0.475,IHCAL,1.31863129302701,0.349853280997957
1.5707963267949,-0.475,INTT,0.0465361918376721,0.0200411140902433
1.5707963267949,-0.475,MAGNET,1.51228222769907,0.345904254124326
1.5707963267949,-0.475,MVTX,0.0138073577678273,0.00599024235365401
1.5707963267949,-0.475,OHCAL,38.542715884928,4.23673557205856
1.5707963267949,-0.475,OTHER,3.6189753336793e-25,6.51865388190162e-25
1.5707963267949,-0.475,PIPE,0.00249360896857541,0.00223184817485811
1.5707963267949,-0.475,TPC,0.0462015896840497,0.0169254982936051
1.5707963267949,-0.47,EMCAL,18.2234927084435,0.822772543724633
1.5707963267949,-0.47,IHCAL,1.31574536365046,0.349087598568724
1.5707963267949,-0.47,INTT,0.0464343429882063,0.0199972522199119
1.5707963267949,-0.47,MAGNET,1.50897245526441,0.34514721000626
1.5707963267949,-0.47,MVTX,0.0137771390617562,0.00597713214270533
1.5707963267949,-0.47,OHCAL,38.4583619810419,4.22746312543454
1.5707963267949,-0.47,OTHER,3.62841267376713e-25,6.53565282439949e-25
1.5707963267949,-0.47,PIPE,0.00248815146991818,0.00222696356441159
1.5707963267949,-0.47,TPC,0.0461004731429879,0.0168884552425997
1.5707963267949,-0.465,EMCAL,18.6902006310163,0.824766998234524
1.5707963267949,-0.465,IHCAL,1.31289232784776,0.348330643318181
1.5707963267949,-0.465,INTT,0.0463336549997336,0.0199538902819274
1.5707963267949,-0.465,MAGNET,1.50570040721971,0.344398794586421
1.5707963267949,-0.465,MVTX,0.0137472647848791,0.00596417136037151
1.5707963267949,-0.465,OHCAL,38.3749695351447,4.21829636528741
1.5707963267949,-0.465,OTHER,3.63774244818246e-25,6.55245801498582e-25
1.5707963267949,-0.465,PIPE,0.00248275617517728,0.00222213462817017
1.5707963267949,-0.465,TPC,0.0460005091161496,0.0168518344038543
1.5707963267949,-0.46,EMCAL,18.3545149716527,0.782597632193148
1.5707963267949,-0.46,IHCAL,1.28507106650784,0.332559010865242
1.5707963267949,-0.46,INTT,0.0462341253550491,0.0199110271922393
1.5707963267949,-0.46,MAGNET,1.50246600176362,0.343658989154383
1.5707963267949,-0.46,MVTX,0.0137177341903376,0.00595135968263233
1.5707963267949,-0.46,OHCAL,38.2925364624625,4.20923506245206
1.5707963267949,-0.46,OTHER,3.64696489017013e-25,6.56906987379129e-25
1.5707963267949,-0.46,PIPE,0.00247742294947007,0.00221736124541018
1.5707963267949,-0.46,TPC,0.0459016951044474,0.016815634861848
1.5707963267949,-0.455,EMCAL,20.325916615961,0.902828594463134
1.5707963267949,-0.455,IHCAL,1.30912046299991,0.347945996200197
1.5707963267949,-0.455,INTT,0.0461357515659066,0.019868661879268
1.5707963267949,-0.455,MAGNET,1.49926915803583,0.342927775214974
1.5707963267949,-0.455,MVTX,0.0136885465398653,0.00593869678919518
1.5707963267949,-0.455,OHCAL,38.2110607022057,4.20027899039982
1.5707963267949,-0.455,OTHER,3.65608023029165e-25,6.58548881611319e-25
1.5707963267949,-0.455,PIPE,0.00247215165946563,0.00221264329679682
1.5707963267949,-0.455,TPC,0.0458040286375074,0.0167798557115885
1.5707963267949,-0.45,EMCAL,20.4380281652813,0.905859702468896
1.5707963267949,-0.45,IHCAL,1.30636181470864,0.347212785166824
1.5707963267949,-0.45,INTT,0.0460385311729561,0.0198267932838785
1.5707963267949,-0.45,MAGNET,1.49610979611507,0.342205134487806
1.5707963267949,-0.45,MVTX,0.0136597011037695,0.00592618236348707
1.5707963267949,-0.45,OHCAL,38.1305402175169,4.1914279252327
1.5707963267949,-0.45,OTHER,3.66508869643103e-25,6.60171525242595e-25
1.5707963267949,-0.45,PIPE,0.00246694217338144,0.00220798066438112
1.5707963267949,-0.45,TPC,0.0457075072736689,0.0167444960585957
1.5707963267949,-0.445,EMCAL,20.1873667191905,0.898866868932561
1.5707963267949,-0.445,IHCAL,1.30363582540893,0.346488254443293
1.5707963267949,-0.445,INTT,0.0459424617456827,0.0197854203593537
1.5707963267949,-0.445,MAGNET,1.49298783701714,0.341491048906823
1.5707963267949,-0.445,MVTX,0.0136311971609127,0.0059138160926467
1.5707963267949,-0.445,OHCAL,38.0509729954207,4.18268164567788
1.5707963267949,-0.445,OTHER,3.67399051380037e-25,6.61774958839133e-25
1.5707963267949,-0.445,PIPE,0.00246179436098006,0.00220337323159703
1.5707963267949,-0.445,TPC,0.0456121285998867,0.0167095550188757
1.5707963267949,-0.44,EMCAL,18.0999217511477,0.794229001095871
1.5707963267949,-0.44,IHCAL,1.28462908706268,0.335969533038004
1.5707963267949,-0.44,INTT,0.0458475408823459,0.0197445420713684
1.5707963267949,-0.44,MAGNET,1.48990320269289,0.340785500619849
1.5707963267949,-0.44,MVTX,0.0136030339986949,0.00590159766751666
1.5707963267949,-0.44,OHCAL,37.9723570467727,4.17403993308217
1.5707963267949,-0.44,OTHER,3.68278590494558e-25,6.63359222486856e-25
1.5707963267949,-0.44,PIPE,0.00245670809356592,0.00219882088325847
1.5707963267949,-0.44,TPC,0.0455178902317014,0.0166750317189023
1.5707963267949,-0.435,EMCAL,18.0808359920722,0.762371134101954
1.5707963267949,-0.435,IHCAL,1.28200157875005,0.335282359163622
1.5707963267949,-0.435,INTT,0.045753766209919,0.0197041573979633
1.5707963267949,-0.435,MAGNET,1.48685581602631,0.340088471988139
1.5707963267949,-0.435,MVTX,0.0147972340347702,0.00654056551077895
1.5707963267949,-0.435,OHCAL,37.8946904062105,4.16550257140653
1.5707963267949,-0.435,OTHER,3.69147508975189e-25,6.64924355792438e-25
1.5707963267949,-0.435,PIPE,0.00245168324398209,0.00219432350555654
1.5707963267949,-0.435,TPC,0.0454247898131486,0.0166409252955909
1.5707963267949,-0.43,EMCAL,18.2877266730816,0.824108802395224
1.5707963267949,-0.43,IHCAL,1.27940612042688,0.334603567338969
1.5707963267949,-0.43,INTT,0.0456611353840304,0.0196642653295194
1.5707963267949,-0.43,MAGNET,1.48384560083257,0.339399945585943
1.5707963267949,-0.43,MVTX,0.015816270314801,0.0070861804474865
1.5707963267949,-0.43,OHCAL,37.8161252568077,4.15596014186598
1.5707963267949,-0.43,OTHER,3.70005828544937e-25,6.66470397884292e-25
1.5707963267949,-0.43,PIPE,0.00244671968660705,0.00218988098605654
1.5707963267949,-0.43,TPC,0.0453328250167009,0.016607234896278
1.5707963267949,-0.425,EMCAL,18.2715646237448,0.823892018983531
1.5707963267949,-0.425,IHCAL,1.27684264720823,0.333933140594595
1.5707963267949,-0.425,INTT,0.0455696460889045,0.0196248648687329
1.5707963267949,-0.425,MAGNET,1.48087248185614,0.338719904200063
1.5707963267949,-0.425,MVTX,0.0145781865698638,0.00642927027441936
1.5707963267949,-0.425,OHCAL,37.7403551297129,4.14763306681105
1.5707963267949,-0.425,OTHER,3.70853570661836e-25,6.67997387413552e-25
1.5707963267949,-0.425,PIPE,0.00244181729735161,0.00218549321369525
1.5707963267949,-0.425,TPC,0.0452419935432337,0.0165739596787018
1.5707963267949,-0.42,EMCAL,18.3161674072354,0.82408761487536
1.5707963267949,-0.42,IHCAL,1.24495863116031,0.326557274275126
1.5707963267949,-0.42,INTT,0.0454792960373043,0.0195859550305903
1.5707963267949,-0.42,MAGNET,1.47793638476888,0.338048330829429
1.5707963267949,-0.42,MVTX,0.013493775202028,0.00585419637015702
1.5707963267949,-0.42,OHCAL,37.6655285107624,4.13940968251561
1.5707963267949,-0.42,OTHER,3.71690756519484e-25,6.69505362555034e-25
1.5707963267949,-0.42,PIPE,0.00243697595365577,0.0021811600787781
1.5707963267949,-0.42,TPC,0.0451522931219735,0.0165410988109821
1.5707963267949,-0.415,EMCAL,18.2904241222129,0.802127042036631
1.5707963267949,-0.415,IHCAL,1.27181140054129,0.332617315514092
1.5707963267949,-0.415,INTT,0.0453900829704737,0.0195475348423435
1.5707963267949,-0.415,MAGNET,1.47503723616822,0.337385208684673
1.5707963267949,-0.415,MVTX,0.0134673055515763,0.00584271266531732
1.5707963267949,-0.415,OHCAL,37.5916435293263,4.13128978339875
1.5707963267949,-0.415,OTHER,3.7251740704757e-25,6.70994361008198e-25
1.5707963267949,-0.415,PIPE,0.00243219553448569,0.00217688147297653
1.5707963267949,-0.415,TPC,0.0450637215103809,0.0165086514715929
1.5707963267949,-0.41,EMCAL,18.9131727349964,0.81321768526508
1.5707963267949,-0.41,IHCAL,1.26934350131484,0.331971884283014
1.5707963267949,-0.41,INTT,0.0453020046580815,0.0195096033434859
1.5707963267949,-0.41,MAGNET,1.47217496357529,0.336730521187707
1.5707963267949,-0.41,MVTX,0.0134411725844648,0.00583137502859855
1.5707963267949,-0.41,OHCAL,37.5199825278738,4.12404484911405
1.5707963267949,-0.41,OTHER,3.73333542912401e-25,6.72464419998081e-25
1.5707963267949,-0.41,PIPE,0.00242747592033067,0.00217265728932518
1.5707963267949,-0.41,TPC,0.0449762764941853,0.0164766168493516
1.5707963267949,-0.405,EMCAL,20.1804002386771,0.89526401087179
1.5707963267949,-0.405,IHCAL,1.26690733563347,0.3313347523415
1.5707963267949,-0.405,INTT,0.0452150588981652,0.0194721595857279
1.5707963267949,-0.405,MAGNET,1.46934949543312,0.336084251971308
1.5707963267949,-0.405,MVTX,0.0134153756473681,0.00582018317655922
1.5707963267949,-0.405,OHCAL,37.4485189565535,4.11645800052271
1.5707963267949,-0.405,OTHER,3.74139184517416e-25,6.73915576276235e-25
1.5707963267949,-0.405,PIPE,0.00242281699320008,0.00216848742221921
1.5707963267949,-0.405,TPC,0.0448899558872385,0.0164449941433891
1.5707963267949,-0.4,EMCAL,20.929393312393,0.915442493328671
1.5707963267949,-0.4,IHCAL,1.26450284259451,0.330705903761587
1.5707963267949,-0.4,INTT,0.0451292435170763,0.0194352026329739
1.5707963267949,-0.4,MAGNET,1.46656076110486,0.335446384878713
1.5707963267949,-0.4,MVTX,0.0133899140953612,0.00580913682940244
1.5707963267949,-0.4,OHCAL,37.3774444299235,4.10864526466493
1.5707963267949,-0.4,OTHER,3.74934352003697e-25,6.75347866121641e-25
1.5707963267949,-0.4,PIPE,0.00241821863662052,0.00216437176741176
1.5707963267949,-0.4,TPC,0.0448047575315269,0.0164137825631366
1.5707963267949,-0.395,EMCAL,20.442499565854,0.898747313059261
1.5707963267949,-0.395,IHCAL,1.26505552056041,0.331843320847033
1.5707963267949,-0.395,INTT,0.0450445563694259,0.0193987315612978
1.5707963267949,-0.395,MAGNET,1.46380869087202,0.334816903963211
1.5707963267949,-0.395,MVTX,0.0133647872919042,0.00579823571096895
1.5707963267949,-0.395,OHCAL,37.3073043388444,4.1009352448898
1.5707963267949,-0.395,OTHER,3.75719065250472e-25,6.76761325341622e-25
1.5707963267949,-0.395,PIPE,0.0024136807356328,0.00216031022201119
1.5707963267949,-0.395,TPC,0.0447206792970872,0.0163829813283031
1.5707963267949,-0.39,EMCAL,18.838444657186,0.807572910603374
1.5707963267949,-0.39,IHCAL,1.27578652659959,0.339086290908436
1.5707963267949,-0.39,INTT,0.0449609953380307,0.0193627454589212
1.5707963267949,-0.39,MAGNET,1.46109321593269,0.334195793487746
1.5707963267949,-0.39,MVTX,0.0133399946088254,0.00578747954873023
1.5707963267949,-0.39,OHCAL,37.2380767250364,4.0933256287378
1.5707963267949,-0.39,OTHER,3.76493343875614e-25,6.78155989272731e-25
1.5707963267949,-0.39,PIPE,0.00240920317678919,0.0021563026844787
1.5707963267949,-0.39,TPC,0.0446377190819591,0.0163525896688561
1.5707963267949,-0.385,EMCAL,18.5679611199454,0.77329898271033
1.5707963267949,-0.385,IHCAL,1.2734473614852,0.338464572716615
1.5707963267949,-0.385,INTT,0.0448785583338607,0.0193272434261895
1.5707963267949,-0.385,MAGNET,1.45841426839985,0.333583037924525
1.5707963267949,-0.385,MVTX,0.0133155354263067,0.00577686807378166
1.5707963267949,-0.385,OHCAL,37.1697857951487,4.08581894708789
1.5707963267949,-0.385,OTHER,3.77257207236128e-25,6.79531892781639e-25
1.5707963267949,-0.385,PIPE,0.00240478584815049,0.00215234905462563
1.5707963267949,-0.385,TPC,0.044555874812133,0.0163226068250026
1.5707963267949,-0.38,EMCAL,18.7039437988621,0.836348035095525
1.5707963267949,-0.38,IHCAL,1.27114003252054,0.337851316133722
1.5707963267949,-0.38,INTT,0.0447972432959865,0.0192922245755501
1.5707963267949,-0.38,MAGNET,1.45577178129969,0.332978621954626
1.5707963267949,-0.38,MVTX,0.0132914091328672,0.00576640102083578
1.5707963267949,-0.38,OHCAL,37.3434091742802,4.10369646163329
1.5707963267949,-0.38,OTHER,3.78010674428639e-25,6.80889070266004e-25
1.5707963267949,-0.38,PIPE,0.00240042863928324,0.00214844923361103
1.5707963267949,-0.38,TPC,0.0444751444415034,0.0162930320471703
1.5707963267949,-0.375,EMCAL,18.7036279394647,0.835980136171744
1.5707963267949,-0.375,IHCAL,1.26886448202383,0.337246505828669
1.5707963267949,-0.375,INTT,0.0447170481915278,0.0192576880315299
1.5707963267949,-0.375,MAGNET,1.45316568856988,0.332382530467618
1.5707963267949,-0.375,MVTX,0.0132676151253483,0.00575607812821581
1.5707963267949,-0.375,OHCAL,38.729737149487,4.24880501212809
1.5707963267949,-0.375,OTHER,3.78753764289865e-25,6.82227555655336e-25
1.5707963267949,-0.375,PIPE,0.00239613144125699,0.00214460312393916
1.5707963267949,-0.375,TPC,0.0443955259517839,0.016263864595986
1.5707963267949,-0.37,EMCAL,18.6347184666665,0.833823336600218
1.5707963267949,-0.37,IHCAL,1.23044583008592,0.314912305340937
1.5707963267949,-0.37,INTT,0.044637971015603,0.0192236329307135
1.5707963267949,-0.37,MAGNET,1.45059592505796,0.331794748561184
1.5707963267949,-0.37,MVTX,0.0132441528088984,0.00574589913784879
1.5707963267949,-0.37,OHCAL,39.114790085641,4.28887316066669
1.5707963267949,-0.37,OTHER,3.79486495397091e-25,6.83547382411839e-25
1.5707963267949,-0.37,PIPE,0.00239189414664157,0.0021408106294571
1.5707963267949,-0.37,TPC,0.0443170173525372,0.016235103742265
1.5707963267949,-0.365,EMCAL,18.5134738152135,0.801842034201788
1.5707963267949,-0.365,IHCAL,1.26263538028571,0.334996684204613
1.5707963267949,-0.365,INTT,0.0445600097912785,0.0191900584217216
1.5707963267949,-0.365,MAGNET,1.44806242651973,0.331215261540745
1.5707963267949,-0.365,MVTX,0.0132210215969586,0.00573586379525951
1.5707963267949,-0.365,OHCAL,39.0464486859638,4.28137976296711
1.5707963267949,-0.365,OTHER,3.80208886068634e-25,6.84848583531249e-25
1.5707963267949,-0.365,PIPE,0.00238771664950441,0.00213707165535228
1.5707963267949,-0.365,TPC,0.0442396166810385,0.0162067487669837
1.5707963267949,-0.36,EMCAL,19.7194117147866,0.870392606392722
1.5707963267949,-0.36,IHCAL,1.26045788490538,0.334418960359061
1.5707963267949,-0.36,INTT,0.0444831625695195,0.0191569636651897
1.5707963267949,-0.36,MAGNET,1.44556512961758,0.330644054919095
1.5707963267949,-0.36,MVTX,0.0131982209112474,0.00572597184956385
1.5707963267949,-0.36,OHCAL,38.9791016343491,4.2739953077764
1.5707963267949,-0.36,OTHER,3.80920954364298e-25,6.86131191543664e-25
1.5707963267949,-0.36,PIPE,0.00238359884540783,0.00213338610815013
1.5707963267949,-0.36,TPC,0.0441633220022549,0.016178798961265
1.5707963267949,-0.355,EMCAL,20.0251395091305,0.887174461109679
1.5707963267949,-0.355,IHCAL,1.24919708593941,0.328372411372521
1.5707963267949,-0.355,INTT,0.0444074274291417,0.0191243478337472
1.5707963267949,-0.355,MAGNET,1.44310397191896,0.330081114416039
1.5707963267949,-0.355,MVTX,0.0131757501817463,0.00571622305346266
1.5707963267949,-0.355,OHCAL,38.9127371843723,4.26671855478738
1.5707963267949,-0.355,OTHER,3.81622718085827e-25,6.8739523851435e-25
1.5707963267949,-0.355,PIPE,0.00237954063140655,0.00212975389571182
1.5707963267949,-0.355,TPC,0.0440881314088272,0.0161512536263636
1.5707963267949,-0.35,EMCAL,19.7007778639917,0.877191393420783
1.5707963267949,-0.35,IHCAL,1.24042300472093,0.323809599467215
1.5707963267949,-0.35,INTT,0.0443328024767624,0.0190922101119966
1.5707963267949,-0.35,MAGNET,1.4406788918948,0.329526425958035
1.5707963267949,-0.35,MVTX,0.0185026166429716,0.00613692499051685
1.5707963267949,-0.35,OHCAL,38.8473489998099,4.25954883139942
1.5707963267949,-0.35,OTHER,3.82314194777351e-25,6.88640756044547e-25
1.5707963267949,-0.35,PIPE,0.00237554190604497,0.00212617492723181
1.5707963267949,-0.35,TPC,0.0440140430209697,0.016124112073643
1.5707963267949,-0.345,EMCAL,19.5210839046598,0.861986609394785
1.5707963267949,-0.345,IHCAL,1.23836604191737,0.323272633435105
1.5707963267949,-0.345,INTT,0.0442592858467541,0.0190605496964932
1.5707963267949,-0.345,MAGNET,1.43828982891797,0.328979975677843
1.5707963267949,-0.345,MVTX,0.0231917675706136,0.00650644129112391
1.5707963267949,-0.345,OHCAL,38.7829428831206,4.25248673861168
1.5707963267949,-0.345,OTHER,3.82995401725824e-25,6.89867775272258e-25
1.5707963267949,-0.345,PIPE,0.00237160256935476,0.00212264911323572
1.5707963267949,-0.345,TPC,0.0439410549864915,0.016097373624565
1.5707963267949,-0.34,EMCAL,18.5793459222308,0.79778645900263
1.5707963267949,-0.34,IHCAL,1.23634003824093,0.322743749215439
1.5707963267949,-0.34,INTT,0.0441868757011971,0.019029365795725
1.5707963267949,-0.34,MAGNET,1.43593672326178,0.328441749914178
1.5707963267949,-0.34,MVTX,0.0147584406450833,0.00582041896435757
1.5707963267949,-0.34,OHCAL,37.345612799909,4.10139403298702
1.5707963267949,-0.34,OTHER,3.83666355961453e-25,6.91076326873028e-25
1.5707963267949,-0.34,PIPE,0.00236772252285232,0.00211917636557802
1.5707963267949,-0.34,TPC,0.0438691654806652,0.016071037610665
1.5707963267949,-0.335,EMCAL,18.3921065996423,0.792806492123234
1.5707963267949,-0.335,IHCAL,1.23434494304288,0.322222933586424
1.5707963267949,-0.335,INTT,0.0441155702298341,0.0189986576300927
1.5707963267949,-0.335,MAGNET,1.43361951609846,0.327911735211366
1.5707963267949,-0.335,MVTX,0.0130891557138962,0.00567865454414823
1.5707963267949,-0.335,OHCAL,36.5378585467395,4.01635551678469
1.5707963267949,-0.335,OTHER,3.84327074258131e-25,6.9226644106071e-25
1.5707963267949,-0.335,PIPE,0.00236390166953627,0.00211575659743983
1.5707963267949,-0.335,TPC,0.0437983727062605,0.0160451033735422
1.5707963267949,-0.33,EMCAL,18.6107291778662,0.835000724871756
1.5707963267949,-0.33,IHCAL,1.23238070644721,0.321710173527979
1.5707963267949,-0.33,INTT,0.0440453676500245,0.0189684244318907
1.5707963267949,-0.33,MAGNET,1.43133814949771,0.327389918319014
1.5707963267949,-0.33,MVTX,0.0130683265033962,0.00566961791157681
1.5707963267949,-0.33,OHCAL,36.4797293269392,4.0099656977644
1.5707963267949,-0.33,OTHER,3.8497757313385e-25,6.93438147588221e-25
1.5707963267949,-0.33,PIPE,0.00236013991388508,0.00211238972332678
1.5707963267949,-0.33,TPC,0.0437286748934605,0.0160195702648401
1.5707963267949,-0.325,EMCAL,18.4749735048856,0.829978390126781
1.5707963267949,-0.325,IHCAL,1.23044727934937,0.321205456221409
1.5707963267949,-0.325,INTT,0.0439762662067002,0.0189386654452875
1.5707963267949,-0.325,MAGNET,1.42909256642524,0.326876286191671
1.5707963267949,-0.325,MVTX,0.0130478240017394,0.00566072301974844
1.5707963267949,-0.325,OHCAL,36.4225071445249,4.00367560797183
1.5707963267949,-0.325,OTHER,3.85617868851113e-25,6.94591475748284e-25
1.5707963267949,-0.325,PIPE,0.00235643716185465,0.00210907565906682
1.5707963267949,-0.325,TPC,0.0436600702998163,0.0159944376462296
1.5707963267949,-0.32,EMCAL,18.8071268225474,0.840036904103407
1.5707963267949,-0.32,IHCAL,1.22854461341504,0.320708769049093
1.5707963267949,-0.32,INTT,0.0439082641723214,0.0189093799263068
1.5707963267949,-0.32,MAGNET,1.42688271074136,0.326370825988508
1.5707963267949,-0.32,MVTX,0.0130276476963622,0.0056519696462904
1.5707963267949,-0.32,OHCAL,36.3642891818487,3.9963451899752
1.5707963267949,-0.32,OTHER,3.86247977417349e-25,6.95726454374164e-25
1.5707963267949,-0.32,PIPE,0.00235279332087601,0.0021058143218082
1.5707963267949,-0.32,TPC,0.0435925572101918,0.015969704889392
1.5707963267949,-0.315,EMCAL,18.5699948419685,0.800288980687525
1.5707963267949,-0.315,IHCAL,1.22667266107892,0.320220099594152
1.5707963267949,-0.315,INTT,0.0438413598468339,0.0188805671428091
1.5707963267949,-0.315,MAGNET,1.42470852719958,0.325873525072993
1.5707963267949,-0.315,MVTX,0.013007797082856,0.00564335757236787
1.5707963267949,-0.315,OHCAL,36.3088792858224,3.99025578256842
1.5707963267949,-0.315,OTHER,3.86867914585304e-25,6.96843111840387e-25
1.5707963267949,-0.315,PIPE,0.00234920829985293,0.00210260563001729
1.5707963267949,-0.315,TPC,0.0435261339367853,0.0159453713760102
1.5707963267949,-0.31,EMCAL,19.6766184798286,0.874758201794416
1.5707963267949,-0.31,IHCAL,1.22483137554354,0.319739435640156
1.5707963267949,-0.31,INTT,0.0437755515576259,0.0188522263744733
1.5707963267949,-0.31,MAGNET,1.42256996144517,0.325384371012578
1.5707963267949,-0.31,MVTX,0.0149357731962115,0.00667242744210766
1.5707963267949,-0.31,OHCAL,36.254377116161,3.98426613202544
1.5707963267949,-0.31,OTHER,3.8747769585344e-25,6.97941476063444e-25
1.5707963267949,-0.31,PIPE,0.0023456820091597,0.00209944950347665
1.5707963267949,-0.31,TPC,0.0434607988189772,0.0159214364977416
1.5707963267949,-0.305,EMCAL,19.6360172797621,0.873045404302062
1.5707963267949,-0.305,IHCAL,1.22396620886597,0.319834924647342
1.5707963267949,-0.305,INTT,0.0437108376594869,0.0188243569127788
1.5707963267949,-0.305,MAGNET,1.42046696001389,0.324903351578384
1.5707963267949,-0.305,MVTX,0.0151374644229433,0.0067817785726953
1.5707963267949,-0.305,OHCAL,36.2007813102627,3.97837608859998
1.5707963267949,-0.305,OTHER,3.8807733646632e-25,6.99021574502502e-25
1.5707963267949,-0.305,PIPE,0.00234221436063886,0.00209634586328293
1.5707963267949,-0.305,TPC,0.0433965502234029,0.0158978996562146
1.5707963267949,-0.3,EMCAL,19.6876503815676,0.874612474238951
1.5707963267949,-0.3,IHCAL,1.23677104833793,0.328134468773213
1.5707963267949,-0.3,INTT,0.043647216534566,0.0187969580609875
1.5707963267949,-0.3,MAGNET,1.4183994703306,0.324430454744903
1.5707963267949,-0.3,MVTX,0.015115427372508,0.00677190531207384
1.5707963267949,-0.3,OHCAL,36.148090528185,3.97258550503597
1.5707963267949,-0.3,OTHER,3.8866685141499e-25,7.00083434160075e-25
1.5707963267949,-0.3,PIPE,0.00233880526759903,0.00209329463184499
1.5707963267949,-0.3,TPC,0.0433333865438503,0.0158747602630076
1.5707963267949,-0.295,EMCAL,19.733212019682,0.866418191222596
1.5707963267949,-0.295,IHCAL,1.23499922920362,0.327664377571531
1.5707963267949,-0.295,INTT,0.0435846865923317,0.0187700291341268
1.5707963267949,-0.295,MAGNET,1.41636744070794,0.323965668689687
1.5707963267949,-0.295,MVTX,0.0138715550363586,0.00611106137099773
1.5707963267949,-0.295,OHCAL,36.0981854986604,3.9680251772944
1.5707963267949,-0.295,OTHER,3.89246255437356e-25,7.01127081582713e-25
1.5707963267949,-0.295,PIPE,0.00233545464481271,0.00209029573288187
1.5707963267949,-0.295,TPC,0.0432713062012182,0.0158520177396341
1.5707963267949,-0.29,EMCAL,18.7042354742004,0.799790559655248
1.5707963267949,-0.29,IHCAL,1.32876969999395,0.349048800143877
1.5707963267949,-0.29,INTT,0.0435232462695323,0.018743569458972
1.5707963267949,-0.29,MAGNET,1.41437082034507,0.323508981793062
1.5707963267949,-0.29,MVTX,0.0129134123083577,0.00560240928354633
1.5707963267949,-0.29,OHCAL,36.0472981817901,3.96243148736665
1.5707963267949,-0.29,OTHER,3.89815563018546e-25,7.02152542861652e-25
1.5707963267949,-0.29,PIPE,0.00233216240851417,0.00208734909142096
1.5707963267949,-0.29,TPC,0.0432103076435007,0.0158296715175302
1.5707963267949,-0.285,EMCAL,19.0474626288776,0.824839261049073
1.5707963267949,-0.285,IHCAL,1.30890877574329,0.344443446209436
1.5707963267949,-0.285,INTT,0.0434628940301564,0.01871757837403
1.5707963267949,-0.285,MAGNET,1.41240955932637,0.323060382637831
1.5707963267949,-0.285,MVTX,0.0128955057086072,0.00559464060875429
1.5707963267949,-0.285,OHCAL,35.9973120515219,3.9569368586706
1.5707963267949,-0.285,OTHER,3.90374788391282e-25,7.03159843633481e-25
1.5707963267949,-0.285,PIPE,0.00232892847639728,0.00208445463379602
1.5707963267949,-0.285,TPC,0.043150389345719,0.0158077210380382
1.5707963267949,-0.28,EMCAL,19.0681918010871,0.848815858211519
1.5707963267949,-0.28,IHCAL,1.34500084061131,0.35263734368512
1.5707963267949,-0.28,INTT,0.043403628365395,0.0186920552295221
1.5707963267949,-0.28,MAGNET,1.41048360862021,0.322619860008993
1.5707963267949,-0.28,MVTX,0.012877921497171,0.00558701180026883
1.5707963267949,-0.28,OHCAL,35.9482258581563,3.9515411538357
1.5707963267949,-0.28,OTHER,3.90923945536227e-25,7.04149009080769e-25
1.5707963267949,-0.28,PIPE,0.0023257527676136,0.00208161228764551
1.5707963267949,-0.28,TPC,0.0430915498099183,0.0157861657523954
1.5707963267949,-0.275,EMCAL,18.7849118502153,0.841531484256472
1.5707963267949,-0.275,IHCAL,1.34319089283184,0.352163040193341
1.5707963267949,-0.275,INTT,0.0433454477936033,0.0186669993873686
1.5707963267949,-0.275,MAGNET,1.40859292007774,0.322187402893457
1.5707963267949,-0.275,MVTX,0.012860659234443,0.00557952266736941
1.5707963267949,-0.275,OHCAL,35.9000388043974,3.94624428306635
1.5707963267949,-0.275,OTHER,3.91463048182337e-25,7.05120063932707e-25
1.5707963267949,-0.275,PIPE,0.00232263520277025,0.0020788219819106
1.5707963267949,-0.275,TPC,0.0430337875651072,0.0157650051217186
1.5707963267949,-0.27,EMCAL,18.7431431669258,0.835951707030836
1.5707963267949,-0.27,IHCAL,1.34142164233577,0.351699168767934
1.5707963267949,-0.27,INTT,0.0432883508602641,0.0186424102211719
1.5707963267949,-0.27,MAGNET,1.40673744643163,0.321763000479775
1.5707963267949,-0.27,MVTX,0.0128437184888656,0.00557217302282725
1.5707963267949,-0.27,OHCAL,35.8527493416232,3.94104607785699
1.5707963267949,-0.27,OTHER,3.91992109807207e-25,7.06073032465713e-25
1.5707963267949,-0.27,PIPE,0.00231957570392794,0.00207608364683351
1.5707963267949,-0.27,TPC,0.0429771011672267,0.015744238616991
1.5707963267949,-0.265,EMCAL,18.2547315380971,0.790784956103561
1.5707963267949,-0.265,IHCAL,1.33777161524291,0.350806229284513
1.5707963267949,-0.265,INTT,0.0432323361379509,0.0186182871162018
1.5707963267949,-0.265,MAGNET,1.40491714129495,0.321346642157863
1.5707963267949,-0.265,MVTX,0.0128270988369194,0.00556496268290088
1.5707963267949,-0.265,OHCAL,35.8063562061292,3.93594639970559
1.5707963267949,-0.265,OTHER,3.92511143637405e-25,7.07007938504052e-25
1.5707963267949,-0.265,PIPE,0.00231657419459904,0.00207339721395572
1.5707963267949,-0.265,TPC,0.0429214891991137,0.0157238657190488
1.5707963267949,-0.26,EMCAL,19.1824595118969,0.857807529754025
1.5707963267949,-0.26,IHCAL,1.39333077024682,0.363457324126956
1.5707963267949,-0.26,INTT,0.0431774022262929,0.0185946294693792
1.5707963267949,-0.26,MAGNET,1.40313195915998,0.320938317518741
1.5707963267949,-0.26,MVTX,0.0128107998631122,0.00555789146733143
1.5707963267949,-0.26,OHCAL,35.7608582314522,3.9309451204241
1.5707963267949,-0.26,OTHER,3.93020162648803e-25,7.07924805420424e-25
1.5707963267949,-0.26,PIPE,0.00231363059974566,0.00207076261611627
1.5707963267949,-0.26,TPC,0.0428669502704661,0.0157038859185685
1.5707963267949,-0.255,EMCAL,19.149754832851,0.858013660578899
1.5707963267949,-0.255,IHCAL,1.35039193487003,0.349879506182069
1.5707963267949,-0.255,INTT,0.0431235477519394,0.0185714366892619
1.5707963267949,-0.255,MAGNET,1.40138185539706,0.320538016354274
1.5707963267949,-0.255,MVTX,0.0132030734141791,0.00576845756218856
1.5707963267949,-0.255,OHCAL,35.7162542801396,3.92604211498018
1.5707963267949,-0.255,OTHER,3.93519179566905e-25,7.08823656136549e-25
1.5707963267949,-0.255,PIPE,0.00231074484577777,0.00206817978745008
1.5707963267949,-0.255,TPC,0.0428134830178022,0.0156842987160534
1.5707963267949,-0.25,EMCAL,19.5218455895368,0.868321122365681
1.5707963267949,-0.25,IHCAL,1.20511684533837,0.314592838286973
1.5707963267949,-0.25,INTT,0.0430707713685257,0.0185487081960291
1.5707963267949,-0.25,MAGNET,1.39966678625352,0.32014572865691
1.5707963267949,-0.25,MVTX,0.0149138724436793,0.00668144284377482
1.5707963267949,-0.25,OHCAL,35.6725432370891,3.92123726079833
1.5707963267949,-0.25,OTHER,3.94008206867157e-25,7.09704513123741e-25
1.5707963267949,-0.25,PIPE,0.00230791686055138,0.00206564866338629
1.5707963267949,-0.25,TPC,0.0427610861044494,0.0156651036218238
1.5707963267949,-0.245,EMCAL,19.4050935808227,0.855820805920912
1.5707963267949,-0.245,IHCAL,1.20366684446276,0.314214430552188
1.5707963267949,-0.245,INTT,0.0430190717566395,0.0185264434214672
1.5707963267949,-0.245,MAGNET,1.39798670885253,0.319761444619436
1.5707963267949,-0.245,MVTX,0.0148959663768566,0.00667342052486634
1.5707963267949,-0.245,OHCAL,35.6297240095216,3.91653043775686
1.5707963267949,-0.245,OTHER,3.9448725677527e-25,7.10567398403472e-25
1.5707963267949,-0.245,PIPE,0.00230514657336671,0.00206316918064667
1.5707963267949,-0.245,TPC,0.0427097582204821,0.0156463001560013
1.5707963267949,-0.24,EMCAL,19.1363838281338,0.815260423734726
1.5707963267949,-0.24,IHCAL,1.202245537387,0.313843558445153
1.5707963267949,-0.24,INTT,0.0429684476237878,0.0185046418089558
1.5707963267949,-0.24,MAGNET,1.39634158119208,0.319385154634732
1.5707963267949,-0.24,MVTX,0.0130670683691018,0.00570055192896648
1.5707963267949,-0.24,OHCAL,35.5877955269532,3.91192152818484
1.5707963267949,-0.24,OTHER,3.94956341267514e-25,7.11412333547918e-25
1.5707963267949,-0.24,PIPE,0.00230243391496643,0.00206074127724402
1.5707963267949,-0.24,TPC,0.0426594980826891,0.015627887848497
1.5707963267949,-0.235,EMCAL,18.6979546501274,0.815237992966494
1.5707963267949,-0.235,IHCAL,1.20086178217982,0.313482246927164
1.5707963267949,-0.235,INTT,0.0429188977043646,0.0184833028134534
1.5707963267949,-0.235,MAGNET,1.39473136214388,0.319016849295529
1.5707963267949,-0.235,MVTX,0.0127341011845587,0.00552461618900037
1.5707963267949,-0.235,OHCAL,35.5467567411686,3.90741041685919
1.5707963267949,-0.235,OTHER,3.95415472071028e-25,7.12239339680502e-25
1.5707963267949,-0.235,PIPE,0.00229977881753395,0.00205836489248064
1.5707963267949,-0.235,TPC,0.0426103044345699,0.0156098662390028
1.5707963267949,-0.23,EMCAL,18.7746004668086,0.843533750586828
1.5707963267949,-0.23,IHCAL,1.19950524871811,0.313128132069436
1.5707963267949,-0.23,INTT,0.0428704207596193,0.018462425901484
1.5707963267949,-0.23,MAGNET,1.39315601145237,0.318656519394174
1.5707963267949,-0.23,MVTX,0.0127197180024985,0.00551837612860605
1.5707963267949,-0.23,OHCAL,35.5048735669983,3.90195557799567
1.5707963267949,-0.23,OTHER,3.95864660664104e-25,7.13048437476421e-25
1.5707963267949,-0.23,PIPE,0.00229718121469167,0.00205603996694676
1.5707963267949,-0.23,TPC,0.0425621760462752,0.0155922348769769
1.5707963267949,-0.225,EMCAL,19.1091626783871,0.853258780735199
1.5707963267949,-0.225,IHCAL,1.19817870348216,0.312781845553019
1.5707963267949,-0.225,INTT,0.042823015577626,0.0184420105511238
1.5707963267949,-0.225,MAGNET,1.39161548973372,0.3183041559224
1.5707963267949,-0.225,MVTX,0.0127056528140509,0.00551227402790237
1.5707963267949,-0.225,OHCAL,35.4656130354593,3.89764087884247
1.5707963267949,-0.225,OTHER,3.96303918276481e-25,7.13839647163161e-25
1.5707963267949,-0.225,PIPE,0.00229464104149944,0.00205376644251918
1.5707963267949,-0.225,TPC,0.0425151117146099,0.0155749933216364
1.5707963267949,-0.22,EMCAL,19.0342291673619,0.848194611068889
1.5707963267949,-0.22,IHCAL,1.19688211329582,0.312443378717881
1.5707963267949,-0.22,INTT,0.0427766809732524,0.0184220562519878
1.5707963267949,-0.22,MAGNET,1.39010975847479,0.317959750071103
1.5707963267949,-0.22,MVTX,0.0126919052675854,0.00550630973433648
1.5707963267949,-0.22,OHCAL,35.4272391461325,3.89342362091837
1.5707963267949,-0.22,OTHER,3.96733255889623e-25,7.14612988521005e-25
1.5707963267949,-0.22,PIPE,0.00229215823445272,0.00205154426235959
1.5707963267949,-0.22,TPC,0.0424691102629403,0.0155581411419388
1.5707963267949,-0.215,EMCAL,19.4081156819567,0.825202913395806
1.5707963267949,-0.215,IHCAL,1.19561544573182,0.312112723099493
1.5707963267949,-0.215,INTT,0.0427314157881311,0.0184025625052177
1.5707963267949,-0.215,MAGNET,1.38863878003222,0.317623293230118
1.5707963267949,-0.215,MVTX,0.0126784750194126,0.00550048309880073
1.5707963267949,-0.215,OHCAL,35.389750939668,3.8893036987916
1.5707963267949,-0.215,OTHER,3.97152684236992e-25,7.15368480883529e-25
1.5707963267949,-0.215,PIPE,0.00228973273148126,0.00204937337091342
1.5707963267949,-0.215,TPC,0.0424241705412506,0.0155416779165813
1.5707963267949,-0.21,EMCAL,19.8862373277588,0.863279820195022
1.5707963267949,-0.21,IHCAL,1.19437866911108,0.311789870428622
1.5707963267949,-0.21,INTT,0.0426872188906301,0.0183835288234686
1.5707963267949,-0.21,MAGNET,1.38720251763148,0.317294776988006
1.5707963267949,-0.21,MVTX,0.0126653617337756,0.00549479397562894
1.5707963267949,-0.21,OHCAL,35.3531474788576,3.88528100946379
1.5707963267949,-0.21,OTHER,3.97562213804318e-25,7.16106143138079e-25
1.5707963267949,-0.21,PIPE,0.00228736447194734,0.00204725371390826
1.5707963267949,-0.21,TPC,0.0423802914260284,0.0155256032339806
1.5707963267949,-0.205,EMCAL,20.0567201960407,0.882124506979407
1.5707963267949,-0.205,IHCAL,1.19317175250179,0.311474812631115
1.5707963267949,-0.205,INTT,0.0426440891758246,0.0183649547308976
1.5707963267949,-0.205,MAGNET,1.38580093536592,0.316974193131845
1.5707963267949,-0.205,MVTX,0.0126525650828416,0.00548924222259272
1.5707963267949,-0.205,OHCAL,35.3191517582358,3.88239136730164
1.5707963267949,-0.205,OTHER,3.97961854829863e-25,7.16825993726252e-25
1.5707963267949,-0.205,PIPE,0.00228505339664436,0.00204518523835258
1.5707963267949,-0.205,TPC,0.0423374718202991,0.0155099166922694
1.5707963267949,-0.2,EMCAL,19.6397945618151,0.869998116641245
1.5707963267949,-0.2,IHCAL,1.20715319570034,0.320276457615014
1.5707963267949,-0.2,INTT,0.0426020255654697,0.0183468397631513
1.5707963267949,-0.2,MAGNET,1.38443399819593,0.316661533647021
1.5707963267949,-0.2,MVTX,0.0138192353234967,0.00611202587338551
1.5707963267949,-0.2,OHCAL,35.2843133651179,3.87856182248357
1.5707963267949,-0.2,OTHER,3.98351617304672e-25,7.17528050644349e-25
1.5707963267949,-0.2,PIPE,0.00228279944779531,0.00204316789253438
1.5707963267949,-0.2,TPC,0.0422957106535704,0.0154946178992833
1.5707963267949,-0.195,EMCAL,19.6403694632912,0.863875500113064
1.5707963267949,-0.195,IHCAL,1.20599132131543,0.3199682000495
1.5707963267949,-0.195,INTT,0.0425610270079726,0.0183291834673547
1.5707963267949,-0.195,MAGNET,1.383101671948,0.316356790717032
1.5707963267949,-0.195,MVTX,0.0147429742939394,0.00660535545906082
1.5707963267949,-0.195,OHCAL,35.2503570646862,3.87482924013109
1.5707963267949,-0.195,OTHER,3.98731510972828e-25,7.18212331443831e-25
1.5707963267949,-0.195,PIPE,0.00228060256905134,0.0020412016260199
1.5707963267949,-0.195,TPC,0.0422550068818053,0.0154797064725511
1.5707963267949,-0.19,EMCAL,19.7798940794377,0.839536722240624
1.5707963267949,-0.19,IHCAL,1.20485959722224,0.319667941807635
1.5707963267949,-0.19,INTT,0.0425210924783676,0.0183119854020995
1.5707963267949,-0.19,MAGNET,1.38180392331391,0.316059956723287
1.5707963267949,-0.19,MVTX,0.0142681304765155,0.00635355207462002
1.5707963267949,-0.19,OHCAL,35.2172820031889,3.87119352642139
1.5707963267949,-0.19,OTHER,3.99101545331691e-25,7.18878853231752e-25
1.5707963267949,-0.19,PIPE,0.00227846270549039,0.0020392863896524
1.5707963267949,-0.19,TPC,0.0422153594874244,0.0154651820392881
1.5707963267949,-0.185,EMCAL,20.0248694097038,0.839609696958265
1.5707963267949,-0.185,IHCAL,1.20375799511548,0.319375675380177
1.5707963267949,-0.185,INTT,0.0424822209782891,0.018295245137433
1.5707963267949,-0.185,MAGNET,1.38054071984987,0.315771024244922
1.5707963267949,-0.185,MVTX,0.0126045385463686,0.00546840618736299
1.5707963267949,-0.185,OHCAL,35.1850873757167,3.86765459276626
1.5707963267949,-0.185,OTHER,3.99461729632141e-25,7.19527632671191e-25
1.5707963267949,-0.185,PIPE,0.00227637980361576,0.00203742213555086
1.5707963267949,-0.185,TPC,0.0421767674792237,0.015451044236381
1.5707963267949,-0.18,EMCAL,20.0152913019908,0.882349666037292
1.5707963267949,-0.18,IHCAL,1.20268648744296,0.319091393457682
1.5707963267949,-0.18,INTT,0.0424444115359477,0.0182789622548479
1.5707963267949,-0.18,MAGNET,1.37931202997573,0.315489986058609
1.5707963267949,-0.18,MVTX,0.0125933204282374,0.00546353927165851
1.5707963267949,-0.18,OHCAL,35.1537723773984,3.86421235069176
1.5707963267949,-0.18,OTHER,3.99812072878804e-25,7.20158685981669e-25
1.5707963267949,-0.18,PIPE,0.00227435381135475,0.0020356088171088
1.5707963267949,-0.18,TPC,0.042139229892412,0.0154372927103851
1.5707963267949,-0.175,EMCAL,19.7876642344058,0.875157672972927
1.5707963267949,-0.175,IHCAL,1.20164504740488,0.318815088930337
1.5707963267949,-0.175,INTT,0.0424076632061054,0.0182631363472712
1.5707963267949,-0.175,MAGNET,1.37811782297417,0.31521683513838
1.5707963267949,-0.175,MVTX,0.0146857638968698,0.00657937709979485
1.5707963267949,-0.175,OHCAL,35.1233362253536,3.86086671414124
1.5707963267949,-0.175,OTHER,4.00152583830279e-25,7.20772028939551e-25
1.5707963267949,-0.175,PIPE,0.00227238467805749,0.00203384638899319
1.5707963267949,-0.175,TPC,0.0421027457885317,0.0154239271175099
1.5707963267949,-0.17,EMCAL,19.4143661207152,0.864312737085079
1.5707963267949,-0.17,IHCAL,1.18555697487597,0.309487027151073
1.5707963267949,-0.17,INTT,0.0423719750700519,0.0182477670190543
1.5707963267949,-0.17,MAGNET,1.37695806898997,0.314951564655446
1.5707963267949,-0.17,MVTX,0.0146734093140816,0.00657384247322507
1.5707963267949,-0.17,OHCAL,35.0937781586729,3.85761759947322
1.5707963267949,-0.17,OTHER,4.00483270999358e-25,7.21367676878444e-25
1.5707963267949,-0.17,PIPE,0.00227047235449554,0.00203213480714325
1.5707963267949,-0.17,TPC,0.0420673142554997,0.015410947123617
1.5707963267949,-0.165,EMCAL,19.2220272541428,0.827453362958395
1.5707963267949,-0.165,IHCAL,1.18458791424582,0.30923406101691
1.5707963267949,-0.165,INTT,0.042337346235582,0.0182328538859633
1.5707963267949,-0.165,MAGNET,1.37583273902921,0.314694167978033
1.5707963267949,-0.165,MVTX,0.0146614215568308,0.00656847218748708
1.5707963267949,-0.165,OHCAL,35.0650974383993,3.85446492545924
1.5707963267949,-0.165,OTHER,4.00804142653236e-25,7.21945644689576e-25
1.5707963267949,-0.165,PIPE,0.0022686167928607,0.00203047402876931
1.5707963267949,-0.165,TPC,0.0420329344074986,0.0153983524042032
1.5707963267949,-0.16,EMCAL,19.1760001912291,0.793636286841045
1.5707963267949,-0.16,IHCAL,1.18364846874895,0.308988825835864
1.5707963267949,-0.16,INTT,0.0423037758369731,0.0182183965751691
1.5707963267949,-0.16,MAGNET,1.37474180495858,0.314444638671209
1.5707963267949,-0.16,MVTX,0.0125515936058656,0.00544543633097588
1.5707963267949,-0.16,OHCAL,35.0372933475092,3.85140861328189
1.5707963267949,-0.16,OTHER,4.01115206813723e-25,7.22505946822173e-25
1.5707963267949,-0.16,PIPE,0.00226681794676386,0.00202886401235187
1.5707963267949,-0.16,TPC,0.0419996053850637,0.0153861426444033
1.5707963267949,-0.155,EMCAL,19.3272516899525,0.860030586838826
1.5707963267949,-0.155,IHCAL,1.18273861488731,0.308751315474324
1.5707963267949,-0.155,INTT,0.0422712630349635,0.0182043947252382
1.5707963267949,-0.155,MAGNET,1.37368523950468,0.31420297049673
1.5707963267949,-0.155,MVTX,0.0125419470088482,0.00544125121062238
1.5707963267949,-0.155,OHCAL,35.0103651908953,3.84844858653279
1.5707963267949,-0.155,OTHER,4.01416471257438e-25,7.23048597283818e-25
1.5707963267949,-0.155,PIPE,0.00226507577123372,0.00202730471764039
1.5707963267949,-0.155,TPC,0.0419673263549452,0.0153743175389702
1.5707963267949,-0.15,EMCAL,19.6127118087564,0.867461211954078
1.5707963267949,-0.15,IHCAL,1.18185832990265,0.30852152399181
1.5707963267949,-0.15,INTT,0.0422398070167314,0.0181908479861235
1.5707963267949,-0.15,MAGNET,1.37266301625331,0.313969157412878
1.5707963267949,-0.15,MVTX,0.0125326139611593,0.00543720212183255
1.5707963267949,-0.15,OHCAL,34.9843122953483,3.84558477121073
1.5707963267949,-0.15,OTHER,4.01707943516008e-25,7.235736096408e-25
1.5707963267949,-0.15,PIPE,0.00226339022271585,0.00202579610565244
1.5707963267949,-0.15,TPC,0.0419360965101768,0.0153628767922769
1.5707963267949,-0.145,EMCAL,19.0805278938087,0.852634730224556
1.5707963267949,-0.145,IHCAL,1.181007591776,0.308299445640822
1.5707963267949,-0.145,INTT,0.0422094069958747,0.0181777560191559
1.5707963267949,-0.145,MAGNET,1.37167510964884,0.313743193574313
1.5707963267949,-0.145,MVTX,0.0125235942294721,0.00543328896337895
1.5707963267949,-0.145,OHCAL,34.9591340095406,3.84281709571976
1.5707963267949,-0.145,OTHER,4.01989630876256e-25,7.24080997018457e-25
1.5707963267949,-0.145,PIPE,0.00226176125907143,0.00202433813867264
1.5707963267949,-0.145,TPC,0.0419059150699889,0.0153518201183019
1.5707963267949,-0.14,EMCAL,19.4344585853951,0.83892106043962
1.5707963267949,-0.14,IHCAL,1.18018637922707,0.308085074866694
1.5707963267949,-0.14,INTT,0.0421800622123912,0.0181651184970356
1.5707963267949,-0.14,MAGNET,1.37072149499355,0.313525073331929
1.5707963267949,-0.14,MVTX,0.012514887588293,0.00542951163743242
1.5707963267949,-0.14,OHCAL,34.9331245529189,3.83912084812757
1.5707963267949,-0.14,OTHER,4.02261540380378e-25,7.24570772101497e-25
1.5707963267949,-0.14,PIPE,0.0022601888395763,0.00202293078025175
1.5707963267949,-0.14,TPC,0.041876781279877,0.0153411472406311
1.5707963267949,-0.135,EMCAL,19.6790092253243,0.813190719010975
1.5707963267949,-0.135,IHCAL,1.17939467171377,0.307878406307459
1.5707963267949,-0.135,INTT,0.04215177193266,0.0181529351038238
1.5707963267949,-0.135,MAGNET,1.36980214844703,0.313314791232708
1.5707963267949,-0.135,MVTX,0.0125064938199554,0.00542587004955961
1.5707963267949,-0.135,OHCAL,34.9096947637021,3.83654593435387
1.5707963267949,-0.135,OTHER,4.02523678826128e-25,7.25042947134324e-25
1.5707963267949,-0.135,PIPE,0.00225867292491985,0.00202157399520572
1.5707963267949,-0.135,TPC,0.0418486944114669,0.0153308578924392
1.5707963267949,-0.13,EMCAL,20.0107900303426,0.883102534338634
1.5707963267949,-0.13,IHCAL,1.17863244943165,0.307679434793714
1.5707963267949,-0.13,INTT,0.0421245354494225,0.0181412055349351
1.5707963267949,-0.13,MAGNET,1.36891704702557,0.313112342019585
1.5707963267949,-0.13,MVTX,0.0124984127146146,0.00542236410872064
1.5707963267949,-0.13,OHCAL,34.8871377187709,3.83406693443868
1.5707963267949,-0.13,OTHER,4.02776052766979e-25,7.25497533921339e-25
1.5707963267949,-0.13,PIPE,0.00225721347720421,0.00202026774961488
1.5707963267949,-0.13,TPC,0.041821653762608,0.0153209518164943
1.5707963267949,-0.125,EMCAL,19.8898490282875,0.878684854009489
1.5707963267949,-0.125,IHCAL,1.17789969331343,0.307488155348488
1.5707963267949,-0.125,INTT,0.0420983520817652,0.0181299294971295
1.5707963267949,-0.125,MAGNET,1.36806616860157,0.312917720631322
1.5707963267949,-0.125,MVTX,0.0145768513189874,0.00653043072850625
1.5707963267949,-0.125,OHCAL,34.8654528541942,3.83168378640646
1.5707963267949,-0.125,OTHER,4.03018668512295e-25,7.25934543827235e-25
1.5707963267949,-0.125,PIPE,0.00225581045994302,0.00201901201082298
1.5707963267949,-0.125,TPC,0.0417956586572711,0.0153114287651426
1.5707963267949,-0.12,EMCAL,19.4290372482224,0.866367413821997
1.5707963267949,-0.12,IHCAL,1.17719638502852,0.307304563187119
1.5707963267949,-0.12,INTT,0.0420732211751027,0.0181191067085058
1.5707963267949,-0.12,MAGNET,1.36724949190305,0.312730922202372
1.5707963267949,-0.12,MVTX,0.014568153708914,0.00652653454958516
1.5707963267949,-0.12,OHCAL,34.8446396723982,3.82939643535206
1.5707963267949,-0.12,OTHER,4.0325153212748e-25,7.26353987777282e-25
1.5707963267949,-0.12,PIPE,0.00225446383806084,0.00201780674743652
1.5707963267949,-0.12,TPC,0.0417707084455611,0.0153022885003059
1.5707963267949,-0.115,EMCAL,19.6327996901128,0.850042182181591
1.5707963267949,-0.115,IHCAL,1.19148431156299,0.316119355197729
1.5707963267949,-0.115,INTT,0.0420491421011607,0.0181087368984933
1.5707963267949,-0.115,MAGNET,1.36646699651304,0.312551942062765
1.5707963267949,-0.115,MVTX,0.0140881907005072,0.00627153858247396
1.5707963267949,-0.115,OHCAL,34.8263975243785,3.82822628784317
1.5707963267949,-0.115,OTHER,4.03474649434138e-25,7.26755876257601e-25
1.5707963267949,-0.115,PIPE,0.00225317357789201,0.00201665192932383
1.5707963267949,-0.115,TPC,0.0417468025037489,0.0152935307934798
1.5707963267949,-0.11,EMCAL,19.3937514061903,0.809072225118518
1.5707963267949,-0.11,IHCAL,1.19083165319654,0.315946200340061
1.5707963267949,-0.11,INTT,0.0420261142579614,0.0180988198078465
1.5707963267949,-0.11,MAGNET,1.36571866286911,0.312380775737988
1.5707963267949,-0.11,MVTX,0.01455743352563,0.0065222057634026
1.5707963267949,-0.11,OHCAL,34.8073252060367,3.82612979883607
1.5707963267949,-0.11,OTHER,4.03688026010212e-25,7.27140219315425e-25
1.5707963267949,-0.11,PIPE,0.00225193964718,0.00201554752761441
1.5707963267949,-0.11,TPC,0.0417239402341735,0.0152851554257202
1.5707963267949,-0.105,EMCAL,18.610329756767,0.835648482117316
1.5707963267949,-0.105,IHCAL,1.19020876592826,0.315780944209853
1.5707963267949,-0.105,INTT,0.0420041370698074,0.0180893551886376
1.5707963267949,-0.105,MAGNET,1.36500447226288,0.312217418948875
1.5707963267949,-0.105,MVTX,0.0145498249954143,0.00651879724509262
1.5707963267949,-0.105,OHCAL,34.789123072554,3.8241289632644
1.5707963267949,-0.105,OTHER,4.03891667190129e-25,7.2750702655935e-25
1.5707963267949,-0.105,PIPE,0.00225076201507645,0.00201449351469816
1.5707963267949,-0.105,TPC,0.0417021210652771,0.0152771621876422
1.5707963267949,-0.1,EMCAL,19.2558477244837,0.85581652753498
1.5707963267949,-0.1,IHCAL,1.1896156341744,0.315623582673056
1.5707963267949,-0.1,INTT,0.0419832099872678,0.0180803428042506
1.5707963267949,-0.1,MAGNET,1.36432440683955,0.312061867611496
1.5707963267949,-0.1,MVTX,0.0124564812384749,0.00540417238018379
1.5707963267949,-0.1,OHCAL,34.77179066888,3.82222373110761
1.5707963267949,-0.1,OTHER,4.04085578064928e-25,7.27856307159576e-25
1.5707963267949,-0.1,PIPE,0.00224964065214049,0.00201348986422469
1.5707963267949,-0.1,TPC,0.0416813444515793,0.0152695508794147
1.5707963267949,-0.095,EMCAL,20.75811699593,0.903530935635545
1.5707963267949,-0.095,IHCAL,1.1890522430951,0.315474111792984
1.5707963267949,-0.095,INTT,0.0419633324871646,0.0180717824293753
1.5707963267949,-0.095,MAGNET,1.36367844959745,0.311914117837062
1.5707963267949,-0.095,MVTX,0.0124505835544441,0.00540161370405882
1.5707963267949,-0.095,OHCAL,34.7553275617079,3.8204140547352
1.5707963267949,-0.095,OTHER,4.04269763482391e-25,7.28188069848137e-25
1.5707963267949,-0.095,PIPE,0.00224857553033804,0.00201253655110272
1.5707963267949,-0.095,TPC,0.0416616098736694,0.015262321310755
1.5707963267949,-0.0900000000000001,EMCAL,18.9358955552925,0.840846296949524
1.5707963267949,-0.0900000000000001,IHCAL,1.18851857859404,0.315332527830224
1.5707963267949,-0.0900000000000001,INTT,0.0419445040725591,0.018063673850002
1.5707963267949,-0.0900000000000001,MAGNET,1.36306658438762,0.311774165931818
1.5707963267949,-0.0900000000000001,MVTX,0.0124449971356506,0.00539919006855776
1.5707963267949,-0.0900000000000001,OHCAL,34.7397333394629,3.81869988890556
1.5707963267949,-0.0900000000000001,OTHER,4.04444228047164e-25,7.28502322919117e-25
1.5707963267949,-0.0900000000000001,PIPE,0.00224756662304092,0.00201163355149931
1.5707963267949,-0.0900000000000001,TPC,0.0416429168381705,0.0152554733009224
1.5707963267949,-0.085,EMCAL,18.6024433413468,0.793688144459447
1.5707963267949,-0.085,IHCAL,1.1880146273181,0.315198827242546
1.5707963267949,-0.085,INTT,0.0419267242727401,0.0180560168634158
1.5707963267949,-0.085,MAGNET,1.36248879591339,0.311642008396962
1.5707963267949,-0.085,MVTX,0.0124397218424337,0.00539690141308963
1.5707963267949,-0.085,OHCAL,34.7250076122926,3.81708119076491
1.5707963267949,-0.085,OTHER,4.0460897612087e-25,7.2879907422886e-25
1.5707963267949,-0.085,PIPE,0.00224661390502646,0.00201078084283948
1.5707963267949,-0.085,TPC,0.0416252648777559,0.0152490066787163
1.5707963267949,-0.0800000000000001,EMCAL,20.0752180874226,0.867408459868707
1.5707963267949,-0.0800000000000001,IHCAL,1.18754037665701,0.315073006684804
1.5707963267949,-0.0800000000000001,INTT,0.0419099926432115,0.0180488112781915
1.5707963267949,-0.0800000000000001,MAGNET,1.36194506973002,0.311517641928546
1.5707963267949,-0.0800000000000001,MVTX,0.0124347575429108,0.00539474768043791
1.5707963267949,-0.0800000000000001,OHCAL,34.711150012057,3.81555791984608
1.5707963267949,-0.0800000000000001,OTHER,4.04764011822218e-25,7.29078331196163e-25
1.5707963267949,-0.0800000000000001,PIPE,0.00224571735247664,0.00200997840380546
1.5707963267949,-0.0800000000000001,TPC,0.0416086535511478,0.0152429212824731
1.5707963267949,-0.0750000000000002,EMCAL,19.4194047863874,0.864139550388178
1.5707963267949,-0.0750000000000002,IHCAL,1.17218910251389,0.305997467085932
1.5707963267949,-0.0750000000000002,INTT,0.0418943087656819,0.0180420569141893
1.5707963267949,-0.0750000000000002,MAGNET,1.36143539224433,0.311401063417404
1.5707963267949,-0.0750000000000002,MVTX,0.012430104112974,0.00539272881675915
1.5707963267949,-0.0750000000000002,OHCAL,34.6981601923193,3.81413003806767
1.5707963267949,-0.0750000000000002,OTHER,4.0490933902711e-25,7.29340100802466e-25
1.5707963267949,-0.0750000000000002,PIPE,0.00224487694297759,0.0020092262143362
1.5707963267949,-0.0750000000000002,TPC,0.0415930824430237,0.0152372169600536
1.5707963267949,-0.0700000000000001,EMCAL,19.1423457400187,0.855824501227783
1.5707963267949,-0.0700000000000001,IHCAL,1.17177942614507,0.30589052683512
1.5707963267949,-0.0700000000000001,INTT,0.0418796722480534,0.0180357536025496
1.5707963267949,-0.0700000000000001,MAGNET,1.36095975071435,0.311292269949066
1.5707963267949,-0.0700000000000001,MVTX,0.0124257614362876,0.00539084477158173
1.5707963267949,-0.0700000000000001,OHCAL,34.6860378283373,3.81279750973294
1.5707963267949,-0.0700000000000001,OTHER,4.05044961368733e-25,7.2958438959202e-25
1.5707963267949,-0.0700000000000001,PIPE,0.00224409265551904,0.00200852425562697
1.5707963267949,-0.0700000000000001,TPC,0.0415785511641379,0.0152318935688528
1.5707963267949,-0.0650000000000002,EMCAL,19.3705527913199,0.861973817647937
1.5707963267949,-0.0650000000000002,IHCAL,1.17139904447594,0.305791233898408
1.5707963267949,-0.0650000000000002,INTT,0.0418660827244123,0.0180299011856894
1.5707963267949,-0.0650000000000002,MAGNET,1.36051813324902,0.31119125880369
1.5707963267949,-0.0650000000000002,MVTX,0.0124217294042842,0.00538909549780435
1.5707963267949,-0.0650000000000002,OHCAL,34.6747826170551,3.81156030152903
1.5707963267949,-0.0650000000000002,OTHER,4.05170882237654e-25,7.29811203672061e-25
1.5707963267949,-0.0650000000000002,PIPE,0.00224336447049375,0.00200787251012872
1.5707963267949,-0.0650000000000002,TPC,0.0415650593511968,0.0152269509757846
1.5707963267949,-0.0600000000000001,EMCAL,19.8415851558204,0.835863373677597
1.5707963267949,-0.0600000000000001,IHCAL,1.17104794798555,0.305699585790862
1.5707963267949,-0.0600000000000001,INTT,0.0418535398550199,0.0180244995172978
1.5707963267949,-0.0600000000000001,MAGNET,1.36011052880789,0.311098027455991
1.5707963267949,-0.0600000000000001,MVTX,0.0124180079161628,0.0053874809516951
1.5707963267949,-0.0600000000000001,OHCAL,34.6643942770958,3.8104183825261
1.5707963267949,-0.0600000000000001,OTHER,4.05287104781899e-25,7.30020548712951e-25
1.5707963267949,-0.0600000000000001,PIPE,0.00224269236969707,0.00200727096154781
1.5707963267949,-0.0600000000000001,TPC,0.0415526066669098,0.0152223890572845
1.5707963267949,-0.0550000000000002,EMCAL,18.8347460894217,0.799772870543603
1.5707963267949,-0.0550000000000002,IHCAL,1.17072612788509,0.305615580218671
1.5707963267949,-0.0550000000000002,INTT,0.0418420433263037,0.018019548462333
1.5707963267949,-0.0550000000000002,MAGNET,1.35973692720081,0.311012573575183
1.5707963267949,-0.0550000000000002,MVTX,0.0124145968788861,0.00538600109289024
1.5707963267949,-0.0550000000000002,OHCAL,34.6530210872632,3.80825916202007
1.5707963267949,-0.0550000000000002,OTHER,4.05393631907039e-25,7.30212429948328e-25
1.5707963267949,-0.0550000000000002,PIPE,0.00224207633632644,0.00200671959484549
1.5707963267949,-0.0550000000000002,TPC,0.0415411927999426,0.0152182076993024
1.5707963267949,-0.05,EMCAL,19.8360905405892,0.87440390689042
1.5707963267949,-0.05,IHCAL,1.17043357611766,0.30553921507909
1.5707963267949,-0.05,INTT,0.0418315928508499,0.0180150478970182
1.5707963267949,-0.05,MAGNET,1.35939731908774,0.310934895024912
1.5707963267949,-0.05,MVTX,0.012411496207178,0.00538465588439322
1.5707963267949,-0.05,OHCAL,34.6437770445698,3.80695398955659
1.5707963267949,-0.05,OTHER,4.05490466276258e-25,7.30386852175231e-25
1.5707963267949,-0.05,PIPE,0.00224151635498099,0.00200621839623755
1.5707963267949,-0.05,TPC,0.0415308174649702,0.0152144067973066
1.5707963267949,-0.0450000000000002,EMCAL,20.1396205478896,0.883829522061123
1.5707963267949,-0.0450000000000002,IHCAL,1.1701702853581,0.30547048846039
1.5707963267949,-0.0450000000000002,INTT,0.0418221881673962,0.0180109977088392
1.5707963267949,-0.0450000000000002,MAGNET,1.35909169597844,0.310864989863211
1.5707963267949,-0.0450000000000002,MVTX,0.0124087058235216,0.00538344529257376
1.5707963267949,-0.0450000000000002,OHCAL,34.6359872934384,3.80609799042628
1.5707963267949,-0.0450000000000002,OTHER,4.05577610310419e-25,7.30543819754226e-25
1.5707963267949,-0.0450000000000002,PIPE,0.00224101241166117,0.00200576735319401
1.5707963267949,-0.0450000000000002,TPC,0.0415214804025919,0.0152109862562726
1.5707963267949,-0.04,EMCAL,19.716375087724,0.872470704659415
1.5707963267949,-0.04,IHCAL,1.16993624901279,0.305409398641808
1.5707963267949,-0.04,INTT,0.0418138290408248,0.0180073977965409
1.5707963267949,-0.04,MAGNET,1.35882005023233,0.310802856342448
1.5707963267949,-0.04,MVTX,0.0124062256581569,0.00538236928716701
1.5707963267949,-0.04,OHCAL,34.6290544152198,3.80533619674477
1.5707963267949,-0.04,OTHER,4.05655066188128e-25,7.3068333660951e-25
1.5707963267949,-0.04,PIPE,0.00224056449376834,0.00200536645443876
1.5707963267949,-0.04,TPC,0.0415131813793862,0.0152079459906872
1.5707963267949,-0.0350000000000001,EMCAL,19.2776468851471,0.831720474303099
1.5707963267949,-0.0350000000000001,IHCAL,1.16973146121945,0.3053559440935
1.5707963267949,-0.0350000000000001,INTT,0.0418065152621573,0.0180042480701254
1.5707963267949,-0.0350000000000001,MAGNET,1.35858237505825,0.310748492909281
1.5707963267949,-0.0350000000000001,MVTX,0.0124040556490799,0.00538142784127277
1.5707963267949,-0.0350000000000001,OHCAL,34.6229872708329,3.804669537261
1.5707963267949,-0.0350000000000001,OTHER,4.05722835845788e-25,7.30805406229014e-25
1.5707963267949,-0.0350000000000001,PIPE,0.00224017259010456,0.00200501568994932
1.5707963267949,-0.0350000000000001,TPC,0.0415059201878715,0.015205285924543
1.5707963267949,-0.03,EMCAL,19.8783939173345,0.828477701431237
1.5707963267949,-0.03,IHCAL,1.16955591684708,0.305310123476511
1.5707963267949,-0.03,INTT,0.0418002466485488,0.0180015484508494
1.5707963267949,-0.03,MAGNET,1.3583786645143,0.310701898204622
1.5707963267949,-0.03,MVTX,0.0124021957420402,0.00538062093135484
1.5707963267949,-0.03,OHCAL,35.1794773099633,3.86302577818587
1.5707963267949,-0.03,OTHER,4.0578092097764e-25,7.30910031664482e-25
1.5707963267949,-0.03,PIPE,0.00223983669087221,0.00200471505095655
1.5707963267949,-0.03,TPC,0.0414996966465345,0.0152030059913402
1.5707963267949,-0.0250000000000001,EMCAL,19.8113699017696,0.87604429347798
1.5707963267949,-0.0250000000000001,IHCAL,1.18428099616523,0.314208302873549
1.5707963267949,-0.0250000000000001,INTT,0.0417950230432836,0.0179992988712223
1.5707963267949,-0.0250000000000001,MAGNET,1.35820891350771,0.3106630710636
1.5707963267949,-0.0250000000000001,MVTX,0.0124006458905399,0.00537994853724042
1.5707963267949,-0.0250000000000001,OHCAL,35.1771007848379,3.86396417553359
1.5707963267949,-0.0250000000000001,OTHER,4.05829323035819e-25,7.30997215531556e-25
1.5707963267949,-0.0250000000000001,PIPE,0.00223955678767379,0.00200446452994448
1.5707963267949,-0.0250000000000001,TPC,0.0414945105997695,0.0152011061340783
1.5707963267949,-0.02,EMCAL,18.9927684738797,0.852341664308868
1.5707963267949,-0.02,IHCAL,1.18416243930315,0.314176853394634
1.5707963267949,-0.02,INTT,0.0417908443157714,0.0179974992750044
1.5707963267949,-0.02,MAGNET,1.35807311779471,0.310632010515535
1.5707963267949,-0.02,MVTX,0.0123994060558328,0.00537941064211966
1.5707963267949,-0.02,OHCAL,37.1806638588895,4.07414318935875
1.5707963267949,-0.02,OTHER,4.05868043230377e-25,7.31066960009838e-25
1.5707963267949,-0.02,PIPE,0.00223933287351171,0.00200426412065005
1.5707963267949,-0.02,TPC,0.0414903619179251,0.0151995863052609
1.5707963267949,-0.0150000000000001,EMCAL,19.6001928279309,0.867870867879565
1.5707963267949,-0.0150000000000001,IHCAL,1.18407348660327,0.314153258362463
1.5707963267949,-0.0150000000000001,INTT,0.0417877103615435,0.0179961496172058
1.5707963267949,-0.0150000000000001,MAGNET,1.35797127398038,0.310608715783912
1.5707963267949,-0.0150000000000001,MVTX,0.0123984762069229,0.00537900723254512
1.5707963267949,-0.0150000000000001,OHCAL,37.1774534147495,4.07379336863528
1.5707963267949,-0.0150000000000001,OTHER,4.0589708252932e-25,7.31119266842942e-25
1.5707963267949,-0.0150000000000001,PIPE,0.0022391649427881,0.00200411381806303
1.5707963267949,-0.0150000000000001,TPC,0.138161244248657,0.0363225335345951
1.5707963267949,-0.01,EMCAL,20.2603785441164,0.868724603565361
1.5707963267949,-0.01,IHCAL,1.18401413583049,0.314137517184577
1.5707963267949,-0.01,INTT,0.0417856211022512,0.0179952498640849
1.5707963267949,-0.01,MAGNET,1.35790337951862,0.31059318628636
1.5707963267949,-0.01,MVTX,0.0123978563205639,0.00537873829843155
1.5707963267949,-0.01,OHCAL,37.1751828270119,4.07354648593761
1.5707963267949,-0.01,OTHER,4.05916441658635e-25,7.31154137338544e-25
1.5707963267949,-0.01,PIPE,0.00223905299130467,0.00200401361842583
1.5707963267949,-0.01,TPC,0.245238461083034,0.0701684388706573
1.5707963267949,-0.00500000000000012,EMCAL,0.380732555438006,0.066914716622308
1.5707963267949,-0.00500000000000012,IHCAL,1.18398438548972,0.314129629464859
1.5707963267949,-0.00500000000000012,INTT,0.0417845764856628,0.0179947999931478
1.5707963267949,-0.00500000000000012,MAGNET,1.35786943271208,0.310585421634643
1.5707963267949,-0.00500000000000012,MVTX,0.0123975463812587,0.00537860383305559
1.5707963267949,-0.00500000000000012,OHCAL,36.8905166438263,4.04367745712818
1.5707963267949,-0.00500000000000012,OTHER,4.05926121102299e-25,7.31171572368406e-25
1.5707963267949,-0.00500000000000012,PIPE,0.00223899701626265,0.00200396351923348
1.5707963267949,-0.00500000000000012,TPC,0.10597048341675,0.0520869953997758
1.5707963267949,0,EMCAL,0.380732555438006,0.066914716622308
1.5707963267949,0,IHCAL,1.18398134337516,0.314128933642115
1.5707963267949,0,INTT,0.0417845764856628,0.0179947999931478
1.5707963267949,0,MAGNET,1.35786943271208,0.310585421634643
1.5707963267949,0,MVTX,0.0123975463812587,0.00537860383305559
1.5707963267949,0,OHCAL,36.8905167121629,4.04367746429746
1.5707963267949,0,OTHER,4.05926121102299e-25,7.31171572368407e-25
1.5707963267949,0,PIPE,0.00223899701626265,0.00200396351923348
1.5707963267949,0,TPC,0.10597048341675,0.0520869953997758
1.5707963267949,0.00499999999999989,EMCAL,20.1957409657684,0.86791664660767
1.5707963267949,0.00499999999999989,IHCAL,1.18401105663461,0.314136812880226
1.5707963267949,0.00499999999999989,INTT,0.0417856211022512,0.0179952498640849
1.5707963267949,0.00499999999999989,MAGNET,1.35790337951862,0.31059318628636
1.5707963267949,0.00499999999999989,MVTX,0.0123978563205639,0.00537873829843155
1.5707963267949,0.00499999999999989,OHCAL,37.1751830615813,4.07354651054658
1.5707963267949,0.00499999999999989,OTHER,4.05916441658635e-25,7.31154137338544e-25
1.5707963267949,0.00499999999999989,PIPE,0.00223905299130467,0.00200401361842583
1.5707963267949,0.00499999999999989,TPC,0.245207080376539,0.070150487403437
1.5707963267949,0.01,EMCAL,19.9462157867311,0.878990466564181
1.5707963267949,0.01,IHCAL,1.18407037024494,0.314152545557945
1.5707963267949,0.01,INTT,0.0417877103615435,0.0179961496172058
1.5707963267949,0.01,MAGNET,1.35797127398038,0.310608715783912
1.5707963267949,0.01,MVTX,0.0123984762069229,0.00537900723254512
1.5707963267949,0.01,OHCAL,37.1774507327629,4.07379308726465
1.5707963267949,0.01,OTHER,4.05897082529321e-25,7.31119266842943e-25
1.5707963267949,0.01,PIPE,0.0022391649427881,0.00200411381806303
1.5707963267949,0.01,TPC,0.137260876317849,0.0359661721636095
1.5707963267949,0.0149999999999999,EMCAL,19.3097446308532,0.860120020784759
1.5707963267949,0.0149999999999999,IHCAL,1.1841592856975,0.314176132070539
1.5707963267949,0.0149999999999999,INTT,0.0417908443157714,0.0179974992750044
1.5707963267949,0.0149999999999999,MAGNET,1.35807311779471,0.310632010515535
1.5707963267949,0.0149999999999999,MVTX,0.0123994060558328,0.00537941064211966
1.5707963267949,0.0149999999999999,OHCAL,37.1806642920581,4.07414323480302
1.5707963267949,0.0149999999999999,OTHER,4.05868043230377e-25,7.31066960009838e-25
1.5707963267949,0.0149999999999999,PIPE,0.00223933287351171,0.00200426412065005
1.5707963267949,0.0149999999999999,TPC,0.0414903619179251,0.0151995863052609
1.5707963267949,0.02,EMCAL,19.8226183977531,0.874731629501618
1.5707963267949,0.02,IHCAL,1.18427780522372,0.314207573009625
1.5707963267949,0.02,INTT,0.0417950230432836,0.0179992988712223
1.5707963267949,0.02,MAGNET,1.35820891350771,0.3106630710636
1.5707963267949,0.02,MVTX,0.0124006458905399,0.00537994853724043
1.5707963267949,0.02,OHCAL,35.1771015181227,3.86396425246344
1.5707963267949,0.02,OTHER,4.05829323035819e-25,7.30997215531556e-25
1.5707963267949,0.02,PIPE,0.00223955678767379,0.00200446452994448
1.5707963267949,0.02,TPC,0.0414945105997695,0.0152011061340783
1.5707963267949,0.0249999999999999,EMCAL,19.4194756615388,0.815584966290842
1.5707963267949,0.0249999999999999,IHCAL,1.16950715849688,0.305282025620407
1.5707963267949,0.0249999999999999,INTT,0.0418002466485488,0.0180015484508494
1.5707963267949,0.0249999999999999,MAGNET,1.3583786645143,0.310701898204622
1.5707963267949,0.0249999999999999,MVTX,0.0124021957420402,0.00538062093135483
1.5707963267949,0.0249999999999999,OHCAL,35.1819168996465,3.8644911232824
1.5707963267949,0.0249999999999999,OTHER,4.05780920977641e-25,7.30910031664482e-25
1.5707963267949,0.0249999999999999,PIPE,0.00223983669087221,0.00200471505095655
1.5707963267949,0.0249999999999999,TPC,0.0414996966465345,0.0152030059913402
1.5707963267949,0.03,EMCAL,19.723316869568,0.843722474909138
1.5707963267949,0.03,IHCAL,1.1696826585172,0.305327833551526
1.5707963267949,0.03,INTT,0.0418065152621573,0.0180042480701254
1.5707963267949,0.03,MAGNET,1.35858237505825,0.310748492909281
1.5707963267949,0.03,MVTX,0.0124040556490799,0.00538142784127276
1.5707963267949,0.03,OHCAL,34.6254276687027,3.80613514851492
1.5707963267949,0.03,OTHER,4.05722835845787e-25,7.30805406229013e-25
1.5707963267949,0.03,PIPE,0.00224017259010456,0.00200501568994932
1.5707963267949,0.03,TPC,0.0415059201878715,0.015205285924543
1.5707963267949,0.0349999999999999,EMCAL,19.3319701913936,0.862003783512954
1.5707963267949,0.0349999999999999,IHCAL,1.16988740072036,0.30538127470707
1.5707963267949,0.0349999999999999,INTT,0.0418138290408248,0.0180073977965409
1.5707963267949,0.0349999999999999,MAGNET,1.35882005023233,0.310802856342448
1.5707963267949,0.0349999999999999,MVTX,0.0124062256581569,0.005382369287167
1.5707963267949,0.0349999999999999,OHCAL,34.6314957742172,3.80680212044104
1.5707963267949,0.0349999999999999,OTHER,4.05655066188129e-25,7.30683336609511e-25
1.5707963267949,0.0349999999999999,PIPE,0.00224056449376834,0.00200536645443876
1.5707963267949,0.0349999999999999,TPC,0.0415131813793862,0.0152079459906872
1.5707963267949,0.04,EMCAL,19.8701138818548,0.876737626259126
1.5707963267949,0.04,IHCAL,1.17012139023345,0.305442350425023
1.5707963267949,0.04,INTT,0.0418221881673962,0.0180109977088392
1.5707963267949,0.04,MAGNET,1.35909169597844,0.310864989863211
1.5707963267949,0.04,MVTX,0.0124087058235215,0.00538344529257376
1.5707963267949,0.04,OHCAL,34.6384296748978,3.80756426324456
1.5707963267949,0.04,OTHER,4.05577610310419e-25,7.30543819754227e-25
1.5707963267949,0.04,PIPE,0.00224101241166117,0.00200576735319401
1.5707963267949,0.04,TPC,0.0415214804025919,0.0152109862562726
1.5707963267949,0.0449999999999999,EMCAL,18.8407240222184,0.848070199109282
1.5707963267949,0.0449999999999999,IHCAL,1.17038463291479,0.305511062234239
1.5707963267949,0.0449999999999999,INTT,0.0418315928508499,0.0180150478970182
1.5707963267949,0.0449999999999999,MAGNET,1.35939731908774,0.310934895024912
1.5707963267949,0.0449999999999999,MVTX,0.012411496207178,0.00538465588439322
1.5707963267949,0.0449999999999999,OHCAL,34.6462205083575,3.80842064802861
1.5707963267949,0.0449999999999999,OTHER,4.05490466276257e-25,7.30386852175231e-25
1.5707963267949,0.0449999999999999,PIPE,0.00224151635498099,0.00200621839623755
1.5707963267949,0.0449999999999999,TPC,0.0415308174649702,0.0152144067973066
1.5707963267949,0.05,EMCAL,18.96874643214,0.803895820787838
1.5707963267949,0.05,IHCAL,1.17067713535402,0.305587411854474
1.5707963267949,0.05,INTT,0.0418420433263037,0.018019548462333
1.5707963267949,0.05,MAGNET,1.35973692720081,0.311012573575183
1.5707963267949,0.05,MVTX,0.0124145968788861,0.00538600109289023
1.5707963267949,0.05,OHCAL,34.6548763988461,3.80937212809456
1.5707963267949,0.05,OTHER,4.05393631907039e-25,7.30212429948328e-25
1.5707963267949,0.05,PIPE,0.00224207633632644,0.00200671959484549
1.5707963267949,0.05,TPC,0.0415411927999426,0.0152182076993024
1.5707963267949,0.0549999999999999,EMCAL,19.4001888983355,0.824747785689015
1.5707963267949,0.0549999999999999,IHCAL,1.17099890487228,0.305671401196432
1.5707963267949,0.0549999999999999,INTT,0.0418535398550199,0.0180244995172978
1.5707963267949,0.0549999999999999,MAGNET,1.36011052880789,0.311098027455991
1.5707963267949,0.0549999999999999,MVTX,0.0124180079161628,0.0053874809516951
1.5707963267949,0.0549999999999999,OHCAL,34.6643986634299,3.810418842702
1.5707963267949,0.0549999999999999,OTHER,4.05287104781899e-25,7.30020548712952e-25
1.5707963267949,0.0549999999999999,PIPE,0.00224269236969707,0.00200727096154781
1.5707963267949,0.0549999999999999,TPC,0.0415526066669098,0.0152223890572845
1.5707963267949,0.0599999999999998,EMCAL,19.6656985551517,0.870506305729078
1.5707963267949,0.0599999999999998,IHCAL,1.17134994952239,0.305763032361811
1.5707963267949,0.0599999999999998,INTT,0.0418660827244123,0.0180299011856894
1.5707963267949,0.0599999999999998,MAGNET,1.36051813324902,0.31119125880369
1.5707963267949,0.0599999999999998,MVTX,0.0124217294042841,0.00538909549780435
1.5707963267949,0.0599999999999998,OHCAL,34.6747875402021,3.81156081802267
1.5707963267949,0.0599999999999998,OTHER,4.05170882237653e-25,7.29811203672061e-25
1.5707963267949,0.0599999999999998,PIPE,0.00224336447049375,0.00200787251012872
1.5707963267949,0.0599999999999998,TPC,0.0415650593511968,0.0152269509757846
1.5707963267949,0.0649999999999999,EMCAL,19.7637063842622,0.873317909270495
1.5707963267949,0.0649999999999999,IHCAL,1.17173027808908,0.305862307643362
1.5707963267949,0.0649999999999999,INTT,0.0418796722480534,0.0180357536025496
1.5707963267949,0.0649999999999999,MAGNET,1.36095975071435,0.311292269949066
1.5707963267949,0.0649999999999999,MVTX,0.0124257614362875,0.00539084477158173
1.5707963267949,0.0649999999999999,OHCAL,34.6860432889217,3.81279808260982
1.5707963267949,0.0649999999999999,OTHER,4.05044961368733e-25,7.29584389592021e-25
1.5707963267949,0.0649999999999999,PIPE,0.00224409265551904,0.00200852425562697
1.5707963267949,0.0649999999999999,TPC,0.0415785511641379,0.0152318935688528
1.5707963267949,0.0699999999999998,EMCAL,19.6697746305612,0.872327320860689
1.5707963267949,0.0699999999999998,IHCAL,1.17213990008919,0.305969229524937
1.5707963267949,0.0699999999999998,INTT,0.0418943087656819,0.0180420569141893
1.5707963267949,0.0699999999999998,MAGNET,1.36143539224433,0.311401063417404
1.5707963267949,0.0699999999999998,MVTX,0.012430104112974,0.00539272881675917
1.5707963267949,0.0699999999999998,OHCAL,34.6981661910194,3.81413066739895
1.5707963267949,0.0699999999999998,OTHER,4.0490933902711e-25,7.29340100802465e-25
1.5707963267949,0.0699999999999998,PIPE,0.00224487694297759,0.00200922621433621
1.5707963267949,0.0699999999999998,TPC,0.0415930824430293,0.0152372169600542
1.5707963267949,0.075,EMCAL,18.5337306555324,0.821573423893316
1.5707963267949,0.075,IHCAL,1.18753676811209,0.315072181302466
1.5707963267949,0.075,INTT,0.0419099926432115,0.0180488112781915
1.5707963267949,0.075,MAGNET,1.36194506973002,0.311517641928546
1.5707963267949,0.075,MVTX,0.0124347575429108,0.0053947476804379
1.5707963267949,0.075,OHCAL,34.7111565496051,3.8155586057086
1.5707963267949,0.075,OTHER,4.04764011822218e-25,7.29078331196163e-25
1.5707963267949,0.075,PIPE,0.00224571735247664,0.00200997840380546
1.5707963267949,0.075,TPC,0.0416086535511478,0.0152429212824731
1.5707963267949,0.0799999999999998,EMCAL,19.6543583729554,0.824192260364093
1.5707963267949,0.0799999999999998,IHCAL,1.18801098008392,0.315197993010816
1.5707963267949,0.0799999999999998,INTT,0.0419267242727401,0.0180560168634158
1.5707963267949,0.0799999999999998,MAGNET,1.36248879591339,0.311642008396962
1.5707963267949,0.0799999999999998,MVTX,0.0124397218424337,0.00539690141308962
1.5707963267949,0.0799999999999998,OHCAL,34.7250146894746,3.81708193324111
1.5707963267949,0.0799999999999998,OTHER,4.0460897612087e-25,7.2879907422886e-25
1.5707963267949,0.0799999999999998,PIPE,0.00224661390502646,0.00201078084283948
1.5707963267949,0.0799999999999998,TPC,0.0416252648777559,0.0152490066787163
1.5707963267949,0.085,EMCAL,19.8046401356649,0.865211341524968
1.5707963267949,0.085,IHCAL,1.18851489253342,0.315331684717724
1.5707963267949,0.085,INTT,0.0419445040725591,0.018063673850002
1.5707963267949,0.085,MAGNET,1.36306658438762,0.311774165931818
1.5707963267949,0.085,MVTX,0.0124449971356506,0.00539919006855776
1.5707963267949,0.085,OHCAL,34.739740957119,3.8187006880836
1.5707963267949,0.085,OTHER,4.04444228047165e-25,7.28502322919118e-25
1.5707963267949,0.085,PIPE,0.00224756662304092,0.00201163355149931
1.5707963267949,0.085,TPC,0.0416429168381705,0.0152554733009224
1.5707963267949,0.0899999999999999,EMCAL,19.1185430527341,0.855313342412433
1.5707963267949,0.0899999999999999,IHCAL,1.18904851806707,0.315473259767471
1.5707963267949,0.0899999999999999,INTT,0.0419633324871646,0.0180717824293753
1.5707963267949,0.0899999999999999,MAGNET,1.36367844959745,0.311914117837062
1.5707963267949,0.0899999999999999,MVTX,0.0124505835544441,0.00540161370405882
1.5707963267949,0.0899999999999999,OHCAL,34.7553357207325,3.82041491070888
1.5707963267949,0.0899999999999999,OTHER,4.04269763482392e-25,7.28188069848137e-25
1.5707963267949,0.0899999999999999,PIPE,0.00224857553033803,0.00201253655110271
1.5707963267949,0.0899999999999999,TPC,0.0416616098736694,0.015262321310755
1.5707963267949,0.095,EMCAL,18.7390620116139,0.838869023834184
1.5707963267949,0.095,IHCAL,1.18961187003422,0.315622721701422
1.5707963267949,0.095,INTT,0.0419832099872678,0.0180803428042506
1.5707963267949,0.095,MAGNET,1.36432440683955,0.312061867611496
1.5707963267949,0.095,MVTX,0.0124564812384748,0.00540417238018379
1.5707963267949,0.095,OHCAL,34.7717994108105,3.82222464823469
1.5707963267949,0.095,OTHER,4.04085578064929e-25,7.27856307159577e-25
1.5707963267949,0.095,PIPE,0.0022496406521405,0.0020134898642247
1.5707963267949,0.095,TPC,0.0416813444515793,0.0152695508794147
1.5707963267949,0.0999999999999999,EMCAL,19.4192308680378,0.8605394134921
1.5707963267949,0.0999999999999999,IHCAL,1.19020496252736,0.315780074258116
1.5707963267949,0.0999999999999999,INTT,0.0420041370698074,0.0180893551886376
1.5707963267949,0.0999999999999999,MAGNET,1.36500447226288,0.312217418948875
1.5707963267949,0.0999999999999999,MVTX,0.0124626903351854,0.00540686616089978
1.5707963267949,0.0999999999999999,OHCAL,34.7891325197321,3.82412995437991
1.5707963267949,0.0999999999999999,OTHER,4.03891667190129e-25,7.2750702655935e-25
1.5707963267949,0.0999999999999999,PIPE,0.00225076201507645,0.00201449351469816
1.5707963267949,0.0999999999999999,TPC,0.0417021210652771,0.0152771621876422
1.5707963267949,0.105,EMCAL,19.4149208612025,0.81000438188103
1.5707963267949,0.105,IHCAL,1.19082781038252,0.315945321373363
1.5707963267949,0.105,INTT,0.0420261142579614,0.0180988198078465
1.5707963267949,0.105,MAGNET,1.36571866286911,0.312380775737988
1.5707963267949,0.105,MVTX,0.0124692109998035,0.00540969511355138
1.5707963267949,0.105,OHCAL,34.8073353597728,3.82613086407748
1.5707963267949,0.105,OTHER,4.03688026010212e-25,7.27140219315425e-25
1.5707963267949,0.105,PIPE,0.00225193964718,0.00201554752761441
1.5707963267949,0.105,TPC,0.0417239402341791,0.0152851554257208
1.5707963267949,0.11,EMCAL,18.9440108250715,0.831490809445846
1.5707963267949,0.11,IHCAL,1.19148042917967,0.316118467180347
1.5707963267949,0.11,INTT,0.0420491421011607,0.0181087368984933
1.5707963267949,0.11,MAGNET,1.36646699651304,0.312551942062765
1.5707963267949,0.11,MVTX,0.0124760433953459,0.00541265930886257
1.5707963267949,0.11,OHCAL,34.8264083860538,3.82822742735539
1.5707963267949,0.11,OTHER,4.03474649434138e-25,7.26755876257601e-25
1.5707963267949,0.11,PIPE,0.00225317357789201,0.00201665192932383
1.5707963267949,0.11,TPC,0.0417468025037545,0.0152935307934805
1.5707963267949,0.115,EMCAL,19.2714484586382,0.862939116614674
1.5707963267949,0.115,IHCAL,1.17714663560392,0.307276127981734
1.5707963267949,0.115,INTT,0.0420732211751026,0.0181191067085057
1.5707963267949,0.115,MAGNET,1.36724949190305,0.312730922202372
1.5707963267949,0.115,MVTX,0.012483187692623,0.00541575882093837
1.5707963267949,0.115,OHCAL,34.8463520754511,3.83041969663302
1.5707963267949,0.115,OTHER,4.0325153212748e-25,7.26353987777282e-25
1.5707963267949,0.115,PIPE,0.00225446383806082,0.0020178067474365
1.5707963267949,0.115,TPC,0.0417707084455611,0.0153022885003059
1.5707963267949,0.12,EMCAL,19.5203904075974,0.868521513030372
1.5707963267949,0.12,IHCAL,1.17784987662235,0.30745969456945
1.5707963267949,0.12,INTT,0.0420983520817652,0.0181299294971295
1.5707963267949,0.12,MAGNET,1.36806616860157,0.312917720631322
1.5707963267949,0.12,MVTX,0.0124906440702427,0.00541899372726681
1.5707963267949,0.12,OHCAL,34.8671669266074,3.83270772672238
1.5707963267949,0.12,OTHER,4.03018668512295e-25,7.25934543827235e-25
1.5707963267949,0.12,PIPE,0.00225581045994302,0.00201901201082298
1.5707963267949,0.12,TPC,0.0417956586572657,0.0153114287651421
1.5707963267949,0.125,EMCAL,19.1298289342185,0.857842411808203
1.5707963267949,0.125,IHCAL,1.17858256415999,0.307650947713794
1.5707963267949,0.125,INTT,0.0421245354494225,0.0181412055349351
1.5707963267949,0.125,MAGNET,1.36891704702557,0.313112342019585
1.5707963267949,0.125,MVTX,0.0124984127146146,0.00542236410872065
1.5707963267949,0.125,OHCAL,34.8888534423623,3.83509157298498
1.5707963267949,0.125,OTHER,4.02776052766979e-25,7.25497533921339e-25
1.5707963267949,0.125,PIPE,0.00225721347720421,0.00202026774961488
1.5707963267949,0.125,TPC,0.041821653762608,0.0153209518164943
1.5707963267949,0.13,EMCAL,19.4343287122328,0.807417480715764
1.5707963267949,0.13,IHCAL,1.17934471654285,0.307849892198114
1.5707963267949,0.13,INTT,0.04215177193266,0.0181529351038238
1.5707963267949,0.13,MAGNET,1.36980214844703,0.313314791232708
1.5707963267949,0.13,MVTX,0.0125064938199553,0.00542587004955962
1.5707963267949,0.13,OHCAL,34.9114121169371,3.83757128998736
1.5707963267949,0.13,OTHER,4.02523678826128e-25,7.25042947134325e-25
1.5707963267949,0.13,PIPE,0.00225867292491986,0.00202157399520573
1.5707963267949,0.13,TPC,0.0418486944114779,0.0153308578924403
1.5707963267949,0.135,EMCAL,19.9115594278823,0.852550848190044
1.5707963267949,0.135,IHCAL,1.18013635283362,0.308056532998051
1.5707963267949,0.135,INTT,0.0421800622123912,0.0181651184970356
1.5707963267949,0.135,MAGNET,1.37072149499355,0.313525073331929
1.5707963267949,0.135,MVTX,0.0146107345191967,0.00654608422596222
1.5707963267949,0.135,OHCAL,34.9348434676667,3.84014693483024
1.5707963267949,0.135,OTHER,4.02261540380378e-25,7.24570772101497e-25
1.5707963267949,0.135,PIPE,0.0022601888395763,0.00202293078025175
1.5707963267949,0.135,TPC,0.041876781279877,0.0153411472406311
1.5707963267949,0.14,EMCAL,18.9257168079954,0.849012771787865
1.5707963267949,0.14,IHCAL,1.18095749283205,0.308270875281655
1.5707963267949,0.14,INTT,0.0422094069958747,0.0181777560191559
1.5707963267949,0.14,MAGNET,1.37167510964884,0.313743193574313
1.5707963267949,0.14,MVTX,0.0146208950566781,0.00655063612219522
1.5707963267949,0.14,OHCAL,34.9591474092272,3.84281850149798
1.5707963267949,0.14,OTHER,4.01989630876256e-25,7.24080997018457e-25
1.5707963267949,0.14,PIPE,0.00226176125907143,0.00202433813867264
1.5707963267949,0.14,TPC,0.0419059150699889,0.0153518201183019
1.5707963267949,0.145,EMCAL,19.5322906336991,0.865506948938116
1.5707963267949,0.145,IHCAL,1.18180815707556,0.308492924409521
1.5707963267949,0.145,INTT,0.0422398070167314,0.0181908479861235
1.5707963267949,0.145,MAGNET,1.37266301625331,0.313969157412878
1.5707963267949,0.145,MVTX,0.0131037610742534,0.00574148350855759
1.5707963267949,0.145,OHCAL,34.9843253306065,3.8455861387563
1.5707963267949,0.145,OTHER,4.01707943516009e-25,7.23573609640801e-25
1.5707963267949,0.145,PIPE,0.00226339022271585,0.00202579610565244
1.5707963267949,0.145,TPC,0.0419360965101768,0.0153628767922769
1.5707963267949,0.15,EMCAL,19.7664054404546,0.87209725859531
1.5707963267949,0.15,IHCAL,1.18268836683969,0.308722685934924
1.5707963267949,0.15,INTT,0.0422712630349635,0.0182043947252382
1.5707963267949,0.15,MAGNET,1.37368523950468,0.31420297049673
1.5707963267949,0.15,MVTX,0.0125419470088482,0.00544125121062239
1.5707963267949,0.15,OHCAL,35.0103778612291,3.84844991579368
1.5707963267949,0.15,OTHER,4.01416471257438e-25,7.23048597283818e-25
1.5707963267949,0.15,PIPE,0.00226507577123372,0.00202730471764039
1.5707963267949,0.15,TPC,0.0419673263549452,0.0153743175389702
1.5707963267949,0.155,EMCAL,19.9272333435412,0.81448032241992
1.5707963267949,0.155,IHCAL,1.18359814413864,0.30896016560395
1.5707963267949,0.155,INTT,0.0423037758369731,0.0182183965751691
1.5707963267949,0.155,MAGNET,1.37474180495858,0.314444638671209
1.5707963267949,0.155,MVTX,0.0130965923315657,0.00573578703785599
1.5707963267949,0.155,OHCAL,35.0373056523845,3.85140990420206
1.5707963267949,0.155,OTHER,4.01115206813723e-25,7.22505946822173e-25
1.5707963267949,0.155,PIPE,0.00226681794676386,0.00202886401235187
1.5707963267949,0.155,TPC,0.0419996053850637,0.0153861426444033
1.5707963267949,0.16,EMCAL,20.0435221272989,0.850278493017567
1.5707963267949,0.16,IHCAL,1.18453751172583,0.309205369355647
1.5707963267949,0.16,INTT,0.042337346235582,0.0182328538859633
1.5707963267949,0.16,MAGNET,1.37583273902921,0.314694167978033
1.5707963267949,0.16,MVTX,0.0146595712737287,0.00656748644021596
1.5707963267949,0.16,OHCAL,35.0651093772442,3.8544661779787
1.5707963267949,0.16,OTHER,4.00804142653237e-25,7.21945644689576e-25
1.5707963267949,0.16,PIPE,0.0022686167928607,0.00203047402876931
1.5707963267949,0.16,TPC,0.0420329344074986,0.0153983524042032
1.5707963267949,0.165,EMCAL,19.844460127136,0.87732073310308
1.5707963267949,0.165,IHCAL,1.18550649309445,0.309458303322173
1.5707963267949,0.165,INTT,0.0423719750700519,0.0182477670190543
1.5707963267949,0.165,MAGNET,1.37695806898997,0.314951564655446
1.5707963267949,0.165,MVTX,0.0146715575249946,0.00657285592363321
1.5707963267949,0.165,OHCAL,35.0937897308775,3.85761881352798
1.5707963267949,0.165,OTHER,4.00483270999358e-25,7.21367676878444e-25
1.5707963267949,0.165,PIPE,0.00227047235449554,0.00203213480714325
1.5707963267949,0.165,TPC,0.0420673142554997,0.015410947123617
1.5707963267949,0.17,EMCAL,19.464745760378,0.866463369652799
1.5707963267949,0.17,IHCAL,1.20164067660046,0.318814089196417
1.5707963267949,0.17,INTT,0.0424076632061054,0.0182631363472712
1.5707963267949,0.17,MAGNET,1.37811782297417,0.31521683513838
1.5707963267949,0.17,MVTX,0.0125824171437728,0.00545880894472039
1.5707963267949,0.17,OHCAL,35.1233474302699,3.86086788966332
1.5707963267949,0.17,OTHER,4.00152583830279e-25,7.20772028939551e-25
1.5707963267949,0.17,PIPE,0.00227238467805749,0.00203384638899319
1.5707963267949,0.17,TPC,0.0421027457885317,0.0154239271175099
1.5707963267949,0.175,EMCAL,19.2148548166769,0.859089959142559
1.5707963267949,0.175,IHCAL,1.2026820746858,0.319090384127914
1.5707963267949,0.175,INTT,0.0424444115359477,0.0182789622548479
1.5707963267949,0.175,MAGNET,1.37931202997573,0.315489986058609
1.5707963267949,0.175,MVTX,0.0125933204282374,0.00546353927165852
1.5707963267949,0.175,OHCAL,35.1537832143401,3.86421348760914
1.5707963267949,0.175,OTHER,3.99812072878804e-25,7.20158685981669e-25
1.5707963267949,0.175,PIPE,0.00227435381135475,0.0020356088171088
1.5707963267949,0.175,TPC,0.0421392298924066,0.0154372927103846
1.5707963267949,0.18,EMCAL,19.3960278825062,0.821480185260504
1.5707963267949,0.18,IHCAL,1.20375354019467,0.319374656406317
1.5707963267949,0.18,INTT,0.0424822209782891,0.018295245137433
1.5707963267949,0.18,MAGNET,1.38054071984987,0.315771024244922
1.5707963267949,0.18,MVTX,0.0126045385463686,0.005468406187363
1.5707963267949,0.18,OHCAL,35.185097843959,3.86765569100292
1.5707963267949,0.18,OTHER,3.99461729632142e-25,7.19527632671191e-25
1.5707963267949,0.18,PIPE,0.00227637980361576,0.00203742213555086
1.5707963267949,0.18,TPC,0.0421767674792237,0.015451044236381
1.5707963267949,0.185,EMCAL,19.3017981472914,0.827105611295988
1.5707963267949,0.185,IHCAL,1.20485509992284,0.319666913140522
1.5707963267949,0.185,INTT,0.0425210924783676,0.0183119854020995
1.5707963267949,0.185,MAGNET,1.38180392331391,0.316059956723287
1.5707963267949,0.185,MVTX,0.0126160717786199,0.00547340981350698
1.5707963267949,0.185,OHCAL,35.2172921019687,3.87119458589727
1.5707963267949,0.185,OTHER,3.99101545331691e-25,7.18878853231751e-25
1.5707963267949,0.185,PIPE,0.00227846270549039,0.0020392863896524
1.5707963267949,0.185,TPC,0.0422153594874244,0.0154651820392881
1.5707963267949,0.19,EMCAL,19.5975787826099,0.862939747029961
1.5707963267949,0.19,IHCAL,1.20598678141847,0.319967161639049
1.5707963267949,0.19,INTT,0.0425610270079726,0.0183291834673547
1.5707963267949,0.19,MAGNET,1.383101671948,0.316356790717032
1.5707963267949,0.19,MVTX,0.0126279204133227,0.00547855027518137
1.5707963267949,0.19,OHCAL,35.2503667932018,3.87483026076207
1.5707963267949,0.19,OTHER,3.98731510972827e-25,7.1821233144383e-25
1.5707963267949,0.19,PIPE,0.00228060256905134,0.0020412016260199
1.5707963267949,0.19,TPC,0.0422550068818053,0.0154797064725511
1.5707963267949,0.195,EMCAL,19.4791779832854,0.866373070121725
1.5707963267949,0.195,IHCAL,1.20714861298281,0.320275409410217
1.5707963267949,0.195,INTT,0.0426020255654697,0.0183468397631513
1.5707963267949,0.195,MAGNET,1.38443399819593,0.316661533647021
1.5707963267949,0.195,MVTX,0.0126400847466937,0.00548382770089798
1.5707963267949,0.195,OHCAL,35.2843227445018,3.87856280648671
1.5707963267949,0.195,OTHER,3.98351617304672e-25,7.1752805064435e-25
1.5707963267949,0.195,PIPE,0.00228279944779532,0.0020431678925344
1.5707963267949,0.195,TPC,0.0422957106535647,0.0154946178992827
1.5707963267949,0.2,EMCAL,19.1148770197919,0.855262185591258
1.5707963267949,0.2,IHCAL,1.19312067761954,0.311445842830241
1.5707963267949,0.2,INTT,0.0426440891758246,0.0183649547308976
1.5707963267949,0.2,MAGNET,1.38580093536592,0.316974193131845
1.5707963267949,0.2,MVTX,0.0126525650828416,0.00548924222259273
1.5707963267949,0.2,OHCAL,35.3191608047437,3.88239231638233
1.5707963267949,0.2,OTHER,3.97961854829863e-25,7.16825993726252e-25
1.5707963267949,0.2,PIPE,0.00228505339664436,0.00204518523835258
1.5707963267949,0.2,TPC,0.0423374718202991,0.0155099166922694
1.5707963267949,0.205,EMCAL,19.2748833434549,0.845346492127308
1.5707963267949,0.205,IHCAL,1.19432750397199,0.311760862498992
1.5707963267949,0.205,INTT,0.0426872188906301,0.0183835288234686
1.5707963267949,0.205,MAGNET,1.38720251763148,0.317294776988006
1.5707963267949,0.205,MVTX,0.0122143224943021,0.005400420155549
1.5707963267949,0.205,OHCAL,35.3548818448548,3.88631888618417
1.5707963267949,0.205,OTHER,3.97562213804318e-25,7.16106143138079e-25
1.5707963267949,0.205,PIPE,0.00228736447194735,0.00204725371390827
1.5707963267949,0.205,TPC,0.0423802914260227,0.01552560323398
1.5707963267949,0.21,EMCAL,19.0456213153248,0.815801159979225
1.5707963267949,0.21,IHCAL,1.19540095055222,0.312046338779222
1.5707963267949,0.21,INTT,0.0427314157881311,0.0184025625052177
1.5707963267949,0.21,MAGNET,1.38863878003222,0.317623293230118
1.5707963267949,0.21,MVTX,0.0126784750194125,0.00550048309880073
1.5707963267949,0.21,OHCAL,35.3914867578376,3.89034261405399
1.5707963267949,0.21,OTHER,3.97152684236992e-25,7.15368480883529e-25
1.5707963267949,0.21,PIPE,0.00228973273148126,0.00204937337091342
1.5707963267949,0.21,TPC,0.0424241705412506,0.0155416779165813
1.5707963267949,0.215,EMCAL,19.3315998402157,0.856083470251701
1.5707963267949,0.215,IHCAL,1.1968307634448,0.312414292272156
1.5707963267949,0.215,INTT,0.0427766809732524,0.0184220562519878
1.5707963267949,0.215,MAGNET,1.39010975847479,0.317959750071103
1.5707963267949,0.215,MVTX,0.0144331073324474,0.0064339435553227
1.5707963267949,0.215,OHCAL,35.4289764587906,3.89446360058247
1.5707963267949,0.215,OTHER,3.96733255889624e-25,7.14612988521006e-25
1.5707963267949,0.215,PIPE,0.00229215823445272,0.00205154426235959
1.5707963267949,0.215,TPC,0.0424691102629403,0.0155581411419388
1.5707963267949,0.22,EMCAL,19.6580290139685,0.867510709985602
1.5707963267949,0.22,IHCAL,1.1981272591654,0.312752718716607
1.5707963267949,0.22,INTT,0.042823015577626,0.0184420105511238
1.5707963267949,0.22,MAGNET,1.39161548973372,0.3183041559224
1.5707963267949,0.22,MVTX,0.0149976993065796,0.00673337288176285
1.5707963267949,0.22,OHCAL,35.4673518849323,3.89868194879175
1.5707963267949,0.22,OTHER,3.96303918276482e-25,7.13839647163161e-25
1.5707963267949,0.22,PIPE,0.00229464104149943,0.00205376644251917
1.5707963267949,0.22,TPC,0.0425151117146099,0.0155749933216364
1.5707963267949,0.225,EMCAL,19.4924764713174,0.863830065385439
1.5707963267949,0.225,IHCAL,1.19945370852186,0.313098964084975
1.5707963267949,0.225,INTT,0.0428704207596193,0.018462425901484
1.5707963267949,0.225,MAGNET,1.39315601145237,0.318656519394174
1.5707963267949,0.225,MVTX,0.0169764288552223,0.00778615942201639
1.5707963267949,0.225,OHCAL,35.5066139956243,3.90299776413802
1.5707963267949,0.225,OTHER,3.95864660664104e-25,7.13048437476421e-25
1.5707963267949,0.225,PIPE,0.00229718121469167,0.00205603996694676
1.5707963267949,0.225,TPC,0.0425621760462752,0.0155922348769769
1.5707963267949,0.23,EMCAL,19.6681831310208,0.843480629753855
1.5707963267949,0.23,IHCAL,1.2008101446849,0.31345303703556
1.5707963267949,0.23,INTT,0.0429188977043646,0.0184833028134534
1.5707963267949,0.23,MAGNET,1.39473136214388,0.319016849295529
1.5707963267949,0.23,MVTX,0.0168379803186299,0.00771097764516242
1.5707963267949,0.23,OHCAL,35.546763772395,3.90741115451414
1.5707963267949,0.23,OTHER,3.95415472071028e-25,7.12239339680503e-25
1.5707963267949,0.23,PIPE,0.00229977881753395,0.00205836489248064
1.5707963267949,0.23,TPC,0.0426103044345699,0.0156098662390028
1.5707963267949,0.235,EMCAL,19.7269281874583,0.831487078854287
1.5707963267949,0.235,IHCAL,1.20219660157493,0.313814946422368
1.5707963267949,0.235,INTT,0.0429684476237878,0.0185046418089558
1.5707963267949,0.235,MAGNET,1.39634158119207,0.319385154634732
1.5707963267949,0.235,MVTX,0.0127488027198116,0.00553099436508715
1.5707963267949,0.235,OHCAL,35.5878022189648,3.91192223025232
1.5707963267949,0.235,OTHER,3.94956341267514e-25,7.11412333547919e-25
1.5707963267949,0.235,PIPE,0.00230243391496642,0.00206074127724402
1.5707963267949,0.235,TPC,0.0426594980826833,0.0156278878484963
1.5707963267949,0.24,EMCAL,19.7573673522788,0.866228810936579
1.5707963267949,0.24,IHCAL,1.20361311386293,0.314184701295319
1.5707963267949,0.24,INTT,0.0430190717566395,0.0185264434214672
1.5707963267949,0.24,MAGNET,1.39798670885253,0.319761444619436
1.5707963267949,0.24,MVTX,0.0127638229757966,0.00553751081632112
1.5707963267949,0.24,OHCAL,35.6297303612703,3.91653110412692
1.5707963267949,0.24,OTHER,3.9448725677527e-25,7.10567398403472e-25
1.5707963267949,0.24,PIPE,0.00230514657336671,0.00206316918064667
1.5707963267949,0.24,TPC,0.0427097582204821,0.0156463001560013
1.5707963267949,0.245,EMCAL,19.7627520538872,0.874769515809278
1.5707963267949,0.245,IHCAL,1.2050597169713,0.314562310900483
1.5707963267949,0.245,INTT,0.0430707713685257,0.0185487081960291
1.5707963267949,0.245,MAGNET,1.39966678625352,0.32014572865691
1.5707963267949,0.245,MVTX,0.0127791623280208,0.00554416570561392
1.5707963267949,0.245,OHCAL,35.6725492821931,3.92123789499791
1.5707963267949,0.245,OTHER,3.94008206867158e-25,7.09704513123742e-25
1.5707963267949,0.245,PIPE,0.0023079168605514,0.0020656486633863
1.5707963267949,0.245,TPC,0.0427610861044552,0.0156651036218245
1.5707963267949,0.25,EMCAL,20.1604920437378,0.885685565835397
1.5707963267949,0.25,IHCAL,1.35050486659775,0.34991368302442
1.5707963267949,0.25,INTT,0.0431235477519394,0.0185714366892619
1.5707963267949,0.25,MAGNET,1.40138185539706,0.320538016354274
1.5707963267949,0.25,MVTX,0.0127948211599688,0.00555095919933813
1.5707963267949,0.25,OHCAL,35.7162604590865,3.92604276322138
1.5707963267949,0.25,OTHER,3.93519179566904e-25,7.08823656136549e-25
1.5707963267949,0.25,PIPE,0.00231074484577777,0.00206817978745008
1.5707963267949,0.25,TPC,0.042813483017808,0.0156842987160541
1.5707963267949,0.255,EMCAL,20.11063930714,0.885493496503802
1.5707963267949,0.255,IHCAL,1.39309764916306,0.363404002350689
1.5707963267949,0.255,INTT,0.0431774022262929,0.0185946294693792
1.5707963267949,0.255,MAGNET,1.40313195915997,0.320938317518741
1.5707963267949,0.255,MVTX,0.0128107998631122,0.00555789146733142
1.5707963267949,0.255,OHCAL,35.7608645448657,3.93094578277237
1.5707963267949,0.255,OTHER,3.93020162648803e-25,7.07924805420424e-25
1.5707963267949,0.255,PIPE,0.00231363059974567,0.00207076261611629
1.5707963267949,0.255,TPC,0.0428669502704661,0.0157038859185685
1.5707963267949,0.26,EMCAL,19.1151988998318,0.814003153433344
1.5707963267949,0.26,IHCAL,1.33746589320362,0.350736301494559
1.5707963267949,0.26,INTT,0.0432323361379509,0.0186182871162018
1.5707963267949,0.26,MAGNET,1.40491714129495,0.321346642157863
1.5707963267949,0.26,MVTX,0.012238034897838,0.00543403150856878
1.5707963267949,0.26,OHCAL,35.8063626546466,3.93594707622778
1.5707963267949,0.26,OTHER,3.92511143637405e-25,7.07007938504052e-25
1.5707963267949,0.26,PIPE,0.00231657419459905,0.00207339721395574
1.5707963267949,0.26,TPC,0.0429214891991136,0.0157238657190488
1.5707963267949,0.265,EMCAL,19.0060271283131,0.844466644038875
1.5707963267949,0.265,IHCAL,1.34119485750871,0.351647296283411
1.5707963267949,0.265,INTT,0.0432883508602641,0.0186424102211719
1.5707963267949,0.265,MAGNET,1.40673744643163,0.321763000479775
1.5707963267949,0.265,MVTX,0.0128437184888656,0.00557217302282725
1.5707963267949,0.265,OHCAL,35.852755925895,3.94104676862136
1.5707963267949,0.265,OTHER,3.91992109807207e-25,7.06073032465713e-25
1.5707963267949,0.265,PIPE,0.00231957570392794,0.00207608364683351
1.5707963267949,0.265,TPC,0.0429771011672267,0.015744238616991
1.5707963267949,0.27,EMCAL,19.4227559067066,0.858944042871108
1.5707963267949,0.27,IHCAL,1.3429609276164,0.35211044025871
1.5707963267949,0.27,INTT,0.0433454477936033,0.0186669993873686
1.5707963267949,0.27,MAGNET,1.40859292007774,0.322187402893457
1.5707963267949,0.27,MVTX,0.0128606592344429,0.00557952266736941
1.5707963267949,0.27,OHCAL,35.9000455184566,3.94624498744688
1.5707963267949,0.27,OTHER,3.91463048182337e-25,7.05120063932707e-25
1.5707963267949,0.27,PIPE,0.00232263520277025,0.0020788219819106
1.5707963267949,0.27,TPC,0.0430337875651072,0.0157650051217186
1.5707963267949,0.275,EMCAL,19.3614844622963,0.858625783331928
1.5707963267949,0.275,IHCAL,1.3447626569018,0.352582863934666
1.5707963267949,0.275,INTT,0.043403628365395,0.0186920552295221
1.5707963267949,0.275,MAGNET,1.41048360862021,0.322619860008993
1.5707963267949,0.275,MVTX,0.012877921497171,0.00558701180026885
1.5707963267949,0.275,OHCAL,35.9482326145847,3.95154186266123
1.5707963267949,0.275,OTHER,3.90923945536227e-25,7.0414900908077e-25
1.5707963267949,0.275,PIPE,0.0023257527676136,0.00208161228764551
1.5707963267949,0.275,TPC,0.0430915498099183,0.0157861657523954
1.5707963267949,0.28,EMCAL,18.8718386097967,0.818594320016731
1.5707963267949,0.28,IHCAL,1.30703631894277,0.344015159239518
1.5707963267949,0.28,INTT,0.0434628940301564,0.01871757837403
1.5707963267949,0.28,MAGNET,1.41240955932637,0.323060382637831
1.5707963267949,0.28,MVTX,0.0136536201360553,0.00599852973642668
1.5707963267949,0.28,OHCAL,35.9973184189705,3.95693752668777
1.5707963267949,0.28,OTHER,3.90374788391282e-25,7.03159843633481e-25
1.5707963267949,0.28,PIPE,0.00232892847639727,0.00208445463379602
1.5707963267949,0.28,TPC,0.0431503893457132,0.0158077210380375
1.5707963267949,0.285,EMCAL,18.857025914309,0.804658745272801
1.5707963267949,0.285,IHCAL,1.32844632060226,0.348974833588405
1.5707963267949,0.285,INTT,0.0435232462695323,0.018743569458972
1.5707963267949,0.285,MAGNET,1.41437082034507,0.323508981793062
1.5707963267949,0.285,MVTX,0.0150705836533999,0.0067516527502901
1.5707963267949,0.285,OHCAL,36.0473041587732,3.96243211441957
1.5707963267949,0.285,OTHER,3.89815563018546e-25,7.02152542861653e-25
1.5707963267949,0.285,PIPE,0.00233216240851416,0.00208734909142095
1.5707963267949,0.285,TPC,0.0432103076435062,0.0158296715175308
1.5707963267949,0.29,EMCAL,19.8435831268363,0.870041402492177
1.5707963267949,0.29,IHCAL,1.23498476837143,0.327661069945957
1.5707963267949,0.29,INTT,0.0435846865923317,0.0187700291341268
1.5707963267949,0.29,MAGNET,1.41636744070794,0.323965668689687
1.5707963267949,0.29,MVTX,0.0150918627400068,0.00676118620185922
1.5707963267949,0.29,OHCAL,36.0981910836501,3.9680257632228
1.5707963267949,0.29,OTHER,3.89246255437355e-25,7.01127081582712e-25
1.5707963267949,0.29,PIPE,0.00233545464481272,0.00209029573288188
1.5707963267949,0.29,TPC,0.043271306201224,0.0158520177396347
1.5707963267949,0.295,EMCAL,20.1422377758148,0.886912982903017
1.5707963267949,0.295,IHCAL,1.23675657246741,0.328131157707922
1.5707963267949,0.295,INTT,0.043647216534566,0.0187969580609875
1.5707963267949,0.295,MAGNET,1.4183994703306,0.324430454744903
1.5707963267949,0.295,MVTX,0.0130386206259184,0.00566547647382095
1.5707963267949,0.295,OHCAL,36.1499804657884,3.97371861294017
1.5707963267949,0.295,OTHER,3.8866685141499e-25,7.00083434160076e-25
1.5707963267949,0.295,PIPE,0.00233880526759904,0.002093294631845
1.5707963267949,0.295,TPC,0.0433333865438561,0.0158747602630083
1.5707963267949,0.3,EMCAL,19.9346396217838,0.882672240633688
1.5707963267949,0.3,IHCAL,1.22390045833377,0.319800812551599
1.5707963267949,0.3,INTT,0.0437108376594869,0.0188243569127788
1.5707963267949,0.3,MAGNET,1.42046696001389,0.324903351578384
1.5707963267949,0.3,MVTX,0.0129690709545207,0.0056265564654474
1.5707963267949,0.3,OHCAL,36.202673599937,3.97951080589443
1.5707963267949,0.3,OTHER,3.8807733646632e-25,6.99021574502502e-25
1.5707963267949,0.3,PIPE,0.00234221436063886,0.00209634586328293
1.5707963267949,0.3,TPC,0.0433965502234029,0.0158978996562146
1.5707963267949,0.305,EMCAL,19.7302409800235,0.875536457872565
1.5707963267949,0.305,IHCAL,1.22476915063264,0.319707456811255
1.5707963267949,0.305,INTT,0.0437755515576259,0.0188522263744733
1.5707963267949,0.305,MAGNET,1.42256996144517,0.325384371012578
1.5707963267949,0.305,MVTX,0.0129882716649543,0.00563488658267862
1.5707963267949,0.305,OHCAL,36.2562718034385,3.98540248689192
1.5707963267949,0.305,OTHER,3.8747769585344e-25,6.97941476063445e-25
1.5707963267949,0.305,PIPE,0.0023456820091597,0.00209944950347665
1.5707963267949,0.305,TPC,0.0434607988189714,0.015921436497741
1.5707963267949,0.31,EMCAL,18.7857224234158,0.805738796953911
1.5707963267949,0.31,IHCAL,1.22661032458726,0.320188068565432
1.5707963267949,0.31,INTT,0.0438413598468339,0.0188805671428091
1.5707963267949,0.31,MAGNET,1.42470852719958,0.325873525072993
1.5707963267949,0.31,MVTX,0.013007797082856,0.0056433575723679
1.5707963267949,0.31,OHCAL,36.3107763568407,3.99139379699219
1.5707963267949,0.31,OTHER,3.86867914585304e-25,6.96843111840386e-25
1.5707963267949,0.31,PIPE,0.00234920829985293,0.00210260563001729
1.5707963267949,0.31,TPC,0.0435261339367797,0.0159453713760097
1.5707963267949,0.315,EMCAL,18.7769440533263,0.837400527256636
1.5707963267949,0.315,IHCAL,1.22848216370224,0.320676685001028
1.5707963267949,0.315,INTT,0.0439082641723214,0.0189093799263068
1.5707963267949,0.315,MAGNET,1.42688271074136,0.326370825988508
1.5707963267949,0.315,MVTX,0.0130276476963622,0.00565196964629041
1.5707963267949,0.315,OHCAL,36.3661885570748,3.99748487908714
1.5707963267949,0.315,OTHER,3.8624797741735e-25,6.95726454374165e-25
1.5707963267949,0.315,PIPE,0.002352793320876,0.00210581432180819
1.5707963267949,0.315,TPC,0.0435925572101918,0.015969704889392
1.5707963267949,0.32,EMCAL,18.8353197875211,0.842757260281545
1.5707963267949,0.32,IHCAL,1.23038471477075,0.321173318332812
1.5707963267949,0.32,INTT,0.0439762662067002,0.0189386654452875
1.5707963267949,0.32,MAGNET,1.42909256642524,0.326876286191671
1.5707963267949,0.32,MVTX,0.0130478240017394,0.00566072301974845
1.5707963267949,0.32,OHCAL,36.4225099137285,4.00367589849251
1.5707963267949,0.32,OTHER,3.85617868851113e-25,6.94591475748284e-25
1.5707963267949,0.32,PIPE,0.00235643716185465,0.00210907565906682
1.5707963267949,0.32,TPC,0.0436600702998163,0.0159944376462296
1.5707963267949,0.325,EMCAL,18.6469138800466,0.836136151187681
1.5707963267949,0.325,IHCAL,1.2323180253537,0.32167798097597
1.5707963267949,0.325,INTT,0.0440453676500245,0.0189684244318907
1.5707963267949,0.325,MAGNET,1.43133814949771,0.327389918319014
1.5707963267949,0.325,MVTX,0.0130683265033962,0.00566961791157681
1.5707963267949,0.325,OHCAL,36.4797315037957,4.0099659261412
1.5707963267949,0.325,OTHER,3.8497757313385e-25,6.93438147588221e-25
1.5707963267949,0.325,PIPE,0.00236013991388507,0.00211238972332677
1.5707963267949,0.325,TPC,0.0437286748934605,0.0160195702648401
1.5707963267949,0.33,EMCAL,19.0632929900359,0.811378113194867
1.5707963267949,0.33,IHCAL,1.23428214378102,0.32219068554642
1.5707963267949,0.33,INTT,0.0441155702298341,0.0189986576300927
1.5707963267949,0.33,MAGNET,1.43361951609846,0.327911735211366
1.5707963267949,0.33,MVTX,0.0130891557138962,0.00567865454414825
1.5707963267949,0.33,OHCAL,36.5378601306667,4.01635568295652
1.5707963267949,0.33,OTHER,3.84327074258132e-25,6.92266441060711e-25
1.5707963267949,0.33,PIPE,0.00236390166953628,0.00211575659743984
1.5707963267949,0.33,TPC,0.0437983727062664,0.0160451033735429
1.5707963267949,0.335,EMCAL,19.0433184242786,0.809422474890722
1.5707963267949,0.335,IHCAL,1.2362771191528,0.322711444861121
1.5707963267949,0.335,INTT,0.0441868757011971,0.019029365795725
1.5707963267949,0.335,MAGNET,1.43593672326178,0.328441749914178
1.5707963267949,0.335,MVTX,0.0131103121539708,0.00568783314337907
1.5707963267949,0.335,OHCAL,37.3459576497966,4.10143021162892
1.5707963267949,0.335,OTHER,3.83666355961454e-25,6.91076326873029e-25
1.5707963267949,0.335,PIPE,0.00236772252285232,0.00211917636557802
1.5707963267949,0.335,TPC,0.0438691654806652,0.016071037610665
1.5707963267949,0.34,EMCAL,20.0555044521867,0.877384492590499
1.5707963267949,0.34,IHCAL,1.23830300134053,0.323240271938401
1.5707963267949,0.34,INTT,0.0442592858467541,0.0190605496964932
1.5707963267949,0.34,MAGNET,1.43828982891797,0.328979975677843
1.5707963267949,0.34,MVTX,0.013131796352532,0.00569715393873468
1.5707963267949,0.34,OHCAL,38.7829432842766,4.25248678069747
1.5707963267949,0.34,OTHER,3.82995401725824e-25,6.89867775272258e-25
1.5707963267949,0.34,PIPE,0.00237160256935476,0.00212264911323572
1.5707963267949,0.34,TPC,0.0439410549864858,0.0160973736245645
1.5707963267949,0.345,EMCAL,20.3370804053241,0.896156987689635
1.5707963267949,0.345,IHCAL,1.24035984098837,0.323777179998275
1.5707963267949,0.345,INTT,0.0443328024767624,0.0190922101119966
1.5707963267949,0.345,MAGNET,1.4406788918948,0.329526425958035
1.5707963267949,0.345,MVTX,0.0135264047209409,0.00590522596818793
1.5707963267949,0.345,OHCAL,38.8473489887567,4.25954883023981
1.5707963267949,0.345,OTHER,3.82314194777352e-25,6.88640756044547e-25
1.5707963267949,0.345,PIPE,0.00237554190604497,0.00212617492723181
1.5707963267949,0.345,TPC,0.0440140430209697,0.016124112073643
1.5707963267949,0.35,EMCAL,19.9207351588068,0.884477975434546
1.5707963267949,0.35,IHCAL,1.2491973268159,0.328378108588129
1.5707963267949,0.35,INTT,0.0444074274291417,0.0191243478337472
1.5707963267949,0.35,MAGNET,1.44310397191896,0.330081114416039
1.5707963267949,0.35,MVTX,0.0147792926060022,0.00675663920862425
1.5707963267949,0.35,OHCAL,38.9127367551209,4.26671850975407
1.5707963267949,0.35,OTHER,3.81622718085828e-25,6.8739523851435e-25
1.5707963267949,0.35,PIPE,0.00237954063140655,0.00212975389571182
1.5707963267949,0.35,TPC,0.0440881314088272,0.0161512536263636
1.5707963267949,0.355,EMCAL,19.8422444038949,0.873010954507065
1.5707963267949,0.355,IHCAL,1.2604429221284,0.334415537923676
1.5707963267949,0.355,INTT,0.0444831625695195,0.0191569636651897
1.5707963267949,0.355,MAGNET,1.44556512961758,0.330644054919095
1.5707963267949,0.355,MVTX,0.0154049782186188,0.00690163247754984
1.5707963267949,0.355,OHCAL,38.9791007920516,4.27399521940989
1.5707963267949,0.355,OTHER,3.80920954364298e-25,6.86131191543664e-25
1.5707963267949,0.355,PIPE,0.00238359884540783,0.00213338610815013
1.5707963267949,0.355,TPC,0.0441633220022549,0.016178798961265
1.5707963267949,0.36,EMCAL,18.3657682319618,0.798424657819542
1.5707963267949,0.36,IHCAL,1.26262037302825,0.334993251595206
1.5707963267949,0.36,INTT,0.0445600097912784,0.0191900584217216
1.5707963267949,0.36,MAGNET,1.44806242651973,0.331215261540745
1.5707963267949,0.36,MVTX,0.015431595856993,0.00691355792323654
1.5707963267949,0.36,OHCAL,39.0464474237243,4.28137963054396
1.5707963267949,0.36,OTHER,3.80208886068635e-25,6.8484858353125e-25
1.5707963267949,0.36,PIPE,0.0023877166495044,0.00213707165535227
1.5707963267949,0.36,TPC,0.0442396166810385,0.0162067487669837
1.5707963267949,0.365,EMCAL,18.3565497916289,0.827174494583879
1.5707963267949,0.365,IHCAL,1.23153614007582,0.315573085907047
1.5707963267949,0.365,INTT,0.044637971015603,0.0192236329307135
1.5707963267949,0.365,MAGNET,1.45059592505796,0.331794748561184
1.5707963267949,0.365,MVTX,0.0135794866869856,0.00592454988316641
1.5707963267949,0.365,OHCAL,39.1147865614082,4.28887279093494
1.5707963267949,0.365,OTHER,3.79486495397092e-25,6.83547382411839e-25
1.5707963267949,0.365,PIPE,0.00239189414664159,0.00214081062945711
1.5707963267949,0.365,TPC,0.0443170173525372,0.016235103742265
1.5707963267949,0.37,EMCAL,18.4753861644853,0.830168666570972
1.5707963267949,0.37,IHCAL,1.2688493843856,0.337243052546473
1.5707963267949,0.37,INTT,0.0447170481915278,0.0192576880315299
1.5707963267949,0.37,MAGNET,1.45316568856988,0.332382530467618
1.5707963267949,0.37,MVTX,0.0132676151253481,0.00575607812821578
1.5707963267949,0.37,OHCAL,38.7294210470741,4.24877184942046
1.5707963267949,0.37,OTHER,3.78753764289865e-25,6.82227555655337e-25
1.5707963267949,0.37,PIPE,0.00239613144125699,0.00214460312393917
1.5707963267949,0.37,TPC,0.0443955259517839,0.016263864595986
1.5707963267949,0.375,EMCAL,18.4951553035614,0.830931657091981
1.5707963267949,0.375,IHCAL,1.27112488897663,0.337847852351522
1.5707963267949,0.375,INTT,0.0447972432959865,0.0192922245755501
1.5707963267949,0.375,MAGNET,1.45577178129969,0.332978621954626
1.5707963267949,0.375,MVTX,0.013291409132867,0.00576640102083575
1.5707963267949,0.375,OHCAL,37.3430965352832,4.10366366227704
1.5707963267949,0.375,OTHER,3.78010674428639e-25,6.80889070266004e-25
1.5707963267949,0.375,PIPE,0.00240042863928324,0.00214844923361103
1.5707963267949,0.375,TPC,0.0444751444415034,0.0162930320471703
1.5707963267949,0.38,EMCAL,18.5367776798393,0.773646501810466
1.5707963267949,0.38,IHCAL,1.27343217155509,0.338461098324502
1.5707963267949,0.38,INTT,0.0448785583338607,0.0193272434261895
1.5707963267949,0.38,MAGNET,1.45841426839985,0.333583037924525
1.5707963267949,0.38,MVTX,0.0133155354263066,0.00577686807378163
1.5707963267949,0.38,OHCAL,37.1697830252023,4.08581865648928
1.5707963267949,0.38,OTHER,3.77257207236128e-25,6.79531892781639e-25
1.5707963267949,0.38,PIPE,0.0024047858481505,0.00215234905462564
1.5707963267949,0.38,TPC,0.044555874812133,0.0163226068250026
1.5707963267949,0.385,EMCAL,18.5946255986958,0.802555258663383
1.5707963267949,0.385,IHCAL,1.27577128980001,0.339082805795871
1.5707963267949,0.385,INTT,0.0449609953380307,0.0193627454589212
1.5707963267949,0.385,MAGNET,1.46109321593269,0.334195793487746
1.5707963267949,0.385,MVTX,0.0133399946088253,0.0057874795487302
1.5707963267949,0.385,OHCAL,37.2380744521018,4.09332539028133
1.5707963267949,0.385,OTHER,3.76493343875614e-25,6.78155989272731e-25
1.5707963267949,0.385,PIPE,0.00240920317678921,0.00215630268447871
1.5707963267949,0.385,TPC,0.0446377190819648,0.0163525896688567
1.5707963267949,0.39,EMCAL,20.0862584994894,0.889659824530398
1.5707963267949,0.39,IHCAL,1.26451242686242,0.331522658747305
1.5707963267949,0.39,INTT,0.0450445563694259,0.0193987315612978
1.5707963267949,0.39,MAGNET,1.46380869087202,0.334816903963211
1.5707963267949,0.39,MVTX,0.013364787291904,0.00579823571096892
1.5707963267949,0.39,OHCAL,37.3073027449389,4.10093507767114
1.5707963267949,0.39,OTHER,3.75719065250472e-25,6.76761325341622e-25
1.5707963267949,0.39,PIPE,0.0024136807356328,0.00216031022201119
1.5707963267949,0.39,TPC,0.0447206792970872,0.0163829813283031
1.5707963267949,0.395,EMCAL,19.7374648085993,0.882921917477482
1.5707963267949,0.395,IHCAL,1.26396570058217,0.330388835897415
1.5707963267949,0.395,INTT,0.0451292435170763,0.0194352026329739
1.5707963267949,0.395,MAGNET,1.46656076110486,0.335446384878713
1.5707963267949,0.395,MVTX,0.0150335188599826,0.00594135873337207
1.5707963267949,0.395,OHCAL,37.3774435218583,4.10864516939866
1.5707963267949,0.395,OTHER,3.74934352003697e-25,6.75347866121641e-25
1.5707963267949,0.395,PIPE,0.0024182186366205,0.00216437176741174
1.5707963267949,0.395,TPC,0.0448047575315209,0.0164137825631359
1.5707963267949,0.4,EMCAL,20.3239441050462,0.899108597237349
1.5707963267949,0.4,IHCAL,1.26636915303873,0.331017077170456
1.5707963267949,0.4,INTT,0.0452150588981652,0.0194721595857279
1.5707963267949,0.4,MAGNET,1.46934949543312,0.336084251971308
1.5707963267949,0.4,MVTX,0.0236925905286552,0.00664694697547174
1.5707963267949,0.4,OHCAL,37.4485187382133,4.11645797761636
1.5707963267949,0.4,OTHER,3.74139184517416e-25,6.73915576276235e-25
1.5707963267949,0.4,PIPE,0.00242281699320008,0.00216848742221921
1.5707963267949,0.4,TPC,0.0448899558872385,0.0164449941433891
1.5707963267949,0.405,EMCAL,19.0452726130886,0.816988751416734
1.5707963267949,0.405,IHCAL,1.26880426457307,0.331653593838033
1.5707963267949,0.405,INTT,0.0453020046580815,0.0195096033434859
1.5707963267949,0.405,MAGNET,1.47217496357529,0.336730521187707
1.5707963267949,0.405,MVTX,0.0181650005213062,0.0062113894562022
1.5707963267949,0.405,OHCAL,37.5205301709093,4.1243736976471
1.5707963267949,0.405,OTHER,3.73333542912401e-25,6.72464419998081e-25
1.5707963267949,0.405,PIPE,0.00242747592033067,0.00217265728932518
1.5707963267949,0.405,TPC,0.0449762764941853,0.0164766168493516
1.5707963267949,0.41,EMCAL,18.6856416592841,0.813601325544993
1.5707963267949,0.41,IHCAL,1.27127109605984,0.332298401812346
1.5707963267949,0.41,INTT,0.0453900829704737,0.0195475348423435
1.5707963267949,0.41,MAGNET,1.47503723616822,0.337385208684673
1.5707963267949,0.41,MVTX,0.0134673055515762,0.0058427126653173
1.5707963267949,0.41,OHCAL,37.5934796202573,4.13239252738653
1.5707963267949,0.41,OTHER,3.7251740704757e-25,6.70994361008198e-25
1.5707963267949,0.41,PIPE,0.0024321955344857,0.00217688147297654
1.5707963267949,0.41,TPC,0.045063721510387,0.0165086514715936
1.5707963267949,0.415,EMCAL,18.7625647849281,0.836933852672844
1.5707963267949,0.415,IHCAL,1.24404952301332,0.326153620209586
1.5707963267949,0.415,INTT,0.0454792960373043,0.0195859550305903
1.5707963267949,0.415,MAGNET,1.47793638476888,0.338048330829429
1.5707963267949,0.415,MVTX,0.0134937752020279,0.005854196370157
1.5707963267949,0.415,OHCAL,37.6673689100188,4.14051466730807
1.5707963267949,0.415,OTHER,3.71690756519484e-25,6.69505362555035e-25
1.5707963267949,0.415,PIPE,0.00243697595365576,0.00218116007877809
1.5707963267949,0.415,TPC,0.0451522931219735,0.0165410988109821
1.5707963267949,0.42,EMCAL,18.6194781228226,0.833354273796925
1.5707963267949,0.42,IHCAL,1.27630016635569,0.333612956366791
1.5707963267949,0.42,INTT,0.0455696460889045,0.0196248648687329
1.5707963267949,0.42,MAGNET,1.48087248185614,0.338719904200063
1.5707963267949,0.42,MVTX,0.0135205821975624,0.00586582643021087
1.5707963267949,0.42,OHCAL,37.7421998874516,4.14874032046791
1.5707963267949,0.42,OTHER,3.70853570661836e-25,6.67997387413551e-25
1.5707963267949,0.42,PIPE,0.0024418172973516,0.00218549321369523
1.5707963267949,0.42,TPC,0.0452419935432337,0.0165739596787018
1.5707963267949,0.425,EMCAL,18.5785718794488,0.832666065407643
1.5707963267949,0.425,IHCAL,1.27886253088515,0.334282735809335
1.5707963267949,0.425,INTT,0.0456611353840304,0.0196642653295194
1.5707963267949,0.425,MAGNET,1.48384560083257,0.339399945585943
1.5707963267949,0.425,MVTX,0.0135477272083561,0.00587760313623101
1.5707963267949,0.425,OHCAL,37.8179744233558,4.15706969251011
1.5707963267949,0.425,OTHER,3.70005828544937e-25,6.66470397884292e-25
1.5707963267949,0.425,PIPE,0.00244671968660705,0.00218988098605654
1.5707963267949,0.425,TPC,0.0453328250167009,0.016607234896278
1.5707963267949,0.43,EMCAL,18.8154090946241,0.783118685348083
1.5707963267949,0.43,IHCAL,1.28145686681094,0.334960872284264
1.5707963267949,0.43,INTT,0.045753766209919,0.0197041573979633
1.5707963267949,0.43,MAGNET,1.48685581602631,0.340088471988139
1.5707963267949,0.43,MVTX,0.0135752109130355,0.00588952678263567
1.5707963267949,0.43,OHCAL,37.8946944121209,4.1655029916717
1.5707963267949,0.43,OTHER,3.69147508975189e-25,6.64924355792438e-25
1.5707963267949,0.43,PIPE,0.0024516832439821,0.00219432350555655
1.5707963267949,0.43,TPC,0.0454247898131425,0.0166409252955902
1.5707963267949,0.435,EMCAL,18.8579664585936,0.815805497827762
1.5707963267949,0.435,IHCAL,1.28408323898822,0.335647382744253
1.5707963267949,0.435,INTT,0.0458475408823459,0.0197445420713684
1.5707963267949,0.435,MAGNET,1.48990320269289,0.340785500619849
1.5707963267949,0.435,MVTX,0.0136030339986948,0.00590159766751663
1.5707963267949,0.435,OHCAL,37.9723617717727,4.17404042878795
1.5707963267949,0.435,OTHER,3.68278590494558e-25,6.63359222486856e-25
1.5707963267949,0.435,PIPE,0.00245670809356593,0.00219882088325849
1.5707963267949,0.435,TPC,0.0455178902317075,0.0166750317189029
1.5707963267949,0.44,EMCAL,21.0156552702007,0.922717469325594
1.5707963267949,0.44,IHCAL,1.30362004033609,0.346484643924207
1.5707963267949,0.44,INTT,0.0459424617456827,0.0197854203593537
1.5707963267949,0.44,MAGNET,1.49298783701714,0.341491048906823
1.5707963267949,0.44,MVTX,0.0136311971609127,0.00591381609264669
1.5707963267949,0.44,OHCAL,38.0509784440213,4.18268221729753
1.5707963267949,0.44,OTHER,3.67399051380037e-25,6.61774958839133e-25
1.5707963267949,0.44,PIPE,0.00246179436098006,0.00220337323159703
1.5707963267949,0.44,TPC,0.0456121285998867,0.0167095550188757
1.5707963267949,0.445,EMCAL,20.7265445351848,0.913612634607564
1.5707963267949,0.445,IHCAL,1.30634597674318,0.347209162549611
1.5707963267949,0.445,INTT,0.0460385311729561,0.0198267932838785
1.5707963267949,0.445,MAGNET,1.49610979611507,0.342205134487806
1.5707963267949,0.445,MVTX,0.0136597011037694,0.00592618236348706
1.5707963267949,0.445,OHCAL,38.1305463943104,4.19142857324798
1.5707963267949,0.445,OTHER,3.66508869643103e-25,6.60171525242595e-25
1.5707963267949,0.445,PIPE,0.00246694217338143,0.00220798066438111
1.5707963267949,0.445,TPC,0.0457075072736514,0.016744496058594
1.5707963267949,0.45,EMCAL,20.4131273585956,0.906766635826692
1.5707963267949,0.45,IHCAL,1.30910457162053,0.347942361365618
1.5707963267949,0.45,INTT,0.0461357515659066,0.019868661879268
1.5707963267949,0.45,MAGNET,1.49926915803582,0.342927775214974
1.5707963267949,0.45,MVTX,0.0136885465398652,0.00593869678919514
1.5707963267949,0.45,OHCAL,38.2110676118653,4.20027971530103
1.5707963267949,0.45,OTHER,3.65608023029166e-25,6.58548881611319e-25
1.5707963267949,0.45,PIPE,0.00247215165946562,0.00221264329679681
1.5707963267949,0.45,TPC,0.0458040286375012,0.0167798557115878
1.5707963267949,0.455,EMCAL,18.0644722030455,0.772831021288343
1.5707963267949,0.455,IHCAL,1.28408405508491,0.331971840133548
1.5707963267949,0.455,INTT,0.0462341253550491,0.0199110271922393
1.5707963267949,0.455,MAGNET,1.50246600176362,0.343658989154383
1.5707963267949,0.455,MVTX,0.0154182275439189,0.00685730574080525
1.5707963267949,0.455,OHCAL,38.2925441097435,4.20923586473808
1.5707963267949,0.455,OTHER,3.64696489017012e-25,6.56906987379128e-25
1.5707963267949,0.455,PIPE,0.00247742294947006,0.00221736124541017
1.5707963267949,0.455,TPC,0.0459016951044412,0.0168156348618473
1.5707963267949,0.46,EMCAL,17.9529089638452,0.803242170872595
1.5707963267949,0.46,IHCAL,1.31287632806417,0.348326983688315
1.5707963267949,0.46,INTT,0.0463336549997336,0.0199538902819274
1.5707963267949,0.46,MAGNET,1.50570040721971,0.344398794586421
1.5707963267949,0.46,MVTX,0.0160491850220999,0.00719053049946881
1.5707963267949,0.46,OHCAL,38.3749779248847,4.21829724546574
1.5707963267949,0.46,OTHER,3.63774244818246e-25,6.55245801498583e-25
1.5707963267949,0.46,PIPE,0.00248275617517728,0.00222213462817017
1.5707963267949,0.46,TPC,0.0460005091161496,0.0168518344038543
1.5707963267949,0.465,EMCAL,18.3669520399144,0.827401792803837
1.5707963267949,0.465,IHCAL,1.31572930887032,0.349083926359499
1.5707963267949,0.465,INTT,0.0464343429882062,0.0199972522199119
1.5707963267949,0.465,MAGNET,1.50897245526441,0.34514721000626
1.5707963267949,0.465,MVTX,0.014305575118637,0.00625865900767036
1.5707963267949,0.465,OHCAL,38.4583711181614,4.2274640840214
1.5707963267949,0.465,OTHER,3.62841267376714e-25,6.5356528243995e-25
1.5707963267949,0.465,PIPE,0.00248815146991818,0.00222696356441159
1.5707963267949,0.465,TPC,0.0461004731429817,0.016888455242599
1.5707963267949,0.47,EMCAL,18.5319841192619,0.831409077108325
1.5707963267949,0.47,IHCAL,1.31861518271646,0.349849596087265
1.5707963267949,0.47,INTT,0.0465361918376721,0.0200411140902433
1.5707963267949,0.47,MAGNET,1.51228222769907,0.345904254124326
1.5707963267949,0.47,MVTX,0.0138073577678273,0.00599024235365403
1.5707963267949,0.47,OHCAL,38.5427257744313,4.23673660957898
1.5707963267949,0.47,OTHER,3.6189753336793e-25,6.51865388190163e-25
1.5707963267949,0.47,PIPE,0.00249360896857542,0.00223184817485812
1.5707963267949,0.47,TPC,0.0462015896840497,0.0169254982936051
1.5707963267949,0.475,EMCAL,18.3769115736427,0.827048722751392
1.5707963267949,0.475,IHCAL,1.32153402174601,0.350624012012577
1.5707963267949,0.475,INTT,0.0466392040943576,0.0200854769894709
1.5707963267949,0.475,MAGNET,1.5156298072682,0.346669945866761
1.5707963267949,0.475,MVTX,0.0138379216585619,0.00600350232097356
1.5707963267949,0.475,OHCAL,38.6280440025886,4.24611505395454
1.5707963267949,0.475,OTHER,3.60943019198495e-25,6.50146076251778e-25
1.5707963267949,0.475,PIPE,0.00249912880758675,0.00223678858162525
1.5707963267949,0.475,TPC,0.0463038612672599,0.0169629644829493
1.5707963267949,0.48,EMCAL,18.5704054509421,0.78601357787699
1.5707963267949,0.48,IHCAL,1.32128528890286,0.349483914179142
1.5707963267949,0.48,INTT,0.0467433823335746,0.0201303420266693
1.5707963267949,0.48,MAGNET,1.51901527766145,0.347444304375898
1.5707963267949,0.48,MVTX,0.0138688314980586,0.0060169123761638
1.5707963267949,0.48,OHCAL,38.7143279356171,4.25559965161217
1.5707963267949,0.48,OTHER,3.59977701005507e-25,6.48407303641909e-25
1.5707963267949,0.48,PIPE,0.00250471112494843,0.00224178490822343
1.5707963267949,0.48,TPC,0.0464072904494072,0.0170008547472885
1.5707963267949,0.485,EMCAL,18.7626549919402,0.823174793076309
1.5707963267949,0.485,IHCAL,1.31075027930654,0.342151575212163
1.5707963267949,0.485,INTT,0.0468487291597845,0.0201757103234668
1.5707963267949,0.485,MAGNET,1.52243872351575,0.348227349010741
1.5707963267949,0.485,MVTX,0.0139000880590651,0.00603047285447683
1.5707963267949,0.485,OHCAL,39.4309722313585,4.33122101031577
1.5707963267949,0.485,OTHER,3.59001554655958e-25,6.46649026891147e-25
1.5707963267949,0.485,PIPE,0.00251035606021868,0.00224683727956106
1.5707963267949,0.485,TPC,0.046511879816239,0.0170391700338824
1.5707963267949,0.49,EMCAL,20.8641773083564,0.922094881782719
1.5707963267949,0.49,IHCAL,1.31373043803009,0.342929501980367
1.5707963267949,0.49,INTT,0.0469552472066635,0.0202215830140732
1.5707963267949,0.49,MAGNET,1.52590023041743,0.349019099347446
1.5707963267949,0.49,MVTX,0.0139316921229971,0.00604418409492531
1.5707963267949,0.49,OHCAL,39.5201113988025,4.34101486671757
1.5707963267949,0.49,OTHER,3.58014555746141e-25,6.44871202042485e-25
1.5707963267949,0.49,PIPE,0.00251606375452119,0.00225194582194772
1.5707963267949,0.49,TPC,0.0466176319824887,0.0170779113006147
1.5707963267949,0.495,EMCAL,21.2055468518895,0.927647614541228
1.5707963267949,0.495,IHCAL,1.31674343980358,0.343716001940069
1.5707963267949,0.495,INTT,0.0470629391371681,0.0202679612453082
1.5707963267949,0.495,MAGNET,1.52939988490435,0.349819575179812
1.5707963267949,0.495,MVTX,0.0139636444799577,0.00605804644029096
1.5707963267949,0.495,OHCAL,39.6102236364446,4.35091568190443
1.5707963267949,0.495,OTHER,3.57016679601031e-25,6.43073784650207e-25
1.5707963267949,0.495,PIPE,0.00252183435054861,0.00225711066309721
1.5707963267949,0.495,TPC,0.046724549591966,0.017117079516019
1.5707963267949,0.5,EMCAL,20.4279760165315,0.911358878843421
1.5707963267949,0.5,IHCAL,1.31978935994851,0.344511094752959
1.5707963267949,0.5,INTT,0.0471718076436025,0.0203148461766299
1.5707963267949,0.5,MAGNET,1.53293777446805,0.350628796519778
1.5707963267949,0.5,MVTX,0.0139959459287577,0.00607206023713314
1.5707963267949,0.5,OHCAL,39.7013271950036,4.36092538175822
1.5707963267949,0.5,OTHER,3.56007901273672e-25,6.41256729778785e-25
1.5707963267949,0.5,PIPE,0.00252766799256614,0.00226233193213084
1.5707963267949,0.5,TPC,0.0468326353176167,0.0171566756593027
1.5707963267949,0.505,EMCAL,17.6489691382855,0.775687060786006
1.5707963267949,0.505,IHCAL,1.3228682746093,0.345314800295543
1.5707963267949,0.505,INTT,0.0472818554476848,0.0203622389801642
1.5707963267949,0.505,MAGNET,1.53651398755595,0.351446783597919
1.5707963267949,0.505,MVTX,0.0140285972769348,0.0060862258357975
1.5707963267949,0.505,OHCAL,39.602982513864,4.35106472018356
1.5707963267949,0.505,OTHER,3.54988195544554e-25,6.39419992001754e-25
1.5707963267949,0.505,PIPE,0.00253356482641514,0.00226760975958061
1.5707963267949,0.505,TPC,0.0469418918615958,0.0171967007203721
1.5707963267949,0.51,EMCAL,18.4586166508712,0.83023650382524
1.5707963267949,0.51,IHCAL,1.32598026075521,0.34612713865964
1.5707963267949,0.51,INTT,0.0473930853006158,0.0204101408407334
1.5707963267949,0.51,MAGNET,1.54012861357357,0.352273556863955
1.5707963267949,0.51,MVTX,0.0140615993407744,0.00610054359042473
1.5707963267949,0.51,OHCAL,39.7195654731454,4.36375729835459
1.5707963267949,0.51,OTHER,3.53957536920979e-25,6.37563525400571e-25
1.5707963267949,0.51,PIPE,0.00253952499951675,0.00227294427739246
1.5707963267949,0.51,TPC,0.0470523219553101,0.0172371556998545
1.5707963267949,0.515,EMCAL,18.1299632954309,0.820153217043232
1.5707963267949,0.515,IHCAL,1.32912539618224,0.346948130152881
1.5707963267949,0.515,INTT,0.0475054999831478,0.0204585529558867
1.5707963267949,0.515,MAGNET,1.54378174288674,0.353109136987259
1.5707963267949,0.515,MVTX,0.01409495294533,0.0061150138589595
1.5707963267949,0.515,OHCAL,39.9820419337713,4.39176066816411
1.5707963267949,0.515,OTHER,3.5291589963643e-25,6.35687283563477e-25
1.5707963267949,0.515,PIPE,0.0025455486608756,0.00227833561892962
1.5707963267949,0.515,TPC,0.0471639283595175,0.0172780416091265
1.5707963267949,0.52,EMCAL,18.3649840468572,0.827786454550369
1.5707963267949,0.52,IHCAL,1.33230375951513,0.34777779529922
1.5707963267949,0.52,INTT,0.0476191023056536,0.0205074765359295
1.5707963267949,0.52,MAGNET,1.54747346682389,0.353953544857379
1.5707963267949,0.52,MVTX,0.0141286589244433,0.00612963700315921
1.5707963267949,0.52,OHCAL,40.0782008363224,4.40232038050849
1.5707963267949,0.52,OTHER,3.51863257649919e-25,6.33791219584326e-25
1.5707963267949,0.52,PIPE,0.00255163596108357,0.00228378391897593
1.5707963267949,0.52,TPC,0.0472767138643967,0.0173193594703393
1.5707963267949,0.525,EMCAL,19.1889075306706,0.803291284036489
1.5707963267949,0.525,IHCAL,1.33551543020926,0.348616154839448
1.5707963267949,0.525,INTT,0.0477338951081972,0.0205569128039537
1.5707963267949,0.525,MAGNET,1.55120387767831,0.354806801584556
1.5707963267949,0.525,MVTX,0.0141627181207656,0.00614441338860323
1.5707963267949,0.525,OHCAL,40.175353588943,4.41298930057186
1.5707963267949,0.525,OTHER,3.50799584645342e-25,6.31875286061423e-25
1.5707963267949,0.525,PIPE,0.00255778705232347,0.00228928931373917
1.5707963267949,0.525,TPC,0.0473906812895912,0.0173611103164416
1.5707963267949,0.53,EMCAL,17.8749004217958,0.779229332294198
1.5707963267949,0.53,IHCAL,1.35583841483567,0.359725530398211
1.5707963267949,0.53,INTT,0.0478498812606047,0.0206068629958688
1.5707963267949,0.53,MAGNET,1.55497306871046,0.355668928500252
1.5707963267949,0.53,MVTX,0.0141971313857785,0.00615934338470201
1.5707963267949,0.53,OHCAL,40.2463621090704,4.42092034938439
1.5707963267949,0.53,OTHER,3.49724854030819e-25,6.29939435096327e-25
1.5707963267949,0.53,PIPE,0.00256400208837289,0.00229485194085448
1.5707963267949,0.53,TPC,0.0475058334842735,0.0174032951912047
1.5707963267949,0.535,EMCAL,18.7807538639126,0.84338512965007
1.5707963267949,0.535,IHCAL,1.35915876509397,0.360606473773076
1.5707963267949,0.535,INTT,0.0479670636625358,0.020657328360432
1.5707963267949,0.535,MAGNET,1.55878113415031,0.356539947157685
1.5707963267949,0.535,MVTX,0.0164970795008247,0.00738121292265551
1.5707963267949,0.535,OHCAL,39.7278353067022,4.36700746058267
1.5707963267949,0.535,OTHER,3.48639038938028e-25,6.27983618292665e-25
1.5707963267949,0.535,PIPE,0.00257028122460806,0.00230047193938783
1.5707963267949,0.535,TPC,0.0476221733272799,0.0174459151492553
1.5707963267949,0.54,EMCAL,21.7408555985572,0.952315815293052
1.5707963267949,0.54,IHCAL,1.3625130940783,0.361496432256769
1.5707963267949,0.54,INTT,0.0480854452435568,0.0207083101592801
1.5707963267949,0.54,MAGNET,1.56262816919971,0.357419879332367
1.5707963267949,0.54,MVTX,0.0171023332018579,0.00770019062331391
1.5707963267949,0.54,OHCAL,39.8258832128916,4.37778518923932
1.5707963267949,0.54,OTHER,3.47542112221535e-25,6.26007786754913e-25
1.5707963267949,0.54,PIPE,0.00257662461800772,0.00230614944983949
1.5707963267949,0.54,TPC,0.0477397037270935,0.0174889712560927
1.5707963267949,0.545,EMCAL,21.2376825633047,0.938572306022101
1.5707963267949,0.545,IHCAL,1.36490212209235,0.361794900313013
1.5707963267949,0.545,INTT,0.0482050289632134,0.0207598096669607
1.5707963267949,0.545,MAGNET,1.56651427003472,0.358308747022648
1.5707963267949,0.545,MVTX,0.01669090480099,0.00747749073815482
1.5707963267949,0.545,OHCAL,39.9249267722958,4.38867236317968
1.5707963267949,0.545,OTHER,3.46434046458115e-25,6.24011891087182e-25
1.5707963267949,0.545,PIPE,0.00258303242715701,0.00231188461414749
1.5707963267949,0.545,TPC,0.0478584276219683,0.0175324645881206
1.5707963267949,0.55,EMCAL,18.5427193612345,0.828175986825065
1.5707963267949,0.55,IHCAL,1.3693240244942,0.363303483768957
1.5707963267949,0.55,INTT,0.0483258178111047,0.0208118281709643
1.5707963267949,0.55,MAGNET,1.57043953380808,0.359206572450266
1.5707963267949,0.55,MVTX,0.0167327222666215,0.00749622441358309
1.5707963267949,0.55,OHCAL,40.0249684610604,4.39966925458904
1.5707963267949,0.55,OTHER,3.45314813946067e-25,6.21995881391974e-25
1.5707963267949,0.55,PIPE,0.00258950481225153,0.00231767757569127
1.5707963267949,0.55,TPC,0.047978347980063,0.0175763962326798
1.5707963267949,0.555,EMCAL,18.234656202346,0.808385852094692
1.5707963267949,0.555,IHCAL,1.37278079619133,0.364220621971989
1.5707963267949,0.555,INTT,0.0484478148069582,0.0208643669717561
1.5707963267949,0.555,MAGNET,1.57440405865157,0.360113378060904
1.5707963267949,0.555,MVTX,0.0147310477017995,0.00642624237146776
1.5707963267949,0.555,OHCAL,40.1260107802843,4.41077613839569
1.5707963267949,0.555,OTHER,3.4418438670452e-25,6.19959707268944e-25
1.5707963267949,0.555,PIPE,0.00259604193510123,0.00232352847929515
1.5707963267949,0.555,TPC,0.0480994677993313,0.0176207672880578
1.5707963267949,0.56,EMCAL,18.3000938602696,0.826355683154948
1.5707963267949,0.56,IHCAL,1.37627188714985,0.365146865634055
1.5707963267949,0.56,INTT,0.0485710230007053,0.0209174273828089
1.5707963267949,0.56,MAGNET,1.57840794367853,0.36102918652475
1.5707963267949,0.56,MVTX,0.0144110952193818,0.00625217035708532
1.5707963267949,0.56,OHCAL,40.2280562560829,4.42199329227775
1.5707963267949,0.56,OTHER,3.43042736472732e-25,6.17903317813632e-25
1.5707963267949,0.56,PIPE,0.00260264395913451,0.00232943747123204
1.5707963267949,0.56,TPC,0.0482217901078126,0.0176655788635372
1.5707963267949,0.565,EMCAL,18.547663407934,0.834637204029808
1.5707963267949,0.565,IHCAL,1.3797973846431,0.366082237910354
1.5707963267949,0.565,INTT,0.0486954454725571,0.0209710107306356
1.5707963267949,0.565,MAGNET,1.58245128898629,0.361954020737062
1.5707963267949,0.565,MVTX,0.0144480115530003,0.00626818629502954
1.5707963267949,0.565,OHCAL,40.331107439651,4.43332099667019
1.5707963267949,0.565,OTHER,3.4188983470939e-25,6.15826661616193e-25
1.5707963267949,0.565,PIPE,0.00260931104940232,0.00233540469922702
1.5707963267949,0.565,TPC,0.0483453179635518,0.0177108320794075
1.5707963267949,0.57,EMCAL,17.9854797785082,0.818561911796236
1.5707963267949,0.57,IHCAL,1.38335737680454,0.367026762184291
1.5707963267949,0.57,INTT,0.048821085333082,0.0210251183548229
1.5707963267949,0.57,MAGNET,1.5865341956587,0.362887903818744
1.5707963267949,0.57,MVTX,0.0144852890876601,0.00628435893795762
1.5707963267949,0.57,OHCAL,40.4351669073265,4.44475953477173
1.5707963267949,0.57,OTHER,3.40725652591889e-25,6.13729686760116e-25
1.5707963267949,0.57,PIPE,0.00261604337258227,0.00234143031246112
1.5707963267949,0.57,TPC,0.048470054454758,0.0177565280670023
1.5707963267949,0.575,EMCAL,17.9552440458122,0.766315516340293
1.5707963267949,0.575,IHCAL,1.36818874787892,0.356705460324189
1.5707963267949,0.575,INTT,0.0489479457232829,0.0210797516080642
1.5707963267949,0.575,MAGNET,1.59065676576862,0.363830859116923
1.5707963267949,0.575,MVTX,0.0145229287553016,0.00630068869018645
1.5707963267949,0.575,OHCAL,40.5402372606549,4.45630919255206
1.5707963267949,0.575,OTHER,3.39550161015616e-25,6.1161234082092e-25
1.5707963267949,0.575,PIPE,0.00262284109698276,0.00234751446157497
1.5707963267949,0.575,TPC,0.0485960026998435,0.0178026679687228
1.5707963267949,0.58,EMCAL,18.4439378367103,0.811370056315163
1.5707963267949,0.58,IHCAL,1.37176889878353,0.357638855901214
1.5707963267949,0.58,INTT,0.0490760298146763,0.0211349118561935
1.5707963267949,0.58,MAGNET,1.59481910238054,0.364782910205529
1.5707963267949,0.58,MVTX,0.0145609314969184,0.00631717595996071
1.5707963267949,0.58,OHCAL,40.6463211264541,4.46797025875884
1.5707963267949,0.58,OTHER,3.38363330593219e-25,6.09474570864845e-25
1.5707963267949,0.58,PIPE,0.00262970439254733,0.00235365729867266
1.5707963267949,0.58,TPC,0.0487231658475406,0.0178492529380712
1.5707963267949,0.585,EMCAL,21.4641500293678,0.950056282979195
1.5707963267949,0.585,IHCAL,1.37538334363113,0.358581192387998
1.5707963267949,0.585,INTT,0.0492053408093711,0.02119060047822
1.5707963267949,0.585,MAGNET,1.59902130955308,0.365744080885889
1.5707963267949,0.585,MVTX,0.014599298262581,0.00633382115946298
1.5707963267949,0.585,OHCAL,40.7534211568808,4.47974302492503
1.5707963267949,0.585,OTHER,3.37165131653877e-25,6.07316323447533e-25
1.5707963267949,0.585,PIPE,0.00263663343085867,0.00235985897732539
1.5707963267949,0.585,TPC,0.0488515470769151,0.0178962841396721
1.5707963267949,0.59,EMCAL,21.0863369657507,0.937157864039316
1.5707963267949,0.59,IHCAL,1.37903217277876,0.359532493342022
1.5707963267949,0.59,INTT,0.049335881940149,0.0212468188663622
1.5707963267949,0.59,MAGNET,1.60326349234165,0.36671439518732
1.5707963267949,0.59,MVTX,0.0146380300114605,0.00635062470482413
1.5707963267949,0.59,OHCAL,40.861540029496,4.49162778537615
1.5707963267949,0.59,OTHER,3.35955534242553e-25,6.05137544612683e-25
1.5707963267949,0.59,PIPE,0.00264362838514308,0.00236611965257545
1.5707963267949,0.59,TPC,0.0489811495975109,0.0179437627493085
1.5707963267949,0.595,EMCAL,21.3850443813893,0.94792496432161
1.5707963267949,0.595,IHCAL,1.38271547744301,0.360492782544872
1.5707963267949,0.595,INTT,0.0494676564705449,0.0213035684260826
1.5707963267949,0.595,MAGNET,1.60754575680102,0.367693877367731
1.5707963267949,0.595,MVTX,0.0146771277118527,0.00636758701613366
1.5707963267949,0.595,OHCAL,40.9706804473323,4.5036248372376
1.5707963267949,0.595,OTHER,3.3473450811925e-25,6.02938179890713e-25
1.5707963267949,0.595,PIPE,0.00265068943027482,0.00237243948094006
1.5707963267949,0.595,TPC,0.0491119766493977,0.0179916899539482
1.5707963267949,0.6,EMCAL,18.5155208175621,0.803435301769679
1.5707963267949,0.6,IHCAL,1.38643334970233,0.361462084002832
1.5707963267949,0.6,INTT,0.049600667694929,0.0213608505761232
1.5707963267949,0.6,MAGNET,1.61186820998804,0.368682551914227
1.5707963267949,0.6,MVTX,0.0147165923412022,0.00638470851745023
1.5707963267949,0.6,OHCAL,41.0808451389613,4.51573448044215
1.5707963267949,0.6,OTHER,3.33502022758251e-25,6.00718174297391e-25
1.5707963267949,0.6,PIPE,0.00265781674278037,0.00237881862041527
1.5707963267949,0.6,TPC,0.049244031503252,0.018040066951773
1.5707963267949,0.605,EMCAL,18.2563732948777,0.827442895426815
1.5707963267949,0.605,IHCAL,1.36032770500309,0.355610962189786
1.5707963267949,0.605,INTT,0.0497349189385889,0.0214186667485408
1.5707963267949,0.605,MAGNET,1.61623095996427,0.369680443543723
1.5707963267949,0.605,MVTX,0.0147564248861266,0.00640198963681228
1.5707963267949,0.605,OHCAL,41.1920348053621,4.52795680233353
1.5707963267949,0.605,OTHER,3.32258047347356e-25,5.98477472332458e-25
1.5707963267949,0.605,PIPE,0.00266501050084291,0.00238525723047987
1.5707963267949,0.605,TPC,0.0493773174604653,0.018088894952212
1.5707963267949,0.61,EMCAL,18.3468991644267,0.829710806203758
1.5707963267949,0.61,IHCAL,1.39397316964312,0.363427820836315
1.5707963267949,0.61,INTT,0.0498704135578125,0.0214770183887427
1.5707963267949,0.61,MAGNET,1.62063411579867,0.370687577203562
1.5707963267949,0.61,MVTX,0.0147966263424418,0.00641943080624869
1.5707963267949,0.61,OHCAL,41.304252163218,4.54029210185431
1.5707963267949,0.61,OTHER,3.31002550787118e-25,5.96216017978252e-25
1.5707963267949,0.61,PIPE,0.00267227088430679,0.00239175547209948
1.5707963267949,0.61,TPC,0.0495118378531934,0.0181381751759677
1.5707963267949,0.615,EMCAL,18.6067599088148,0.837660343380002
1.5707963267949,0.615,IHCAL,1.39779530581158,0.364424305353327
1.5707963267949,0.615,INTT,0.0500071549399726,0.0215359069555228
1.5707963267949,0.615,MAGNET,1.62507778757037,0.371703978072137
1.5707963267949,0.615,MVTX,0.0148371977151862,0.00643703246178959
1.5707963267949,0.615,OHCAL,41.4175026763294,4.5527409662796
1.5707963267949,0.615,OTHER,3.29735501690055e-25,5.93933754698294e-25
1.5707963267949,0.615,PIPE,0.00267959807468195,0.00239831350773045
1.5707963267949,0.615,TPC,0.0496475960444334,0.018187908855046
1.5707963267949,0.62,EMCAL,18.4639170970002,0.787014148837788
1.5707963267949,0.62,IHCAL,1.42087451400405,0.37698067349974
1.5707963267949,0.62,INTT,0.0501451465036107,0.0215953339210985
1.5707963267949,0.62,MAGNET,1.62956208637141,0.372729671559524
1.5707963267949,0.62,MVTX,0.0148781400186463,0.00645479504347731
1.5707963267949,0.62,OHCAL,41.5317919890113,4.56530400195195
1.5707963267949,0.62,OTHER,3.28456868379875e-25,5.91630625435885e-25
1.5707963267949,0.62,PIPE,0.00268699225514856,0.00240493150132406
1.5707963267949,0.62,TPC,0.04978459542818,0.018238097232795
1.5707963267949,0.625,EMCAL,18.1545988430107,0.7905733845581
1.5707963267949,0.625,IHCAL,1.42482001257123,0.378027478916721
1.5707963267949,0.625,INTT,0.0502843916985231,0.021655300771147
1.5707963267949,0.625,MAGNET,1.63408712430947,0.373764683308113
1.5707963267949,0.625,MVTX,0.0149194542763817,0.00647271899537731
1.5707963267949,0.625,OHCAL,41.6471196153055,4.57798117220885
1.5707963267949,0.625,OTHER,3.27166618890678e-25,5.89306572612672e-25
1.5707963267949,0.625,PIPE,0.00269445361056147,0.00241160961833042
1.5707963267949,0.625,TPC,0.0499228394293858,0.0182887415639229
1.5707963267949,0.63,EMCAL,18.9090231561291,0.851991567625307
1.5707963267949,0.63,IHCAL,1.42880113132214,0.37908373495098
1.5707963267949,0.63,INTT,0.050424894005847,0.0217158090048427
1.5707963267949,0.63,MAGNET,1.63865301451075,0.374809039193251
1.5707963267949,0.63,MVTX,0.014961141521251,0.0064908047655893
1.5707963267949,0.63,OHCAL,41.7634884247998,4.59077279255248
1.5707963267949,0.63,OTHER,3.2586472096616e-25,5.86961538127214e-25
1.5707963267949,0.63,PIPE,0.00270198232745497,0.00241834802570284
1.5707963267949,0.63,TPC,0.0500623315041839,0.0183398431145429
1.5707963267949,0.635,EMCAL,21.8136180992835,0.965885070310972
1.5707963267949,0.635,IHCAL,1.43281796978035,0.380149468007916
1.5707963267949,0.635,INTT,0.0505666569381473,0.0217768601348945
1.5707963267949,0.635,MAGNET,1.64325987112274,0.375862765323891
1.5707963267949,0.635,MVTX,0.0150032027954377,0.0065090528062585
1.5707963267949,0.635,OHCAL,41.8580216889357,4.5899305742777
1.5707963267949,0.635,OTHER,3.24551142058804e-25,5.84595463353526e-25
1.5707963267949,0.635,PIPE,0.00270957859404743,0.0024251468919019
1.5707963267949,0.635,TPC,0.0502030751398771,0.0183914031621961
1.5707963267949,0.64,EMCAL,21.7578681234082,0.964115422308521
1.5707963267949,0.64,IHCAL,1.40263415681698,0.360651658627122
1.5707963267949,0.64,INTT,0.0507096840395047,0.0218384556875839
1.5707963267949,0.64,MAGNET,1.6479078093171,0.37692588804324
1.5707963267949,0.64,MVTX,0.0150456391504757,0.00652746357358687
1.5707963267949,0.64,OHCAL,41.9993612565406,4.61670066554903
1.5707963267949,0.64,OTHER,3.23225849329071e-25,5.82208289139616e-25
1.5707963267949,0.64,PIPE,0.00271724260024583,0.00243200638689953
1.5707963267949,0.64,TPC,0.0503450738550634,0.0184434229958861
1.5707963267949,0.645,EMCAL,19.1683846404841,0.856583488805746
1.5707963267949,0.645,IHCAL,1.44095920838018,0.382309471996668
1.5707963267949,0.645,INTT,0.0508539788856043,0.0219005972028029
1.5707963267949,0.645,MAGNET,1.65259694529251,0.377998433929421
1.5707963267949,0.645,MVTX,0.015088451647276,0.00654603752784454
1.5707963267949,0.645,OHCAL,42.1188711756929,4.62983756640776
1.5707963267949,0.645,OTHER,3.21888809644571e-25,5.79799955806005e-25
1.5707963267949,0.645,PIPE,0.00272497453765075,0.0024389266821835
1.5707963267949,0.645,TPC,0.0504883311997115,0.0184959039161109
1.5707963267949,0.65,EMCAL,18.279869787434,0.819791197848694
1.5707963267949,0.65,IHCAL,1.44508381204374,0.383403796926537
1.5707963267949,0.65,INTT,0.0509995450838246,0.0219632862340926
1.5707963267949,0.65,MAGNET,1.65732739627764,0.379080429796139
1.5707963267949,0.65,MVTX,0.0164864767946242,0.00728657026558263
1.5707963267949,0.65,OHCAL,42.239433893306,4.64309019503358
1.5707963267949,0.65,OTHER,3.20539989579245e-25,5.77370403144233e-25
1.5707963267949,0.65,PIPE,0.00273277459956109,0.00244590795076159
1.5707963267949,0.65,TPC,0.0506328507552828,0.0185488472348985
1.5707963267949,0.655,EMCAL,18.3554568038016,0.832781008375112
1.5707963267949,0.655,IHCAL,1.44924454246359,0.38450770687654
1.5707963267949,0.655,INTT,0.0511463862733283,0.0220265243486822
1.5707963267949,0.655,MAGNET,1.66209928053399,0.380171902693345
1.5707963267949,0.655,MVTX,0.0209591159146504,0.00819576135991585
1.5707963267949,0.655,OHCAL,42.361052530774,4.65645889400195
1.5707963267949,0.655,OTHER,3.1917935541252e-25,5.74919570415359e-25
1.5707963267949,0.655,PIPE,0.0027406429809787,0.0024529503671658
1.5707963267949,0.655,TPC,0.0507786361347533,0.0186022542758322
1.5707963267949,0.66,EMCAL,17.9847984116011,0.822722442284722
1.5707963267949,0.66,IHCAL,1.45344150365338,0.385621229443381
1.5707963267949,0.66,INTT,0.0512945061251527,0.0220903131275276
1.5707963267949,0.66,MAGNET,1.66691271735891,0.381272879907918
1.5707963267949,0.66,MVTX,0.0200350947372145,0.00769488259874068
1.5707963267949,0.66,OHCAL,42.4837301978602,4.66994400480044
1.5707963267949,0.66,OTHER,3.1780687312847e-25,5.72447396348434e-25
1.5707963267949,0.66,PIPE,0.00274857987861359,0.00246005410745697
1.5707963267949,0.66,TPC,0.0509256909827719,0.0186561263740917
1.5707963267949,0.665,EMCAL,18.5814974874349,0.839863167986719
1.5707963267949,0.665,IHCAL,1.43795481900604,0.374894453764894
1.5707963267949,0.665,INTT,0.0514439083423018,0.0221546541653518
1.5707963267949,0.665,MAGNET,1.6717678270886,0.382383388964348
1.5707963267949,0.665,MVTX,0.0185308710629307,0.00688482367842072
1.5707963267949,0.665,OHCAL,42.6074659235402,4.68354544092869
1.5707963267949,0.665,OTHER,3.16422508414967e-25,5.69953819138979e-25
1.5707963267949,0.665,PIPE,0.0027565854908886,0.00246721934922894
1.5707963267949,0.665,TPC,0.0510740189757105,0.0187104648764815
1.5707963267949,0.67,EMCAL,18.7100337748021,0.797532149494707
1.5707963267949,0.67,IHCAL,1.4421667940842,0.375992574748532
1.5707963267949,0.67,INTT,0.0515945966598388,0.022219549070684
1.5707963267949,0.67,MAGNET,1.67666473110103,0.383503457625418
1.5707963267949,0.67,MVTX,0.0153081940493561,0.0066413714987583
1.5707963267949,0.67,OHCAL,43.2262809828909,4.7490916204588
1.5707963267949,0.67,OTHER,3.15026226662822e-25,5.67438776447434e-25
1.5707963267949,0.67,PIPE,0.00276466001794448,0.00247444627161316
1.5707963267949,0.67,TPC,0.0512236238217974,0.0187652711414692
1.5707963267949,0.675,EMCAL,18.4301942173273,0.819770294119153
1.5707963267949,0.675,IHCAL,1.4464148229735,0.377100095466894
1.5707963267949,0.675,INTT,0.0517465748449796,0.0222849994659002
1.5707963267949,0.675,MAGNET,1.68160355181906,0.384633113892902
1.5707963267949,0.675,MVTX,0.0153532862043494,0.00666093446954535
1.5707963267949,0.675,OHCAL,44.1205377076502,4.8435400908917
1.5707963267949,0.675,OTHER,3.13617992964917e-25,5.64902205397602e-25
1.5707963267949,0.675,PIPE,0.00277280366164476,0.00248173505528302
1.5707963267949,0.675,TPC,0.0513745092611409,0.0188205465392121
1.5707963267949,0.68,EMCAL,22.3197032602395,0.987996274743284
1.5707963267949,0.68,IHCAL,1.45069901186991,0.378217043606915
1.5707963267949,0.68,INTT,0.0518998466971866,0.0223510069872637
1.5707963267949,0.68,MAGNET,1.68658441271347,0.385772386008267
1.5707963267949,0.68,MVTX,0.0153987621922975,0.00668066396404108
1.5707963267949,0.68,OHCAL,45.4781211851857,4.98660213234283
1.5707963267949,0.68,OTHER,3.12197772115338e-25,5.62344042575072e-25
1.5707963267949,0.68,PIPE,0.00278101662558102,0.00248908588245854
1.5707963267949,0.68,TPC,0.0515266790658916,0.0188762924515986
1.5707963267949,0.685,EMCAL,21.8968442931909,0.970459664905496
1.5707963267949,0.685,IHCAL,1.45501946787333,0.379343447091205
1.5707963267949,0.685,INTT,0.0520544160482641,0.0224175732849661
1.5707963267949,0.685,MAGNET,1.69160743830605,0.386921302453374
1.5707963267949,0.685,MVTX,0.0154446231501024,0.00670056047548386
1.5707963267949,0.685,OHCAL,45.6135665949174,5.00145349495808
1.5707963267949,0.685,OTHER,3.10765528608488e-25,5.59764224025643e-25
1.5707963267949,0.685,PIPE,0.00278929911507776,0.00249649893691076
1.5707963267949,0.685,TPC,0.0516801370403027,0.0189325102722796
1.5707963267949,0.69,EMCAL,21.8193986861127,0.968951429873851
1.5707963267949,0.69,IHCAL,1.4593762989903,0.380479334078747
1.5707963267949,0.69,INTT,0.0522102867624541,0.0224847000231681
1.5707963267949,0.69,MAGNET,1.69667275417269,0.388079891951194
1.5707963267949,0.69,MVTX,0.0162747965955252,0.00713826506684589
1.5707963267949,0.69,OHCAL,45.7501580137057,5.01643048875755
1.5707963267949,0.69,OTHER,3.09321226638206e-25,5.57162685253715e-25
1.5707963267949,0.69,PIPE,0.00279765133719767,0.00250397440396643
1.5707963267949,0.69,TPC,0.0518348870208315,0.0189892014067035
1.5707963267949,0.695,EMCAL,18.6023300741555,0.819332199018035
1.5707963267949,0.695,IHCAL,1.4637696141367,0.381624732965603
1.5707963267949,0.695,INTT,0.0523674627365323,0.0225523888800419
1.5707963267949,0.695,MAGNET,1.70178048694654,0.389248183466526
1.5707963267949,0.695,MVTX,0.0179267089236672,0.0080137167167632
1.5707963267949,0.695,OHCAL,45.8879091406907,5.03153456711088
1.5707963267949,0.695,OTHER,3.07864830096867e-25,5.54539361220683e-25
1.5707963267949,0.695,PIPE,0.00280607350074669,0.0025115124705126
1.5707963267949,0.695,TPC,0.0519909328762286,0.0190463672721508
1.5707963267949,0.7,EMCAL,18.2882119260888,0.832891678548582
1.5707963267949,0.7,IHCAL,1.46819952314048,0.382779672385622
1.5707963267949,0.7,INTT,0.0525259478999065,0.0226206415478122
1.5707963267949,0.7,MAGNET,1.70693076432121,0.390426206206718
1.5707963267949,0.7,MVTX,0.0181891182580974,0.00814886550607876
1.5707963267949,0.7,OHCAL,45.6474875711328,5.00696949954404
1.5707963267949,0.7,OTHER,3.06396302574481e-25,5.51894186343311e-25
1.5707963267949,0.7,PIPE,0.00281456581627939,0.00251911332500134
1.5707963267949,0.7,TPC,0.0521482785076623,0.0191040092977727
1.5707963267949,0.705,EMCAL,18.3204105842503,0.834204151325178
1.5707963267949,0.705,IHCAL,1.47823182510371,0.387288660301482
1.5707963267949,0.705,INTT,0.0526857462147139,0.0226894597327994
1.5707963267949,0.705,MAGNET,1.71212371505389,0.3916139896224
1.5707963267949,0.705,MVTX,0.0170718874508405,0.00754896580063158
1.5707963267949,0.705,OHCAL,44.8814608511462,4.92726797557456
1.5707963267949,0.705,OTHER,3.04915607357785e-25,5.49227094492088e-25
1.5707963267949,0.705,PIPE,0.0028231284961041,0.00252677715745443
1.5707963267949,0.705,TPC,0.0523069278487819,0.0191621289246228
1.5707963267949,0.71,EMCAL,18.7981215547191,0.848420420895352
1.5707963267949,0.71,IHCAL,1.49742734191312,0.397291393037536
1.5707963267949,0.71,INTT,0.0528468616759207,0.0227588451554616
1.5707963267949,0.71,MAGNET,1.71735946896862,0.392811563408219
1.5707963267949,0.71,MVTX,0.0156797429538623,0.00680256584322678
1.5707963267949,0.71,OHCAL,43.769410140355,4.81127010047021
1.5707963267949,0.71,OTHER,3.0342270742932e-25,5.4653801898958e-25
1.5707963267949,0.71,PIPE,0.00283176175428824,0.00253450415946805
1.5707963267949,0.71,TPC,0.052466884865815,0.0192207276056932
1.5707963267949,0.715,EMCAL,18.8158000988212,0.792620419860577
1.5707963267949,0.715,IHCAL,1.50202996741657,0.398512545004924
1.5707963267949,0.715,INTT,0.0530092983114219,0.0228287995504381
1.5707963267949,0.715,MAGNET,1.72263815695952,0.394018957503582
1.5707963267949,0.715,MVTX,0.0157279381467304,0.00682347504905862
1.5707963267949,0.715,OHCAL,43.9039465189485,4.82605875228169
1.5707963267949,0.715,OTHER,3.01917565466511e-25,5.43826892608759e-25
1.5707963267949,0.715,PIPE,0.00284046580666375,0.00254229452421768
1.5707963267949,0.715,TPC,0.0526281535577091,0.0192798068059555
1.5707963267949,0.72,EMCAL,18.4607878396984,0.814537051143238
1.5707963267949,0.72,IHCAL,1.50667014326706,0.399743659696818
1.5707963267949,0.72,INTT,0.0531730601821417,0.0228993246665923
1.5707963267949,0.72,MAGNET,1.72795991099406,0.395236202093405
1.5707963267949,0.72,MVTX,0.0157765265388714,0.00684455484212208
1.5707963267949,0.72,OHCAL,44.0395967469811,4.8409697604631
1.5707963267949,0.72,OTHER,3.0040014384073e-25,5.41093647571324e-25
1.5707963267949,0.72,PIPE,0.00284924087083233,0.00255014844646279
1.5707963267949,0.72,TPC,0.0527907379561765,0.0193393680023915
1.5707963267949,0.725,EMCAL,21.5882067973858,0.96006123952953
1.5707963267949,0.725,IHCAL,1.51134798546383,0.400984767889914
1.5707963267949,0.725,INTT,0.0533381513821355,0.0229704222670559
1.5707963267949,0.725,MAGNET,1.73332486411637,0.396463327608865
1.5707963267949,0.725,MVTX,0.0158255093449976,0.00686580574941309
1.5707963267949,0.725,OHCAL,44.1763509315432,4.85600210413096
1.5707963267949,0.725,OTHER,2.98870404616356e-25,5.38338215546005e-25
1.5707963267949,0.725,PIPE,0.00285808716617109,0.0025580661225519
1.5707963267949,0.725,TPC,0.0529546421258356,0.0193994126840342
1.5707963267949,0.73,EMCAL,22.465937464496,0.998840179622011
1.5707963267949,0.73,IHCAL,1.48958815082423,0.386326525691954
1.5707963267949,0.73,INTT,0.053504576038692,0.0230420941292726
1.5707963267949,0.73,MAGNET,1.73873315045057,0.397700364728165
1.5707963267949,0.73,MVTX,0.0158748877896817,0.00688722830220542
1.5707963267949,0.73,OHCAL,44.2177819216143,4.81321820400948
1.5707963267949,0.73,OTHER,2.97328309549832e-25,5.35560527646861e-25
1.5707963267949,0.73,PIPE,0.00286700491383787,0.00256604775042731
1.5707963267949,0.73,TPC,0.0531198701643126,0.019459942352005
1.5707963267949,0.735,EMCAL,23.3857124430479,1.02535046698117
1.5707963267949,0.735,IHCAL,1.52081713760415,0.403497089136403
1.5707963267949,0.735,INTT,0.053672338312436,0.0231143420450425
1.5707963267949,0.735,MAGNET,1.74418490520408,0.398947344377296
1.5707963267949,0.735,MVTX,0.0163207084544565,0.00711981811009913
1.5707963267949,0.735,OHCAL,44.3564270037258,4.82831006917823
1.5707963267949,0.735,OTHER,2.95773820088698e-25,5.32760514431549e-25
1.5707963267949,0.735,PIPE,0.00287599433677682,0.00257409352963012
1.5707963267949,0.735,TPC,0.0532864262023104,0.0195209585195481
1.5707963267949,0.74,EMCAL,18.0456697673519,0.800274060510798
1.5707963267949,0.74,IHCAL,1.52560868426592,0.404768364995429
1.5707963267949,0.74,INTT,0.0538414423974334,0.0231871678205675
1.5707963267949,0.74,MAGNET,1.74968026467107,0.400204297730815
1.5707963267949,0.74,MVTX,0.0186494012179358,0.00835547775662544
1.5707963267949,0.74,OHCAL,44.4961810165195,4.8435226442068
1.5707963267949,0.74,OTHER,2.94206897370638e-25,5.2993810589959e-25
1.5707963267949,0.74,PIPE,0.002885055659724,0.00258220366130526
1.5707963267949,0.74,TPC,0.0534543144037313,0.0195824627120702
1.5707963267949,0.745,EMCAL,18.1966762023801,0.834600850117347
1.5707963267949,0.745,IHCAL,1.53043837071638,0.406049759968492
1.5707963267949,0.745,INTT,0.0540118925212949,0.0232605732764957
1.5707963267949,0.745,MAGNET,1.75521936623581,0.401471256212622
1.5707963267949,0.745,MVTX,0.0175333087583802,0.00775587191354769
1.5707963267949,0.745,OHCAL,38.7082373797744,4.23195212804168
1.5707963267949,0.745,OTHER,2.92627502222503e-25,5.27093231490628e-25
1.5707963267949,0.745,PIPE,0.0028941891092129,0.00259037834820639
1.5707963267949,0.745,TPC,0.0536235389658037,0.0196444564671807
1.5707963267949,0.75,EMCAL,19.3542547808021,0.868426976449441
1.5707963267949,0.75,IHCAL,1.53530631769228,0.407341306089243
1.5707963267949,0.75,INTT,0.0541836929452826,0.0233345602479672
1.5707963267949,0.75,MAGNET,1.76080234837612,0.402748251496744
1.5707963267949,0.75,MVTX,0.0160763827922849,0.00697464574433587
1.5707963267949,0.75,OHCAL,38.8313591990191,4.24541297864562
1.5707963267949,0.75,OTHER,2.9103559515933e-25,5.24225820082651e-25
1.5707963267949,0.75,PIPE,0.00290339491358028,0.00259861779470116
1.5707963267949,0.75,TPC,0.0537941041191431,0.0197069413347261
1.5707963267949,0.755,EMCAL,19.1577359246233,0.863215351491678
1.5707963267949,0.755,IHCAL,1.52127992073015,0.397266166753814
1.5707963267949,0.755,INTT,0.0543568479644159,0.0234091305846603
1.5707963267949,0.755,MAGNET,1.76642935066684,0.404035315508129
1.5707963267949,0.755,MVTX,0.0161277581456187,0.0069969346444027
1.5707963267949,0.755,OHCAL,38.9554517955667,4.25897996388245
1.5707963267949,0.755,OTHER,2.89431136383361e-25,5.21335799990227e-25
1.5707963267949,0.755,PIPE,0.0029126733029717,0.00260692220677612
1.5707963267949,0.755,TPC,0.0539660141278871,0.0197699188768313
1.5707963267949,0.76,EMCAL,18.0454392930265,0.77916631143936
1.5707963267949,0.76,IHCAL,1.52425398656285,0.397393857487986
1.5707963267949,0.76,INTT,0.0545313619075795,0.0234842861508373
1.5707963267949,0.76,MAGNET,1.77210051378334,0.405332480423446
1.5707963267949,0.76,MVTX,0.0161795366937461,0.00701939846820006
1.5707963267949,0.76,OHCAL,39.0805183529365,4.2726534314461
1.5707963267949,0.76,OTHER,2.87814085783043e-25,5.18423098962702e-25
1.5707963267949,0.76,PIPE,0.00292202450934744,0.00261529179204206
1.5707963267949,0.76,TPC,0.0541392732898025,0.0198333906679388
1.5707963267949,0.765,EMCAL,18.4011049179178,0.808380404720051
1.5707963267949,0.765,IHCAL,1.52917003013744,0.39867553904157
1.5707963267949,0.765,INTT,0.0547072391376309,0.0235600288253911
1.5707963267949,0.765,MAGNET,1.77781597950498,0.406639778671885
1.5707963267949,0.765,MVTX,0.0162317197311335,0.00704203777732471
1.5707963267949,0.765,OHCAL,39.209641051603,4.28828390138358
1.5707963267949,0.765,OTHER,2.86184402932027e-25,5.154876441824e-25
1.5707963267949,0.765,PIPE,0.00293144876648807,0.00262372675973899
1.5707963267949,0.765,TPC,0.0543138859363553,0.0198973582948445
1.5707963267949,0.77,EMCAL,19.9016941047284,0.902147617597018
1.5707963267949,0.77,IHCAL,1.53412430250577,0.399967187381642
1.5707963267949,0.77,INTT,0.0548844840515101,0.0236363605018927
1.5707963267949,0.77,MAGNET,1.7835758907187,0.407957242935969
1.5707963267949,0.77,MVTX,0.0162843085623597,0.00706485313776058
1.5707963267949,0.77,OHCAL,39.3436352336639,4.30635986790231
1.5707963267949,0.77,OTHER,2.84542047088155e-25,5.12529362262796e-25
1.5707963267949,0.77,PIPE,0.00294094631000057,0.00263222732074159
1.5707963267949,0.77,TPC,0.0544898564328999,0.0199618233567454
1.5707963267949,0.775,EMCAL,24.2289473533959,1.0550463655603
1.5707963267949,0.775,IHCAL,1.53911692751896,0.401268834798123
1.5707963267949,0.775,INTT,0.0550631010803491,0.0237132830886378
1.5707963267949,0.775,MAGNET,1.78938039142258,0.409284906152375
1.5707963267949,0.775,MVTX,0.016337304502148,0.00708784511989285
1.5707963267949,0.775,OHCAL,39.471675192313,4.32037449196849
1.5707963267949,0.775,OTHER,2.82886977192447e-25,5.09548179246689e-25
1.5707963267949,0.775,PIPE,0.00295051737732397,0.00264079368756429
1.5707963267949,0.775,TPC,0.0546671891786861,0.0200267874652692
1.5707963267949,0.78,EMCAL,23.3590610557245,1.03225944488641
1.5707963267949,0.78,IHCAL,1.51965652236253,0.396978572260713
1.5707963267949,0.78,INTT,0.055243094689583,0.0237907985086953
1.5707963267949,0.78,MAGNET,1.79522962672944,0.410622801512752
1.5707963267949,0.78,MVTX,0.0163907088753998,0.00711101429852227
1.5707963267949,0.78,OHCAL,39.6007019384508,4.33449712494562
1.5707963267949,0.78,OTHER,2.8121915186807e-25,5.06544020604349e-25
1.5707963267949,0.78,PIPE,0.00296016220773547,0.0026494260743667
1.5707963267949,0.78,TPC,0.0548458886070416,0.0200922522445218
1.5707963267949,0.785,EMCAL,19.3399716865901,0.868983811372056
1.5707963267949,0.785,IHCAL,1.54921773568154,0.403902257270647
1.5707963267949,0.785,INTT,0.0554244693790616,0.0238689086999547
1.5707963267949,0.785,MAGNET,1.80112374287047,0.411970962464553
1.5707963267949,0.785,MVTX,0.0164445230172271,0.00713436125287953
1.5707963267949,0.785,OHCAL,39.7307186976819,4.34872811989286
1.5707963267949,0.785,OTHER,2.79538529419302e-25,5.03516811231653e-25
1.5707963267949,0.785,PIPE,0.00296988104235637,0.002658124696959
1.5707963267949,0.785,TPC,0.0550259591854836,0.0201582193311287
1.5707963267949,0.79,EMCAL,19.8530937232028,0.882073846796934
1.5707963267949,0.79,IHCAL,1.55432617133954,0.405234098159618
1.5707963267949,0.79,INTT,0.0556072296831612,0.0239476156151746
1.5707963267949,0.79,MAGNET,1.80706288719889,0.413329422711872
1.5707963267949,0.79,MVTX,0.0164987482729864,0.00715788656663969
1.5707963267949,0.79,OHCAL,39.8617287203606,4.36306783257832
1.5707963267949,0.79,OTHER,2.77845067830496e-25,5.00466475448209e-25
1.5707963267949,0.79,PIPE,0.002979674124158,0.00266688977280715
1.5707963267949,0.79,TPC,0.0552074054157638,0.0202246903742679
1.5707963267949,0.795,EMCAL,18.6344263724817,0.850924660849396
1.5707963267949,0.795,IHCAL,1.57387991187495,0.415233051345455
1.5707963267949,0.795,INTT,0.0557913801708991,0.0240269212220323
1.5707963267949,0.795,MAGNET,1.8130472081936,0.414698216216287
1.5707963267949,0.795,MVTX,0.0170115843374774,0.00742569820910021
1.5707963267949,0.795,OHCAL,39.9937352816721,4.37751662148798
1.5707963267949,0.795,OTHER,2.76138724765023e-25,4.97392936995464e-25
1.5707963267949,0.795,PIPE,0.00298954169796791,0.00267572152103852
1.5707963267949,0.795,TPC,0.0553902318340548,0.0202916670357198
1.5707963267949,0.8,EMCAL,18.4048998612059,0.844524707897695
1.5707963267949,0.8,IHCAL,1.5861173662652,0.420822310315416
1.5707963267949,0.8,INTT,0.055976925446047,0.0241068275031718
1.5707963267949,0.8,MAGNET,1.83405019528734,0.41950222862348
1.5707963267949,0.8,MVTX,0.0184742578923036,0.00819949943548571
1.5707963267949,0.8,OHCAL,40.1267416817146,4.3920748478347
1.5707963267949,0.8,OTHER,2.74419457564218e-25,4.94296119034795e-25
1.5707963267949,0.8,PIPE,0.00299948401047599,0.00268462016244728
1.5707963267949,0.8,TPC,0.0555744430110265,0.0203591509899045
1.5707963267949,0.805,EMCAL,19.203197352161,0.838503179073364
1.5707963267949,0.805,IHCAL,1.59179665231427,0.422315133648332
1.5707963267949,0.805,INTT,0.0561638701472466,0.0241873364562545
1.5707963267949,0.805,MAGNET,1.87845770592646,0.429659556775457
1.5707963267949,0.805,MVTX,0.021202535085367,0.00964751605209298
1.5707963267949,0.805,OHCAL,40.2607512455816,4.40674287556718
1.5707963267949,0.805,OTHER,2.72687223246312e-25,4.91175944145595e-25
1.5707963267949,0.805,PIPE,0.00300950131024054,0.00269358591949992
1.5707963267949,0.805,TPC,0.0557600435519681,0.0204271439239243
1.5707963267949,0.81,EMCAL,18.9355576889346,0.821622708265526
1.5707963267949,0.81,IHCAL,1.73452501348744,0.45515664210524
1.5707963267949,0.81,INTT,0.0563522189481251,0.0242684500940084
1.5707963267949,0.81,MAGNET,1.92318452463482,0.43988992024948
1.5707963267949,0.81,MVTX,0.0208654682368632,0.00946241459969817
1.5707963267949,0.81,OHCAL,40.3957674567413,4.4215210853634
1.5707963267949,0.81,OTHER,2.70941978505355e-25,4.88032334323325e-25
1.5707963267949,0.81,PIPE,0.0030195938476946,0.00270261901634084
1.5707963267949,0.81,TPC,0.0559470380969026,0.0204956475376061
1.5707963267949,0.815,EMCAL,20.9004917687345,0.923087611070529
1.5707963267949,0.815,IHCAL,1.75181873259152,0.45930895031632
1.5707963267949,0.815,INTT,0.0565419765574123,0.0243501704442786
1.5707963267949,0.815,MAGNET,1.96823418017003,0.450194126178142
1.5707963267949,0.815,MVTX,0.0173521281713952,0.00758509688543783
1.5707963267949,0.815,OHCAL,40.5317938532044,4.43640986373777
1.5707963267949,0.815,OTHER,2.6918367971014e-25,4.8486521097758e-25
1.5707963267949,0.815,PIPE,0.00302976187515212,0.00271171967879792
1.5707963267949,0.815,TPC,0.0561354313206959,0.020564663543543
1.5707963267949,0.82,EMCAL,23.3657100559481,1.0394697529519
1.5707963267949,0.82,IHCAL,1.74650823900409,0.454112088208407
1.5707963267949,0.82,INTT,0.0567331477190583,0.0244324995500782
1.5707963267949,0.82,MAGNET,2.01361021749209,0.460572985399999
1.5707963267949,0.82,MVTX,0.0168328098393713,0.00730281724616114
1.5707963267949,0.82,OHCAL,40.6688335439338,4.45140955230746
1.5707963267949,0.82,OTHER,2.67412282903104e-25,4.81674494930108e-25
1.5707963267949,0.82,PIPE,0.00304000564681433,0.00272088813438823
1.5707963267949,0.82,TPC,0.056325227933211,0.0206341936671413
1.5707963267949,0.825,EMCAL,24.413529282816,1.06520158249519
1.5707963267949,0.825,IHCAL,1.7030240441059,0.446251186064004
1.5707963267949,0.825,INTT,0.0569257372123522,0.024515439469639
1.5707963267949,0.825,MAGNET,2.05931619791559,0.471027312494397
1.5707963267949,0.825,MVTX,0.0168899514302756,0.00732760779506599
1.5707963267949,0.825,OHCAL,40.8068897962095,4.46652050941403
1.5707963267949,0.825,OTHER,2.65627743799235e-25,4.78460106412844e-25
1.5707963267949,0.825,PIPE,0.00305032541877603,0.0027301246123236
1.5707963267949,0.825,TPC,0.0565164326793429,0.0207042396466542
1.5707963267949,0.83,EMCAL,20.7034893928865,0.948175796096819
1.5707963267949,0.83,IHCAL,1.82540623221428,0.476739577969109
1.5707963267949,0.83,INTT,0.0571197498520412,0.0245989922764635
1.5707963267949,0.83,MAGNET,2.10535569926154,0.481557925816196
1.5707963267949,0.83,MVTX,0.0169475152708454,0.00735258153454737
1.5707963267949,0.83,OHCAL,40.9459659519342,4.48174310134327
1.5707963267949,0.83,OTHER,2.63830017784962e-25,4.75221965065906e-25
1.5707963267949,0.83,PIPE,0.0030607214490321,0.00273942934351648
1.5707963267949,0.83,TPC,0.0567090503392506,0.0207748032332384
1.5707963267949,0.835,EMCAL,18.583134539828,0.84733730900877
1.5707963267949,0.835,IHCAL,1.72007417366299,0.452849588346267
1.5707963267949,0.835,INTT,0.0573151904884516,0.024683160059376
1.5707963267949,0.835,MAGNET,2.15173231600877,0.492165647530393
1.5707963267949,0.835,MVTX,0.0170055028001796,0.00737773908895006
1.5707963267949,0.835,OHCAL,41.0732022561838,4.48934793018639
1.5707963267949,0.835,OTHER,2.62019059917041e-25,4.71959989935592e-25
1.5707963267949,0.835,PIPE,0.00307119399748376,0.0027488025605856
1.5707963267949,0.835,TPC,0.0569030857283627,0.0208458861909846
1.5707963267949,0.84,EMCAL,19.6381020442421,0.883944495504029
1.5707963267949,0.84,IHCAL,1.62876099844517,0.432167622784141
1.5707963267949,0.84,INTT,0.0575120640076093,0.0247679449225756
1.5707963267949,0.84,MAGNET,2.19844965944468,0.502851303646617
1.5707963267949,0.84,MVTX,0.0170639154679695,0.00740308108721424
1.5707963267949,0.84,OHCAL,41.216662392874,4.50619702950699
1.5707963267949,0.84,OTHER,2.60194824921432e-25,4.68674099472354e-25
1.5707963267949,0.84,PIPE,0.00308174332594534,0.00275824449786192
1.5707963267949,0.84,TPC,0.0570985436975741,0.0209174902969703
1.5707963267949,0.845,EMCAL,19.3669666750761,0.876472598849245
1.5707963267949,0.845,IHCAL,1.63522943014896,0.433852730838217
1.5707963267949,0.845,INTT,0.0577103753313626,0.0248533489856883
1.5707963267949,0.845,MAGNET,2.24551135781586,0.513615724053565
1.5707963267949,0.845,MVTX,0.0171227547345349,0.00742860816289117
1.5707963267949,0.845,OHCAL,41.3587837036811,4.52173508429089
1.5707963267949,0.845,OTHER,2.58357267192163e-25,4.65364211528759e-25
1.5707963267949,0.845,PIPE,0.00309236969815058,0.00276775539139435
1.5707963267949,0.845,TPC,0.0572954291333672,0.0209896173413047
1.5707963267949,0.85,EMCAL,18.799287095036,0.845401062149576
1.5707963267949,0.85,IHCAL,1.64088761944832,0.43535400785149
1.5707963267949,0.85,INTT,0.057910129417505,0.02493937438382
1.5707963267949,0.85,MAGNET,2.27136606226187,0.519529469578836
1.5707963267949,0.85,MVTX,0.0171820220708604,0.00745432095415908
1.5707963267949,0.85,OHCAL,41.5019389788542,4.53738618191307
1.5707963267949,0.85,OTHER,2.56506340790199e-25,4.62030243357438e-25
1.5707963267949,0.85,PIPE,0.00310307337975933,0.00277733547895571
1.5707963267949,0.85,TPC,0.057493746957865,0.021062269127165
1.5707963267949,0.855,EMCAL,18.725248860681,0.817222539938331
1.5707963267949,0.855,IHCAL,1.63667957931167,0.430911178231026
1.5707963267949,0.855,INTT,0.0581113312598989,0.0250260232676103
1.5707963267949,0.855,MAGNET,2.2792576529227,0.521334512798539
1.5707963267949,0.855,MVTX,0.0164670182017295,0.00730802745525244
1.5707963267949,0.855,OHCAL,41.6567718267743,4.55954441629506
1.5707963267949,0.855,OTHER,2.54641999442279e-25,4.5867211160901e-25
1.5707963267949,0.855,PIPE,0.00311385463836419,0.0027869850000487
1.5707963267949,0.855,TPC,0.0576935021290235,0.0211354474708496
1.5707963267949,0.86,EMCAL,20.9753013156968,0.925487748183894
1.5707963267949,0.86,IHCAL,1.62998257220267,0.424958836981914
1.5707963267949,0.86,INTT,0.058313985888601,0.0251132978032857
1.5707963267949,0.86,MAGNET,2.28720622514355,0.523152589408216
1.5707963267949,0.86,MVTX,0.0173018468902768,0.00750630625941129
1.5707963267949,0.86,OHCAL,41.8020428985685,4.57544507332691
1.5707963267949,0.86,OTHER,2.52764196539775e-25,4.55289732330009e-25
1.5707963267949,0.86,PIPE,0.00312471374349718,0.00279670419591184
1.5707963267949,0.86,TPC,0.0578946996407479,0.0212091542018226
1.5707963267949,0.865,EMCAL,24.8381480600823,1.08953581565873
1.5707963267949,0.865,IHCAL,1.63569396582876,0.426447681373681
1.5707963267949,0.865,INTT,0.0585180983699875,0.0252012001727142
1.5707963267949,0.865,MAGNET,2.29521197763916,0.524983744859875
1.5707963267949,0.865,MVTX,0.0178552542298827,0.00779514662171182
1.5707963267949,0.865,OHCAL,41.9483590159915,4.59146011592436
1.5707963267949,0.865,OTHER,2.50872885137516e-25,4.51883020960775e-25
1.5707963267949,0.865,PIPE,0.00313565096663653,0.00280649330952555
1.5707963267949,0.865,TPC,0.0580973445229864,0.0212833911627562
1.5707963267949,0.87,EMCAL,25.1691295234012,1.0958685211934
1.5707963267949,0.87,IHCAL,1.64145200215349,0.427948502237419
1.5707963267949,0.87,INTT,0.0587236738068811,0.0252897325734595
1.5707963267949,0.87,MAGNET,2.30327511055376,0.526828024932498
1.5707963267949,0.87,MVTX,0.0198570543375964,0.00885558230279665
1.5707963267949,0.87,OHCAL,42.0957239280496,4.60758995402132
1.5707963267949,0.87,OTHER,2.48968017952618e-25,4.48451892333348e-25
1.5707963267949,0.87,PIPE,0.00314666658121334,0.00281635258561816
1.5707963267949,0.87,TPC,0.0583014418418561,0.0213581602095765
1.5707963267949,0.875,EMCAL,21.1233248408901,0.973529711074516
1.5707963267949,0.875,IHCAL,1.64723599972879,0.429456573700978
1.5707963267949,0.875,INTT,0.0589307173386784,0.0253788972188364
1.5707963267949,0.875,MAGNET,2.31139582546608,0.528685475733184
1.5707963267949,0.875,MVTX,0.0197301012168614,0.00878187132211524
1.5707963267949,0.875,OHCAL,42.3971703728064,4.63988946424853
1.5707963267949,0.875,OTHER,2.47049547363303e-25,4.44996260669332e-25
1.5707963267949,0.875,PIPE,0.00315776086261858,0.00282628227067211
1.5707963267949,0.875,TPC,0.0585069966998084,0.0214334632115144
1.5707963267949,0.88,EMCAL,19.0194552505698,0.864851841773343
1.5707963267949,0.88,IHCAL,1.65305383845795,0.430973702761779
1.5707963267949,0.88,INTT,0.0591392341414784,0.0254686963379656
1.5707963267949,0.88,MAGNET,2.31957432539442,0.530556143698299
1.5707963267949,0.88,MVTX,0.0178631363733865,0.00778111744499185
1.5707963267949,0.88,OHCAL,43.4438384521515,4.75037592612298
1.5707963267949,0.88,OTHER,2.45117425407705e-25,4.41516039577755e-25
1.5707963267949,0.88,PIPE,0.00316893408820985,0.00283628261293002
1.5707963267949,0.88,TPC,0.0587140142357254,0.021509302051149
1.5707963267949,0.885,EMCAL,19.2767632030184,0.877923408766231
1.5707963267949,0.885,IHCAL,1.658921901924,0.432503641496506
1.5707963267949,0.885,INTT,0.0593492294282121,0.0255591321758297
1.5707963267949,0.885,MAGNET,2.32781081480171,0.532440075594639
1.5707963267949,0.885,MVTX,0.0176090051979033,0.00763956511563564
1.5707963267949,0.885,OHCAL,43.5968871279891,4.76711645139826
1.5707963267949,0.885,OTHER,2.43171603782676e-25,4.38011142052911e-25
1.5707963267949,0.885,PIPE,0.00318018653731838,0.00284635386240098
1.5707963267949,0.885,TPC,0.0589224996250639,0.0215856786244558
1.5707963267949,0.89,EMCAL,19.6606311267247,0.889620931550376
1.5707963267949,0.89,IHCAL,1.66483878577661,0.434046073381598
1.5707963267949,0.89,INTT,0.0595607084487727,0.0256502069933294
1.5707963267949,0.89,MAGNET,2.33610549960061,0.534337318520601
1.5707963267949,0.89,MVTX,0.0176717513398192,0.00766678716659955
1.5707963267949,0.89,OHCAL,43.7513414351404,4.78400927604329
1.5707963267949,0.89,OTHER,2.41212033842573e-25,4.34481480472178e-25
1.5707963267949,0.89,PIPE,0.00319151849125597,0.00285649627086675
1.5707963267949,0.89,TPC,0.0591324580799544,0.0216625948408518
1.5707963267949,0.895,EMCAL,19.2448280196785,0.865916378075497
1.5707963267949,0.895,IHCAL,1.69371117922737,0.449368226880083
1.5707963267949,0.895,INTT,0.0597736764901466,0.0257419230673399
1.5707963267949,0.895,MAGNET,2.34445858715867,0.536247919907356
1.5707963267949,0.895,MVTX,0.0177349392764389,0.00769420088764193
1.5707963267949,0.895,OHCAL,43.9077807679756,4.80111520228172
1.5707963267949,0.895,OTHER,2.39238666598046e-25,4.30926966593832e-25
1.5707963267949,0.895,PIPE,0.00320293023332206,0.00286671009188806
1.5707963267949,0.895,TPC,0.0593438948493691,0.0217400526232463
1.5707963267949,0.9,EMCAL,18.7992125707285,0.82347343410423
1.5707963267949,0.9,IHCAL,1.69978924601409,0.450980790147097
1.5707963267949,0.9,INTT,0.0599881388765461,0.0258342826907678
1.5707963267949,0.9,MAGNET,2.35287028630352,0.538171927520038
1.5707963267949,0.9,MVTX,0.0177985705874643,0.00772180696410724
1.5707963267949,0.9,OHCAL,44.065317797617,4.81834115665027
1.5707963267949,0.9,OTHER,2.37251452714811e-25,4.27347511554842e-25
1.5707963267949,0.9,PIPE,0.0032144220488108,0.00287699558081096
1.5707963267949,0.9,TPC,0.0595568152192455,0.0218180539080886
1.5707963267949,0.905,EMCAL,21.9869390756899,0.962226545987135
1.5707963267949,0.905,IHCAL,1.70590478387049,0.452603478875214
1.5707963267949,0.905,INTT,0.0602041009695417,0.0259272881726085
1.5707963267949,0.905,MAGNET,2.44841071465187,0.560024885917121
1.5707963267949,0.905,MVTX,0.0178626468636813,0.00774960608614884
1.5707963267949,0.905,OHCAL,44.2239564624984,4.83568756979869
1.5707963267949,0.905,OTHER,2.35250342512416e-25,4.23743025868643e-25
1.5707963267949,0.905,PIPE,0.00322599422501822,0.00288735299477327
1.5707963267949,0.905,TPC,0.0597712245126202,0.0218966006454167
1.5707963267949,0.91,EMCAL,25.3672044514025,1.1138204123363
1.5707963267949,0.91,IHCAL,1.7120637911199,0.454237670657755
1.5707963267949,0.91,INTT,0.0604215681681972,0.0260209418380039
1.5707963267949,0.91,MAGNET,2.54758802969102,0.582709709263134
1.5707963267949,0.91,MVTX,0.0179271697070004,0.00777759894874622
1.5707963267949,0.91,OHCAL,44.384650766648,4.85325454509308
1.5707963267949,0.91,OTHER,2.33235285963004e-25,4.20113419422909e-25
1.5707963267949,0.91,PIPE,0.00323764705124923,0.00289778259271079
1.5707963267949,0.91,TPC,0.0599871280897129,0.0219756947989005
1.5707963267949,0.915,EMCAL,25.8359500007134,1.12406121590012
1.5707963267949,0.915,IHCAL,1.67839306760252,0.43192345483638
1.5707963267949,0.915,INTT,0.0606405459092039,0.0261152460283005
1.5707963267949,0.915,MAGNET,2.64844847041207,0.605779513879795
1.5707963267949,0.915,MVTX,0.0179921407304957,0.00780578625172239
1.5707963267949,0.915,OHCAL,43.6018671897631,4.77184497168865
1.5707963267949,0.915,OTHER,2.31206232690055e-25,4.16458601477288e-25
1.5707963267949,0.915,PIPE,0.00324938081882516,0.00290828463536406
1.5707963267949,0.915,TPC,0.060204531348124,0.0220553383458979
1.5707963267949,0.92,EMCAL,21.6529924162793,0.996692835004884
1.5707963267949,0.92,IHCAL,1.72451507637894,0.457541240727612
1.5707963267949,0.92,INTT,0.0608610396670167,0.0262102031011079
1.5707963267949,0.92,MAGNET,2.6818120472793,0.613410763496963
1.5707963267949,0.92,MVTX,0.0180575615584464,0.00783416869976141
1.5707963267949,0.92,OHCAL,43.6231320881958,4.77243803255479
1.5707963267949,0.92,OTHER,2.29163131967133e-25,4.12778480661141e-25
1.5707963267949,0.92,PIPE,0.00326119582109081,0.0029188593852847
1.5707963267949,0.92,TPC,0.0604234397229626,0.0221355332775036
1.5707963267949,0.925,EMCAL,19.536642239216,0.885713736863429
1.5707963267949,0.925,IHCAL,1.73081088796958,0.459211438640498
1.5707963267949,0.925,INTT,0.061083054953991,0.0263058154303581
1.5707963267949,0.925,MAGNET,2.69159504268236,0.615648427648545
1.5707963267949,0.925,MVTX,0.0181234338263766,0.00786274700242596
1.5707963267949,0.925,OHCAL,44.106630208274,4.82387698751999
1.5707963267949,0.925,OTHER,2.27105932716611e-25,4.09072964971255e-25
1.5707963267949,0.925,PIPE,0.00327309235342186,0.002929507106842
1.5707963267949,0.925,TPC,0.0606438586869494,0.022216281598595
1.5707963267949,0.93,EMCAL,19.5021162917964,0.890195577798197
1.5707963267949,0.93,IHCAL,1.72592460535615,0.458325539670002
1.5707963267949,0.93,INTT,0.0613065973205206,0.0264020854063641
1.5707963267949,0.93,MAGNET,2.70144532810168,0.617901483042884
1.5707963267949,0.93,MVTX,0.0181897591810964,0.00789152187417509
1.5707963267949,0.93,OHCAL,45.4381048129368,4.96428315275624
1.5707963267949,0.93,OTHER,2.25034583508402e-25,4.05341961769545e-25
1.5707963267949,0.93,PIPE,0.0032850707132322,0.00294022806622954
1.5707963267949,0.93,TPC,0.0608657937505457,0.0222975853278816
1.5707963267949,0.935,EMCAL,20.5678461339935,0.921814345770245
1.5707963267949,0.935,IHCAL,1.71305346677851,0.45239979134201
1.5707963267949,0.935,INTT,0.0615316723551763,0.0264990154358803
1.5707963267949,0.935,MAGNET,2.71136314979489,0.620169986006481
1.5707963267949,0.935,MVTX,0.0182565392807429,0.00792049403438205
1.5707963267949,0.935,OHCAL,46.3716862008595,5.06295076557818
1.5707963267949,0.935,OTHER,2.22949032558669e-25,4.01585377780739e-25
1.5707963267949,0.935,PIPE,0.00329713119998147,0.00295102253147187
1.5707963267949,0.935,TPC,0.0610892504621639,0.0223794464979638
1.5707963267949,0.94,EMCAL,18.6196172117963,0.845014944894915
1.5707963267949,0.94,IHCAL,1.72626392130777,0.450060486966125
1.5707963267949,0.94,INTT,0.0617582856848456,0.0265966079421626
1.5707963267949,0.94,MAGNET,2.69977713749108,0.617519917870508
1.5707963267949,0.94,MVTX,0.0183237757948225,0.00794966420735243
1.5707963267949,0.94,OHCAL,47.2376488630039,5.15692015231634
1.5707963267949,0.94,OTHER,2.21153633320783e-25,3.98351427523413e-25
1.5707963267949,0.94,PIPE,0.00330927411518247,0.00296189077243119
1.5707963267949,0.94,TPC,0.0613142344082337,0.0224618671553748
1.5707963267949,0.945,EMCAL,20.1275083677851,0.869234719869525
1.5707963267949,0.945,IHCAL,1.73264134582441,0.451723168753306
1.5707963267949,0.945,INTT,0.0619864429748736,0.0266948653650287
1.5707963267949,0.945,MAGNET,2.51047405222768,0.574220630665962
1.5707963267949,0.945,MVTX,0.0183914704042513,0.00797903312234204
1.5707963267949,0.945,OHCAL,47.412178892492,5.1759734708136
1.5707963267949,0.945,OTHER,2.21852723301148e-25,3.99610658436622e-25
1.5707963267949,0.945,PIPE,0.00332149976240872,0.00297283306081411
1.5707963267949,0.945,TPC,0.0615407512133489,0.0225448493606338
1.5707963267949,0.95,EMCAL,22.6620473218994,0.997772128098419
1.5707963267949,0.95,IHCAL,1.73906208630444,0.453397143606525
1.5707963267949,0.95,INTT,0.0622161499292045,0.0267937901609193
1.5707963267949,0.95,MAGNET,2.51152497336086,0.574461007815186
1.5707963267949,0.95,MVTX,0.0184596248013981,0.00800860151357528
1.5707963267949,0.95,OHCAL,47.4492390337991,5.18060969540874
1.5707963267949,0.95,OTHER,2.22530652088048e-25,4.00831772898842e-25
1.5707963267949,0.95,PIPE,0.00333380844730201,0.00298384967017836
1.5707963267949,0.95,TPC,0.0617688065404576,0.0226283951883016
1.5707963267949,0.955,EMCAL,25.7851173028208,1.1354616391428
1.5707963267949,0.955,IHCAL,1.74552698841709,0.455082610089659
1.5707963267949,0.955,INTT,0.062447412290524,0.0268933848029594
1.5707963267949,0.955,MAGNET,2.50840096268807,0.573746452977568
1.5707963267949,0.955,MVTX,0.0196891396902141,0.00865684467698634
1.5707963267949,0.955,OHCAL,46.241275422451,5.05463395513368
1.5707963267949,0.955,OTHER,2.23187688078676e-25,4.02015254358635e-25
1.5707963267949,0.955,PIPE,0.0033462004775801,0.00299494087593976
1.5707963267949,0.955,TPC,0.0619984060909312,0.0227125067270264
1.5707963267949,0.96,EMCAL,25.9815221309105,1.13755200273908
1.5707963267949,0.96,IHCAL,1.75203683327767,0.456779752035932
1.5707963267949,0.96,INTT,0.0626802358404032,0.0269936517810203
1.5707963267949,0.96,MAGNET,2.5131788751992,0.574839304717251
1.5707963267949,0.96,MVTX,0.0216070438876753,0.00967178475772935
1.5707963267949,0.96,OHCAL,45.8698015824231,5.01642050959443
1.5707963267949,0.96,OTHER,2.23824093703871e-25,4.03161575517703e-25
1.5707963267949,0.96,PIPE,0.00335867616304442,0.00300610695537905
1.5707963267949,0.96,TPC,0.062229555604794,0.0227971860796029
1.5707963267949,0.965,EMCAL,21.2289398689759,0.992046786446601
1.5707963267949,0.965,IHCAL,1.75858461279481,0.458486971688529
1.5707963267949,0.965,INTT,0.0629146263994432,0.0270945936017817
1.5707963267949,0.965,MAGNET,2.51802979160023,0.575948854633784
1.5707963267949,0.965,MVTX,0.020230033158098,0.00893129698907487
1.5707963267949,0.965,OHCAL,45.0999356432944,4.93641634444342
1.5707963267949,0.965,OTHER,2.24440125578757e-25,4.04271198602235e-25
1.5707963267949,0.965,PIPE,0.00337123581558776,0.00301734818764881
1.5707963267949,0.965,TPC,0.0624622608607881,0.0228824353630188
1.5707963267949,0.97,EMCAL,19.9292174436558,0.906447442699936
1.5707963267949,0.97,IHCAL,1.76681529585553,0.461186393555424
1.5707963267949,0.97,INTT,0.0631505898274197,0.0271962127887942
1.5707963267949,0.97,MAGNET,2.52295344296619,0.577075041215968
1.5707963267949,0.97,MVTX,0.0187368745177521,0.00812888470036372
1.5707963267949,0.97,OHCAL,45.2690893798165,4.95493105521226
1.5707963267949,0.97,OTHER,2.25036034648725e-25,4.05344575625852e-25
1.5707963267949,0.97,PIPE,0.00338387974920207,0.00302866485378041
1.5707963267949,0.97,TPC,0.0626965276765569,0.0229682567085106
1.5707963267949,0.975,EMCAL,19.9935407056166,0.910113759747013
1.5707963267949,0.975,IHCAL,1.79612676224975,0.476540746344427
1.5707963267949,0.975,INTT,0.0633881320234311,0.027298511882543
1.5707963267949,0.975,MAGNET,2.36907875873372,0.541879290777882
1.5707963267949,0.975,MVTX,0.0192138118194368,0.008376004220702
1.5707963267949,0.975,OHCAL,45.4393813355594,4.97357032035075
1.5707963267949,0.975,OTHER,2.25612066330927e-25,4.06382148644474e-25
1.5707963267949,0.975,PIPE,0.00339660827998635,0.00304005723669108
1.5707963267949,0.975,TPC,0.0629323619087831,0.0230546522616163
1.5707963267949,0.98,EMCAL,19.4591162547065,0.894464499562516
1.5707963267949,0.98,IHCAL,1.80290405175581,0.478338811825863
1.5707963267949,0.98,INTT,0.0636272589260446,0.0274014934405106
1.5707963267949,0.98,MAGNET,2.1929406026456,0.50159121730287
1.5707963267949,0.98,MVTX,0.021747585092262,0.00971886654581794
1.5707963267949,0.98,OHCAL,45.6108094291751,4.99233394084506
1.5707963267949,0.98,OTHER,2.26168460651429e-25,4.07384350003365e-25
1.5707963267949,0.98,PIPE,0.00340942172615455,0.00305152562119104
1.5707963267949,0.98,TPC,0.0631697694533262,0.0231416241822284
1.5707963267949,0.985,EMCAL,20.5043246084171,0.886849876176173
1.5707963267949,0.985,IHCAL,1.80972487083219,0.480148482843618
1.5707963267949,0.985,INTT,0.0638679765134452,0.0275051600372414
1.5707963267949,0.985,MAGNET,2.017216083709,0.461397755037165
1.5707963267949,0.985,MVTX,0.0203198604005663,0.00895117498973223
1.5707963267949,0.985,OHCAL,45.7758214394404,5.00668161375242
1.5707963267949,0.985,OTHER,2.26705452378199e-25,4.08351602576679e-25
1.5707963267949,0.985,PIPE,0.00342232040804347,0.00306307029399044
1.5707963267949,0.985,TPC,0.0634087562454128,0.0232291746446522
1.5707963267949,0.99,EMCAL,19.0826314907261,0.849083130458969
1.5707963267949,0.99,IHCAL,1.81658629727275,0.481969097240238
1.5707963267949,0.99,INTT,0.064110290803585,0.0276095142644056
1.5707963267949,0.99,MAGNET,1.84188597278151,0.421294505699783
1.5707963267949,0.99,MVTX,0.0190216192337415,0.00825241954941886
1.5707963267949,0.99,OHCAL,45.945178262617,5.0230764483367
1.5707963267949,0.99,OTHER,2.27223271150054e-25,4.09284319999719e-25
1.5707963267949,0.99,PIPE,0.00343530464812084,0.00307469154370673
1.5707963267949,0.99,TPC,0.0636493282596995,0.0233173058376511
1.5707963267949,0.995,EMCAL,23.8781596590193,1.05546867741944
1.5707963267949,0.995,IHCAL,1.81076397108065,0.476150832600983
1.5707963267949,0.995,INTT,0.064354207854334,0.0277145587308645
1.5707963267949,0.995,MAGNET,1.66693136105819,0.381277144280516
1.5707963267949,0.995,MVTX,0.024795331514224,0.0087424688804091
1.5707963267949,0.995,OHCAL,46.1199980001259,5.04218900791622
1.5707963267949,0.995,OTHER,2.27722141601717e-25,4.10182906894202e-25
1.5707963267949,0.995,PIPE,0.00344837477099333,0.00308638966087175
1.5707963267949,0.995,TPC,0.0638914915105078,0.0234060199645104
1.5707963267949,1,EMCAL,27.2888557685837,1.18683138973735
1.5707963267949,1,IHCAL,1.81799046911227,0.478159538914321
1.5707963267949,1,INTT,0.0645997337636312,0.0278202960627352
1.5707963267949,1,MAGNET,1.4930706032368,0.341509980020973
1.5707963267949,1,MVTX,0.0338501171428081,0.00949663708110027
1.5707963267949,1,OHCAL,46.2959745662388,5.06142802390053
1.5707963267949,1,OTHER,2.28202283485132e-25,4.1104775908677e-25
1.5707963267949,1,PIPE,0.0034615311034147,0.00309816493793904
1.5707963267949,1,TPC,0.064135252051923,0.0234953192430868
1.5707963267949,1.005,EMCAL,26.8262882149877,1.17402750572143
1.5707963267949,1.005,IHCAL,1.83745800891248,0.487506679369374
1.5707963267949,1.005,INTT,0.064846874669637,0.0279267289034563
1.5707963267949,1.005,MAGNET,1.31880949481475,0.301651243584376
1.5707963267949,1.005,MVTX,0.0192401647692263,0.00834723426667879
1.5707963267949,1.005,OHCAL,45.4838776661011,4.97395941960032
1.5707963267949,1.005,OTHER,2.30616913526178e-25,4.15397094475695e-25
1.5707963267949,1.005,PIPE,0.00347477397429396,0.00311001766929116
1.5707963267949,1.005,TPC,0.064380615977997,0.02358520590587
1.5707963267949,1.01,EMCAL,21.6690996076705,0.992875822594592
1.5707963267949,1.01,IHCAL,1.84450659621705,0.48937678731174
1.5707963267949,1.01,INTT,0.065095636750887,0.0280338599138546
1.5707963267949,1.01,MAGNET,1.14486902441708,0.261865846670411
1.5707963267949,1.01,MVTX,0.0193139728510494,0.00837925547632751
1.5707963267949,1.01,OHCAL,45.5939890372127,4.95435739268836
1.5707963267949,1.01,OTHER,2.35466705297535e-25,4.24132747814518e-25
1.5707963267949,1.01,PIPE,0.0034881037147035,0.00312194815124695
1.5707963267949,1.01,TPC,0.064627589422815,0.0236756822000283
1.5707963267949,1.015,EMCAL,20.158210660456,0.919861261549776
1.5707963267949,1.015,IHCAL,1.85160129432401,0.491259129251293
1.5707963267949,1.015,INTT,0.0653460262264462,0.0281416917722108
1.5707963267949,1.015,MAGNET,0.971231482507357,0.222149738577514
1.5707963267949,1.015,MVTX,0.0193882637831996,0.00841148616779955
1.5707963267949,1.015,OHCAL,45.7053389431605,4.93493850815082
1.5707963267949,1.015,OTHER,2.40291817428413e-25,4.32823947124402e-25
1.5707963267949,1.015,PIPE,0.00350152065788764,0.00313395668206916
1.5707963267949,1.015,TPC,0.064876178560726,0.0237667503874737
1.5707963267949,1.02,EMCAL,20.2986964160791,0.924469210530989
1.5707963267949,1.02,IHCAL,1.83426409049316,0.478444557326373
1.5707963267949,1.02,INTT,0.0655980493560645,0.0282502271743271
1.5707963267949,1.02,MAGNET,1.02554855446227,0.234573680297287
1.5707963267949,1.02,MVTX,0.0194630394229542,0.00844392714686387
1.5707963267949,1.02,OHCAL,45.8701642775757,4.94709155771588
1.5707963267949,1.02,OTHER,2.45092882918944e-25,4.41471832592384e-25
1.5707963267949,1.02,PIPE,0.00351502513927059,0.00314604356197165
1.5707963267949,1.02,TPC,0.0651263896064973,0.0238584127449186
1.5707963267949,1.025,EMCAL,19.831276348193,0.912404642648309
1.5707963267949,1.025,IHCAL,1.84068681174178,0.479891973647529
1.5707963267949,1.025,INTT,0.0658517124403333,0.0283594688335941
1.5707963267949,1.025,MAGNET,1.13753378329415,0.260188057258505
1.5707963267949,1.025,MVTX,0.0195383016397082,0.00847657922454668
1.5707963267949,1.025,OHCAL,45.0327017421879,4.85975353341847
1.5707963267949,1.025,OTHER,2.49870523743042e-25,4.50077524544608e-25
1.5707963267949,1.025,PIPE,0.00352861749646505,0.00315820909312701
1.5707963267949,1.025,TPC,0.0653782288153833,0.0239506715639227
1.5707963267949,1.03,EMCAL,20.5514648581126,0.870524080141624
1.5707963267949,1.03,IHCAL,1.8478230173227,0.481752485498812
1.5707963267949,1.03,INTT,0.0661070218208429,0.0284694194810589
1.5707963267949,1.03,MAGNET,1.25186245367077,0.286338449511557
1.5707963267949,1.03,MVTX,0.0196140523150208,0.00850944321715158
1.5707963267949,1.03,OHCAL,43.7479649292151,4.72549477662058
1.5707963267949,1.03,OTHER,2.54625351122972e-25,4.58642123940879e-25
1.5707963267949,1.03,PIPE,0.00354229806928075,0.00317045357967422
1.5707963267949,1.03,TPC,0.0656317024834124,0.0240435291509654
1.5707963267949,1.035,EMCAL,20.1494322380703,0.892035882268406
1.5707963267949,1.035,IHCAL,1.85500531639268,0.483625017815099
1.5707963267949,1.035,INTT,0.066363983880341,0.0285800818654936
1.5707963267949,1.035,MAGNET,1.36519898437149,0.312261909695784
1.5707963267949,1.035,MVTX,0.0216281031507996,0.00957489749334499
1.5707963267949,1.035,OHCAL,42.4661831045901,4.59154942742758
1.5707963267949,1.035,OTHER,2.5935796579604e-25,4.6716671285505e-25
1.5707963267949,1.035,PIPE,0.00355606719973269,0.00318277732772606
1.5707963267949,1.035,TPC,0.0658868169474131,0.0241369878274882
1.5707963267949,1.04,EMCAL,26.7374599013908,1.16768068897042
1.5707963267949,1.04,IHCAL,1.86223398715847,0.485509639973753
1.5707963267949,1.04,INTT,0.0666226050428925,0.0286914587534634
1.5707963267949,1.04,MAGNET,1.3663313850863,0.312520923666492
1.5707963267949,1.04,MVTX,0.0219809600434443,0.009755293972766
1.5707963267949,1.04,OHCAL,41.1872237873651,4.45790360029464
1.5707963267949,1.04,OTHER,2.64068958273651e-25,4.75652354941637e-25
1.5707963267949,1.04,PIPE,0.00356992523204979,0.00319518064537683
1.5707963267949,1.04,TPC,0.0661435785852691,0.0242310499299637
1.5707963267949,1.045,EMCAL,27.3703015000553,1.19528670788955
1.5707963267949,1.045,IHCAL,1.86950921030056,0.487406399082042
1.5707963267949,1.045,INTT,0.0668828917740401,0.0288035529293965
1.5707963267949,1.045,MAGNET,1.35266806156943,0.309395712218922
1.5707963267949,1.045,MVTX,0.0198442540913602,0.00860931492712696
1.5707963267949,1.045,OHCAL,39.9109565736977,4.32454362767389
1.5707963267949,1.045,OTHER,2.68758909093009e-25,4.84100095889197e-25
1.5707963267949,1.045,PIPE,0.00358387251268364,0.00320766384271016
1.5707963267949,1.045,TPC,0.0664019938160347,0.0243257178099496
1.5707963267949,1.05,EMCAL,27.033591676007,1.18579362788233
1.5707963267949,1.05,IHCAL,1.878375010606,0.490243053573647
1.5707963267949,1.05,INTT,0.0671448505809656,0.0289163671956529
1.5707963267949,1.05,MAGNET,1.20659871103231,0.275985275448237
1.5707963267949,1.05,MVTX,0.0199219776614424,0.00864303484872327
1.5707963267949,1.05,OHCAL,38.6372530846558,4.19145605453897
1.5707963267949,1.05,OTHER,2.73428389061687e-25,4.92510963860862e-25
1.5707963267949,1.05,PIPE,0.00359790939031694,0.0032202272318066
1.5707963267949,1.05,TPC,0.0666620691000785,0.0244209938341453
1.5707963267949,1.055,EMCAL,20.3106026882158,0.924528179436282
1.5707963267949,1.055,IHCAL,1.91003972242896,0.506763846334017
1.5707963267949,1.055,INTT,0.0674084880126527,0.0290299043725953
1.5707963267949,1.055,MAGNET,1.20766916784025,0.276230120991577
1.5707963267949,1.055,MVTX,0.0200001992820037,0.00867697084664097
1.5707963267949,1.055,OHCAL,37.3659865375773,4.05862759341615
1.5707963267949,1.055,OTHER,2.78077959495312e-25,5.00885969922457e-25
1.5707963267949,1.055,PIPE,0.00361203621587245,0.00323287112675161
1.5707963267949,1.055,TPC,0.0669238109393731,0.0245168803844635
1.5707963267949,1.06,EMCAL,21.2714873410212,0.959198248176157
1.5707963267949,1.06,IHCAL,1.91755740450952,0.508758418192002
1.5707963267949,1.06,INTT,0.067673810660051,0.0291441672986591
1.5707963267949,1.06,MAGNET,1.20877336944915,0.276482684981905
1.5707963267949,1.06,MVTX,0.0200789209085887,0.00871112376928176
1.5707963267949,1.06,OHCAL,36.0811113723138,3.92437489765211
1.5707963267949,1.06,OTHER,2.82708172448596e-25,5.09226108458651e-25
1.5707963267949,1.06,PIPE,0.00362625334252145,0.00324559584364314
1.5707963267949,1.06,TPC,0.0671872258774011,0.0246133798580658
1.5707963267949,1.065,EMCAL,19.9762393444739,0.921762906328369
1.5707963267949,1.065,IHCAL,1.92512302190449,0.510765708185934
1.5707963267949,1.065,INTT,0.0679408251562404,0.0292591588304231
1.5707963267949,1.065,MAGNET,1.20991110926026,0.276742920163897
1.5707963267949,1.065,MVTX,0.0214925934374805,0.00945642859075062
1.5707963267949,1.065,OHCAL,34.6759406192614,3.77750531471374
1.5707963267949,1.065,OTHER,2.87319570939918e-25,5.17532357577483e-25
1.5707963267949,1.065,PIPE,0.00364056112569286,0.00325840170059978
1.5707963267949,1.065,TPC,0.0674523204995663,0.0247104946674456
1.5707963267949,1.07,EMCAL,21.1361100315027,0.954769784104111
1.5707963267949,1.07,IHCAL,1.91221858279372,0.508092643778542
1.5707963267949,1.07,INTT,0.0682095381765975,0.029374881842682
1.5707963267949,1.07,MAGNET,1.21108218608902,0.277010780520619
1.5707963267949,1.07,MVTX,0.0231295443772595,0.0103206362189887
1.5707963267949,1.07,OHCAL,33.5655741055305,3.66156751103948
1.5707963267949,1.07,OTHER,2.91912689169683e-25,5.2580567950368e-25
1.5707963267949,1.07,PIPE,0.00365495992308208,0.0032712890177687
1.5707963267949,1.07,TPC,0.0677191014332753,0.0248082272404811
1.5707963267949,1.075,EMCAL,20.4208761420234,0.883214269469716
1.5707963267949,1.075,IHCAL,1.9201772105782,0.510193355614636
1.5707963267949,1.075,INTT,0.0684799564389613,0.0294913392285167
1.5707963267949,1.075,MAGNET,1.15223962333191,0.263551723468663
1.5707963267949,1.075,MVTX,0.0225626191064754,0.0100106680938848
1.5707963267949,1.075,OHCAL,32.302831012935,3.529647189988
1.5707963267949,1.075,OTHER,2.96488052732659e-25,5.3404702096112e-25
1.5707963267949,1.075,PIPE,0.00366945009465971,0.00328425811733341
1.5707963267949,1.075,TPC,0.0679875753480382,0.0249065800204886
1.5707963267949,1.08,EMCAL,23.2648344701901,1.01924239288856
1.5707963267949,1.08,IHCAL,1.94810904353056,0.516864312664904
1.5707963267949,1.08,INTT,0.068752086703803,0.0296085338993682
1.5707963267949,1.08,MAGNET,0.98451676753875,0.225188481297255
1.5707963267949,1.08,MVTX,0.0210947237126312,0.00922065353636836
1.5707963267949,1.08,OHCAL,31.0419210908015,3.39792270709587
1.5707963267949,1.08,OTHER,3.01046178824463e-25,5.42257313544774e-25
1.5707963267949,1.08,PIPE,0.00368403200268082,0.00329730932352211
1.5707963267949,1.08,TPC,0.0682577489557257,0.0250055554662939
1.5707963267949,1.085,EMCAL,27.2041268475938,1.20467346455792
1.5707963267949,1.085,IHCAL,1.95586809127838,0.518922931192175
1.5707963267949,1.085,INTT,0.069025935774393,0.0297264687851093
1.5707963267949,1.085,MAGNET,0.816935308227283,0.186857580737512
1.5707963267949,1.085,MVTX,0.0204800984537069,0.00888517232821034
1.5707963267949,1.085,OHCAL,29.7827288496191,3.26638196019077
1.5707963267949,1.085,OTHER,3.06439926000965e-25,5.51972762733634e-25
1.5707963267949,1.085,PIPE,0.00369870601169388,0.00331044296261563
1.5707963267949,1.085,TPC,0.0685296290106922,0.0251051560522883
1.5707963267949,1.09,EMCAL,28.7130514751748,1.24847151816641
1.5707963267949,1.09,IHCAL,1.96367602936992,0.520994521342058
1.5707963267949,1.09,INTT,0.0693015104969725,0.0298451468341183
1.5707963267949,1.09,MAGNET,0.649480834803032,0.14855572565473
1.5707963267949,1.09,MVTX,0.0205618618863422,0.00892064492082278
1.5707963267949,1.09,OHCAL,28.5305654876188,3.12953931811588
1.5707963267949,1.09,OTHER,3.1405141845907e-25,5.65682910022383e-25
1.5707963267949,1.09,PIPE,0.00371347248854987,0.00332365936295564
1.5707963267949,1.09,TPC,0.0639561833226665,0.0238264691746685
1.5707963267949,1.095,EMCAL,24.9102336574277,1.13390168386937
1.5707963267949,1.095,IHCAL,1.95643100537795,0.514004159967348
1.5707963267949,1.095,INTT,0.0695788177609237,0.0299645710133525
1.5707963267949,1.095,MAGNET,0.482139135243393,0.110279665333539
1.5707963267949,1.095,MVTX,0.0206441393665956,0.00895634053002286
1.5707963267949,1.095,OHCAL,28.3687078844404,2.97619735575021
1.5707963267949,1.095,OTHER,3.21604211252088e-25,5.79287324951995e-25
1.5707963267949,1.095,PIPE,0.00372833180241142,0.00333695885495277
1.5707963267949,1.095,TPC,0.0716301266488029,0.0254458089179292
1.5707963267949,1.1,EMCAL,20.8272094492664,0.912347777820178
1.5707963267949,1.1,IHCAL,1.78985638664179,0.41125447618643
1.5707963267949,1.1,INTT,0.0698578644989432,0.0300847443084228
1.5707963267949,1.1,MAGNET,0.314896191187615,0.0720261933548409
1.5707963267949,1.1,MVTX,0.0207269329514085,0.00899226004820267
1.5707963267949,1.1,OHCAL,28.4824820159837,2.98813354511883
1.5707963267949,1.1,OTHER,3.29685049355302e-25,5.93842877784952e-25
1.5707963267949,1.1,PIPE,0.00374328432476234,0.00335034177109519
1.5707963267949,1.1,TPC,0.152407589800078,0.0420396593443058
